2025-10-23 22:11:20,770 DEBUG    root            Loaded Command Group: ['gcloud', 'builds']
2025-10-23 22:11:20,792 DEBUG    root            Loaded Command Group: ['gcloud', 'builds', 'submit']
2025-10-23 22:11:20,799 DEBUG    root            Running [gcloud.builds.submit] with arguments: [--config: "deploy/gcp/cloudbuild.yaml", --substitutions: "OrderedDict({'_DEPLOY': 'false'})"]
2025-10-23 22:11:20,818 DEBUG    urllib3.connectionpool Starting new HTTPS connection (1): storage.googleapis.com:443
2025-10-23 22:11:21,015 DEBUG    urllib3.connectionpool https://storage.googleapis.com:443 "GET /storage/v1/b/energiverktoy-poc-1234_cloudbuild?alt=json HTTP/1.1" 200 831
2025-10-23 22:11:21,361 DEBUG    urllib3.connectionpool https://storage.googleapis.com:443 "GET /storage/v1/b?alt=json&maxResults=1000&prefix=energiverktoy-poc-1234_cloudbuild&project=energiverktoy-poc-1234 HTTP/1.1" 200 997
2025-10-23 22:11:21,364 INFO     root            Using default gcloudignore file:
--------------------------------------------------
# This file specifies files that are *not* uploaded to Google Cloud
# using gcloud. It follows the same syntax as .gitignore, with the addition of
# "#!include" directives (which insert the entries of the given .gitignore-style
# file at that point).
#
# For more information, run:
#   $ gcloud topic gcloudignore
#
.gcloudignore
# If you would like to upload your .git directory, .gitignore file or files
# from your .gitignore file, remove the corresponding line
# below:
.git
.gitignore
#!include:.gitignore

--------------------------------------------------
2025-10-23 22:11:21,368 DEBUG    root            Skipping file [.DS_Store]
2025-10-23 22:11:21,368 DEBUG    root            Skipping file [.gitignore]
2025-10-23 22:11:21,369 DEBUG    root            Skipping file [.env]
2025-10-23 22:11:21,370 DEBUG    root            Skipping file [soap-dumps]
2025-10-23 22:11:21,370 DEBUG    root            Skipping file [dist]
2025-10-23 22:11:21,370 DEBUG    root            Skipping file [node_modules]
2025-10-23 22:11:21,371 DEBUG    root            Skipping file [workspace-archive]
2025-10-23 22:11:21,371 DEBUG    root            Skipping file [.git]
2025-10-23 22:11:21,396 DEBUG    root            Skipping file [.gcloud/virtenv/lib/python3.12/site-packages/__pycache__]
2025-10-23 22:11:21,401 DEBUG    root            Skipping file [.gcloud/virtenv/lib/python3.12/site-packages/google_crc32c/__pycache__]
2025-10-23 22:11:21,410 DEBUG    root            Skipping file [.gcloud/virtenv/lib/python3.12/site-packages/pycparser/__pycache__]
2025-10-23 22:11:21,413 DEBUG    root            Skipping file [.gcloud/virtenv/lib/python3.12/site-packages/pycparser/ply/__pycache__]
2025-10-23 22:11:21,418 DEBUG    root            Skipping file [.gcloud/virtenv/lib/python3.12/site-packages/grpc/__pycache__]
2025-10-23 22:11:21,420 DEBUG    root            Skipping file [.gcloud/virtenv/lib/python3.12/site-packages/grpc/beta/__pycache__]
2025-10-23 22:11:21,422 DEBUG    root            Skipping file [.gcloud/virtenv/lib/python3.12/site-packages/grpc/experimental/__pycache__]
2025-10-23 22:11:21,422 DEBUG    root            Skipping file [.gcloud/virtenv/lib/python3.12/site-packages/grpc/experimental/aio/__pycache__]
2025-10-23 22:11:21,423 DEBUG    root            Skipping file [.gcloud/virtenv/lib/python3.12/site-packages/grpc/framework/__pycache__]
2025-10-23 22:11:21,427 DEBUG    root            Skipping file [.gcloud/virtenv/lib/python3.12/site-packages/grpc/framework/foundation/__pycache__]
2025-10-23 22:11:21,429 DEBUG    root            Skipping file [.gcloud/virtenv/lib/python3.12/site-packages/grpc/framework/common/__pycache__]
2025-10-23 22:11:21,430 DEBUG    root            Skipping file [.gcloud/virtenv/lib/python3.12/site-packages/grpc/framework/interfaces/__pycache__]
2025-10-23 22:11:21,432 DEBUG    root            Skipping file [.gcloud/virtenv/lib/python3.12/site-packages/grpc/framework/interfaces/face/__pycache__]
2025-10-23 22:11:21,434 DEBUG    root            Skipping file [.gcloud/virtenv/lib/python3.12/site-packages/grpc/framework/interfaces/base/__pycache__]
2025-10-23 22:11:21,438 DEBUG    root            Skipping file [.gcloud/virtenv/lib/python3.12/site-packages/grpc/aio/__pycache__]
2025-10-23 22:11:21,438 DEBUG    root            Skipping file [.gcloud/virtenv/lib/python3.12/site-packages/grpc/_cython/__pycache__]
2025-10-23 22:11:21,440 DEBUG    root            Skipping file [.gcloud/virtenv/lib/python3.12/site-packages/grpc/_cython/_cygrpc/__pycache__]
2025-10-23 22:11:21,442 DEBUG    root            Skipping file [.gcloud/virtenv/lib/python3.12/site-packages/cryptography/__pycache__]
2025-10-23 22:11:21,444 DEBUG    root            Skipping file [.gcloud/virtenv/lib/python3.12/site-packages/cryptography/hazmat/__pycache__]
2025-10-23 22:11:21,445 DEBUG    root            Skipping file [.gcloud/virtenv/lib/python3.12/site-packages/cryptography/hazmat/backends/__pycache__]
2025-10-23 22:11:21,447 DEBUG    root            Skipping file [.gcloud/virtenv/lib/python3.12/site-packages/cryptography/hazmat/backends/openssl/__pycache__]
2025-10-23 22:11:21,453 DEBUG    root            Skipping file [.gcloud/virtenv/lib/python3.12/site-packages/cryptography/hazmat/primitives/__pycache__]
2025-10-23 22:11:21,456 DEBUG    root            Skipping file [.gcloud/virtenv/lib/python3.12/site-packages/cryptography/hazmat/primitives/kdf/__pycache__]
2025-10-23 22:11:21,458 DEBUG    root            Skipping file [.gcloud/virtenv/lib/python3.12/site-packages/cryptography/hazmat/primitives/twofactor/__pycache__]
2025-10-23 22:11:21,460 DEBUG    root            Skipping file [.gcloud/virtenv/lib/python3.12/site-packages/cryptography/hazmat/primitives/serialization/__pycache__]
2025-10-23 22:11:21,462 DEBUG    root            Skipping file [.gcloud/virtenv/lib/python3.12/site-packages/cryptography/hazmat/primitives/ciphers/__pycache__]
2025-10-23 22:11:21,467 DEBUG    root            Skipping file [.gcloud/virtenv/lib/python3.12/site-packages/cryptography/hazmat/primitives/asymmetric/__pycache__]
2025-10-23 22:11:21,469 DEBUG    root            Skipping file [.gcloud/virtenv/lib/python3.12/site-packages/cryptography/hazmat/bindings/__pycache__]
2025-10-23 22:11:21,480 DEBUG    root            Skipping file [.gcloud/virtenv/lib/python3.12/site-packages/cryptography/hazmat/bindings/openssl/__pycache__]
2025-10-23 22:11:21,483 DEBUG    root            Skipping file [.gcloud/virtenv/lib/python3.12/site-packages/cryptography/x509/__pycache__]
2025-10-23 22:11:21,488 DEBUG    root            Skipping file [.gcloud/virtenv/lib/python3.12/site-packages/cffi/__pycache__]
2025-10-23 22:11:21,497 DEBUG    root            Skipping file [.gcloud/virtenv/lib/python3.12/site-packages/crcmod/__pycache__]
2025-10-23 22:11:21,499 DEBUG    root            Skipping file [.gcloud/virtenv/lib/python3.12/site-packages/pip/__pycache__]
2025-10-23 22:11:21,503 DEBUG    root            Skipping file [.gcloud/virtenv/lib/python3.12/site-packages/pip/_internal/__pycache__]
2025-10-23 22:11:21,509 DEBUG    root            Skipping file [.gcloud/virtenv/lib/python3.12/site-packages/pip/_internal/network/__pycache__]
2025-10-23 22:11:21,518 DEBUG    root            Skipping file [.gcloud/virtenv/lib/python3.12/site-packages/pip/_internal/utils/__pycache__]
2025-10-23 22:11:21,523 DEBUG    root            Skipping file [.gcloud/virtenv/lib/python3.12/site-packages/pip/_internal/models/__pycache__]
2025-10-23 22:11:21,527 DEBUG    root            Skipping file [.gcloud/virtenv/lib/python3.12/site-packages/pip/_internal/cli/__pycache__]
2025-10-23 22:11:21,529 DEBUG    root            Skipping file [.gcloud/virtenv/lib/python3.12/site-packages/pip/_internal/operations/__pycache__]
2025-10-23 22:11:21,531 DEBUG    root            Skipping file [.gcloud/virtenv/lib/python3.12/site-packages/pip/_internal/operations/install/__pycache__]
2025-10-23 22:11:21,535 DEBUG    root            Skipping file [.gcloud/virtenv/lib/python3.12/site-packages/pip/_internal/operations/build/__pycache__]
2025-10-23 22:11:21,537 DEBUG    root            Skipping file [.gcloud/virtenv/lib/python3.12/site-packages/pip/_internal/req/__pycache__]
2025-10-23 22:11:21,538 DEBUG    root            Skipping file [.gcloud/virtenv/lib/python3.12/site-packages/pip/_internal/resolution/__pycache__]
2025-10-23 22:11:21,540 DEBUG    root            Skipping file [.gcloud/virtenv/lib/python3.12/site-packages/pip/_internal/resolution/legacy/__pycache__]
2025-10-23 22:11:21,543 DEBUG    root            Skipping file [.gcloud/virtenv/lib/python3.12/site-packages/pip/_internal/resolution/resolvelib/__pycache__]
2025-10-23 22:11:21,546 DEBUG    root            Skipping file [.gcloud/virtenv/lib/python3.12/site-packages/pip/_internal/vcs/__pycache__]
2025-10-23 22:11:21,548 DEBUG    root            Skipping file [.gcloud/virtenv/lib/python3.12/site-packages/pip/_internal/locations/__pycache__]
2025-10-23 22:11:21,549 DEBUG    root            Skipping file [.gcloud/virtenv/lib/python3.12/site-packages/pip/_internal/index/__pycache__]
2025-10-23 22:11:21,556 DEBUG    root            Skipping file [.gcloud/virtenv/lib/python3.12/site-packages/pip/_internal/commands/__pycache__]
2025-10-23 22:11:21,558 DEBUG    root            Skipping file [.gcloud/virtenv/lib/python3.12/site-packages/pip/_internal/metadata/__pycache__]
2025-10-23 22:11:21,560 DEBUG    root            Skipping file [.gcloud/virtenv/lib/python3.12/site-packages/pip/_internal/metadata/importlib/__pycache__]
2025-10-23 22:11:21,562 DEBUG    root            Skipping file [.gcloud/virtenv/lib/python3.12/site-packages/pip/_internal/distributions/__pycache__]
2025-10-23 22:11:21,566 DEBUG    root            Skipping file [.gcloud/virtenv/lib/python3.12/site-packages/pip/_vendor/__pycache__]
2025-10-23 22:11:21,573 DEBUG    root            Skipping file [.gcloud/virtenv/lib/python3.12/site-packages/pip/_vendor/packaging/__pycache__]
2025-10-23 22:11:21,576 DEBUG    root            Skipping file [.gcloud/virtenv/lib/python3.12/site-packages/pip/_vendor/truststore/__pycache__]
2025-10-23 22:11:21,578 DEBUG    root            Skipping file [.gcloud/virtenv/lib/python3.12/site-packages/pip/_vendor/msgpack/__pycache__]
2025-10-23 22:11:21,585 DEBUG    root            Skipping file [.gcloud/virtenv/lib/python3.12/site-packages/pip/_vendor/pygments/__pycache__]
2025-10-23 22:11:21,586 DEBUG    root            Skipping file [.gcloud/virtenv/lib/python3.12/site-packages/pip/_vendor/pygments/filters/__pycache__]
2025-10-23 22:11:21,587 DEBUG    root            Skipping file [.gcloud/virtenv/lib/python3.12/site-packages/pip/_vendor/pygments/lexers/__pycache__]
2025-10-23 22:11:21,593 DEBUG    root            Skipping file [.gcloud/virtenv/lib/python3.12/site-packages/pip/_vendor/pygments/formatters/__pycache__]
2025-10-23 22:11:21,594 DEBUG    root            Skipping file [.gcloud/virtenv/lib/python3.12/site-packages/pip/_vendor/pygments/styles/__pycache__]
2025-10-23 22:11:21,601 DEBUG    root            Skipping file [.gcloud/virtenv/lib/python3.12/site-packages/pip/_vendor/distlib/__pycache__]
2025-10-23 22:11:21,602 DEBUG    root            Skipping file [.gcloud/virtenv/lib/python3.12/site-packages/pip/_vendor/distro/__pycache__]
2025-10-23 22:11:21,606 DEBUG    root            Skipping file [.gcloud/virtenv/lib/python3.12/site-packages/pip/_vendor/cachecontrol/__pycache__]
2025-10-23 22:11:21,608 DEBUG    root            Skipping file [.gcloud/virtenv/lib/python3.12/site-packages/pip/_vendor/cachecontrol/caches/__pycache__]
2025-10-23 22:11:21,611 DEBUG    root            Skipping file [.gcloud/virtenv/lib/python3.12/site-packages/pip/_vendor/idna/__pycache__]
2025-10-23 22:11:21,618 DEBUG    root            Skipping file [.gcloud/virtenv/lib/python3.12/site-packages/pip/_vendor/requests/__pycache__]
2025-10-23 22:11:21,620 DEBUG    root            Skipping file [.gcloud/virtenv/lib/python3.12/site-packages/pip/_vendor/tomli/__pycache__]
2025-10-23 22:11:21,622 DEBUG    root            Skipping file [.gcloud/virtenv/lib/python3.12/site-packages/pip/_vendor/certifi/__pycache__]
2025-10-23 22:11:21,623 DEBUG    root            Skipping file [.gcloud/virtenv/lib/python3.12/site-packages/pip/_vendor/pyproject_hooks/__pycache__]
2025-10-23 22:11:21,625 DEBUG    root            Skipping file [.gcloud/virtenv/lib/python3.12/site-packages/pip/_vendor/pyproject_hooks/_in_process/__pycache__]
2025-10-23 22:11:21,650 DEBUG    root            Skipping file [.gcloud/virtenv/lib/python3.12/site-packages/pip/_vendor/rich/__pycache__]
2025-10-23 22:11:21,654 DEBUG    root            Skipping file [.gcloud/virtenv/lib/python3.12/site-packages/pip/_vendor/urllib3/__pycache__]
2025-10-23 22:11:21,660 DEBUG    root            Skipping file [.gcloud/virtenv/lib/python3.12/site-packages/pip/_vendor/urllib3/util/__pycache__]
2025-10-23 22:11:21,663 DEBUG    root            Skipping file [.gcloud/virtenv/lib/python3.12/site-packages/pip/_vendor/urllib3/contrib/__pycache__]
2025-10-23 22:11:21,665 DEBUG    root            Skipping file [.gcloud/virtenv/lib/python3.12/site-packages/pip/_vendor/urllib3/contrib/_securetransport/__pycache__]
2025-10-23 22:11:21,667 DEBUG    root            Skipping file [.gcloud/virtenv/lib/python3.12/site-packages/pip/_vendor/urllib3/packages/__pycache__]
2025-10-23 22:11:21,669 DEBUG    root            Skipping file [.gcloud/virtenv/lib/python3.12/site-packages/pip/_vendor/urllib3/packages/backports/__pycache__]
2025-10-23 22:11:21,669 DEBUG    root            Skipping file [.gcloud/virtenv/lib/python3.12/site-packages/pip/_vendor/pkg_resources/__pycache__]
2025-10-23 22:11:21,672 DEBUG    root            Skipping file [.gcloud/virtenv/lib/python3.12/site-packages/pip/_vendor/resolvelib/__pycache__]
2025-10-23 22:11:21,673 DEBUG    root            Skipping file [.gcloud/virtenv/lib/python3.12/site-packages/pip/_vendor/resolvelib/compat/__pycache__]
2025-10-23 22:11:21,676 DEBUG    root            Skipping file [.gcloud/virtenv/lib/python3.12/site-packages/pip/_vendor/platformdirs/__pycache__]
2025-10-23 22:11:21,682 DEBUG    root            Skipping file [.gcloud/virtenv/lib/python3.12/site-packages/certifi/__pycache__]
2025-10-23 22:11:21,695 DEBUG    root            Skipping file [.gcloud/virtenv/lib/python3.12/site-packages/setuptools/__pycache__]
2025-10-23 22:11:21,697 DEBUG    root            Skipping file [.gcloud/virtenv/lib/python3.12/site-packages/setuptools/compat/__pycache__]
2025-10-23 22:11:21,702 DEBUG    root            Skipping file [.gcloud/virtenv/lib/python3.12/site-packages/setuptools/_vendor/__pycache__]
2025-10-23 22:11:21,711 DEBUG    root            Skipping file [.gcloud/virtenv/lib/python3.12/site-packages/setuptools/_vendor/packaging/__pycache__]
2025-10-23 22:11:21,713 DEBUG    root            Skipping file [.gcloud/virtenv/lib/python3.12/site-packages/setuptools/_vendor/packaging/licenses/__pycache__]
2025-10-23 22:11:21,721 DEBUG    root            Skipping file [.gcloud/virtenv/lib/python3.12/site-packages/setuptools/_vendor/inflect/__pycache__]
2025-10-23 22:11:21,722 DEBUG    root            Skipping file [.gcloud/virtenv/lib/python3.12/site-packages/setuptools/_vendor/inflect/compat/__pycache__]
2025-10-23 22:11:21,722 DEBUG    root            Skipping file [.gcloud/virtenv/lib/python3.12/site-packages/setuptools/_vendor/jaraco/__pycache__]
2025-10-23 22:11:21,725 DEBUG    root            Skipping file [.gcloud/virtenv/lib/python3.12/site-packages/setuptools/_vendor/jaraco/functools/__pycache__]
2025-10-23 22:11:21,728 DEBUG    root            Skipping file [.gcloud/virtenv/lib/python3.12/site-packages/setuptools/_vendor/jaraco/text/__pycache__]
2025-10-23 22:11:21,729 DEBUG    root            Skipping file [.gcloud/virtenv/lib/python3.12/site-packages/setuptools/_vendor/jaraco/collections/__pycache__]
2025-10-23 22:11:21,738 DEBUG    root            Skipping file [.gcloud/virtenv/lib/python3.12/site-packages/setuptools/_vendor/importlib_metadata/__pycache__]
2025-10-23 22:11:21,740 DEBUG    root            Skipping file [.gcloud/virtenv/lib/python3.12/site-packages/setuptools/_vendor/importlib_metadata/compat/__pycache__]
2025-10-23 22:11:21,743 DEBUG    root            Skipping file [.gcloud/virtenv/lib/python3.12/site-packages/setuptools/_vendor/wheel/__pycache__]
2025-10-23 22:11:21,746 DEBUG    root            Skipping file [.gcloud/virtenv/lib/python3.12/site-packages/setuptools/_vendor/wheel/cli/__pycache__]
2025-10-23 22:11:21,748 DEBUG    root            Skipping file [.gcloud/virtenv/lib/python3.12/site-packages/setuptools/_vendor/wheel/vendored/__pycache__]
2025-10-23 22:11:21,754 DEBUG    root            Skipping file [.gcloud/virtenv/lib/python3.12/site-packages/setuptools/_vendor/wheel/vendored/packaging/__pycache__]
2025-10-23 22:11:21,755 DEBUG    root            Skipping file [.gcloud/virtenv/lib/python3.12/site-packages/setuptools/_vendor/zipp/__pycache__]
2025-10-23 22:11:21,757 DEBUG    root            Skipping file [.gcloud/virtenv/lib/python3.12/site-packages/setuptools/_vendor/zipp/compat/__pycache__]
2025-10-23 22:11:21,761 DEBUG    root            Skipping file [.gcloud/virtenv/lib/python3.12/site-packages/setuptools/_vendor/more_itertools/__pycache__]
2025-10-23 22:11:21,762 DEBUG    root            Skipping file [.gcloud/virtenv/lib/python3.12/site-packages/setuptools/_vendor/backports/__pycache__]
2025-10-23 22:11:21,764 DEBUG    root            Skipping file [.gcloud/virtenv/lib/python3.12/site-packages/setuptools/_vendor/backports/tarfile/__pycache__]
2025-10-23 22:11:21,765 DEBUG    root            Skipping file [.gcloud/virtenv/lib/python3.12/site-packages/setuptools/_vendor/backports/tarfile/compat/__pycache__]
2025-10-23 22:11:21,767 DEBUG    root            Skipping file [.gcloud/virtenv/lib/python3.12/site-packages/setuptools/_vendor/autocommand/__pycache__]
2025-10-23 22:11:21,769 DEBUG    root            Skipping file [.gcloud/virtenv/lib/python3.12/site-packages/setuptools/_vendor/tomli/__pycache__]
2025-10-23 22:11:21,794 DEBUG    root            Skipping file [.gcloud/virtenv/lib/python3.12/site-packages/setuptools/_vendor/typeguard/__pycache__]
2025-10-23 22:11:21,797 DEBUG    root            Skipping file [.gcloud/virtenv/lib/python3.12/site-packages/setuptools/_vendor/platformdirs/__pycache__]
2025-10-23 22:11:21,800 DEBUG    root            Skipping file [.gcloud/virtenv/lib/python3.12/site-packages/setuptools/config/__pycache__]
2025-10-23 22:11:21,803 DEBUG    root            Skipping file [.gcloud/virtenv/lib/python3.12/site-packages/setuptools/config/_validate_pyproject/__pycache__]
2025-10-23 22:11:21,817 DEBUG    root            Skipping file [.gcloud/virtenv/lib/python3.12/site-packages/setuptools/tests/__pycache__]
2025-10-23 22:11:21,818 DEBUG    root            Skipping file [.gcloud/virtenv/lib/python3.12/site-packages/setuptools/tests/compat/__pycache__]
2025-10-23 22:11:21,820 DEBUG    root            Skipping file [.gcloud/virtenv/lib/python3.12/site-packages/setuptools/tests/config/__pycache__]
2025-10-23 22:11:21,822 DEBUG    root            Skipping file [.gcloud/virtenv/lib/python3.12/site-packages/setuptools/tests/config/downloads/__pycache__]
2025-10-23 22:11:21,824 DEBUG    root            Skipping file [.gcloud/virtenv/lib/python3.12/site-packages/setuptools/tests/integration/__pycache__]
2025-10-23 22:11:21,834 DEBUG    root            Skipping file [.gcloud/virtenv/lib/python3.12/site-packages/setuptools/command/__pycache__]
2025-10-23 22:11:21,843 DEBUG    root            Skipping file [.gcloud/virtenv/lib/python3.12/site-packages/setuptools/_distutils/__pycache__]
2025-10-23 22:11:21,845 DEBUG    root            Skipping file [.gcloud/virtenv/lib/python3.12/site-packages/setuptools/_distutils/compat/__pycache__]
2025-10-23 22:11:21,857 DEBUG    root            Skipping file [.gcloud/virtenv/lib/python3.12/site-packages/setuptools/_distutils/tests/__pycache__]
2025-10-23 22:11:21,858 DEBUG    root            Skipping file [.gcloud/virtenv/lib/python3.12/site-packages/setuptools/_distutils/tests/compat/__pycache__]
2025-10-23 22:11:21,865 DEBUG    root            Skipping file [.gcloud/virtenv/lib/python3.12/site-packages/setuptools/_distutils/command/__pycache__]
2025-10-23 22:11:21,868 DEBUG    root            Skipping file [.gcloud/virtenv/lib/python3.12/site-packages/setuptools/_distutils/compilers/C/__pycache__]
2025-10-23 22:11:21,871 DEBUG    root            Skipping file [.gcloud/virtenv/lib/python3.12/site-packages/setuptools/_distutils/compilers/C/tests/__pycache__]
2025-10-23 22:11:21,872 DEBUG    root            Skipping file [.gcloud/virtenv/lib/python3.12/site-packages/pkg_resources/__pycache__]
2025-10-23 22:11:21,875 DEBUG    root            Skipping file [.gcloud/virtenv/lib/python3.12/site-packages/pkg_resources/tests/__pycache__]
2025-10-23 22:11:21,882 DEBUG    root            Skipping file [.gcloud/virtenv/lib/python3.12/site-packages/pkg_resources/tests/data/my-test-package-source/__pycache__]
2025-10-23 22:11:21,883 DEBUG    root            Skipping file [.gcloud/virtenv/lib/python3.12/site-packages/_distutils_hack/__pycache__]
2025-10-23 22:11:21,889 DEBUG    root            Skipping file [.gcloud/virtenv/lib/python3.12/site-packages/OpenSSL/__pycache__]
2025-10-23 22:11:21,898 DEBUG    root            Skipping file [scripts/python/__pycache__]
2025-10-23 22:11:21,899 DEBUG    root            Skipping file [data/.DS_Store]
2025-10-23 22:11:21,900 DEBUG    root            Skipping file [services/.DS_Store]
2025-10-23 22:11:21,902 DEBUG    root            Skipping file [src/.DS_Store]
2025-10-23 22:11:21,916 INFO     ___FILE_ONLY___ Creating temporary archive of 1609 file(s) totalling 108.7 MiB before compression.

2025-10-23 22:11:21,917 DEBUG    root            Added dir [.gcloud]
2025-10-23 22:11:21,917 DEBUG    root            Added dir [deploy]
2025-10-23 22:11:21,917 DEBUG    root            Added dir [Dokumentasjon]
2025-10-23 22:11:21,917 DEBUG    root            Added dir [Overlevering]
2025-10-23 22:11:21,918 DEBUG    root            Added dir [content]
2025-10-23 22:11:21,918 DEBUG    root            Added dir [server]
2025-10-23 22:11:21,918 DEBUG    root            Added dir [public]
2025-10-23 22:11:21,918 DEBUG    root            Added dir [scripts]
2025-10-23 22:11:21,918 DEBUG    root            Added dir [packages]
2025-10-23 22:11:21,918 DEBUG    root            Added dir [.github]
2025-10-23 22:11:21,918 DEBUG    root            Added dir [data]
2025-10-23 22:11:21,918 DEBUG    root            Added dir [services]
2025-10-23 22:11:21,918 DEBUG    root            Added dir [src]
2025-10-23 22:11:21,918 DEBUG    root            Added dir [.gcloud/configurations]
2025-10-23 22:11:21,918 DEBUG    root            Added dir [.gcloud/logs]
2025-10-23 22:11:21,918 DEBUG    root            Added dir [.gcloud/virtenv]
2025-10-23 22:11:21,918 DEBUG    root            Added dir [.gcloud/legacy_credentials]
2025-10-23 22:11:21,918 DEBUG    root            Added dir [.gcloud/logs/2025.10.23]
2025-10-23 22:11:21,919 DEBUG    root            Added dir [.gcloud/virtenv/bin]
2025-10-23 22:11:21,919 DEBUG    root            Added dir [.gcloud/virtenv/include]
2025-10-23 22:11:21,919 DEBUG    root            Added dir [.gcloud/virtenv/lib]
2025-10-23 22:11:21,919 DEBUG    root            Added dir [.gcloud/virtenv/include/python3.12]
2025-10-23 22:11:21,919 DEBUG    root            Added dir [.gcloud/virtenv/lib/python3.12]
2025-10-23 22:11:21,919 DEBUG    root            Added dir [.gcloud/virtenv/lib/python3.12/site-packages]
2025-10-23 22:11:21,919 DEBUG    root            Added dir [.gcloud/virtenv/lib/python3.12/site-packages/google_crc32c]
2025-10-23 22:11:21,919 DEBUG    root            Added dir [.gcloud/virtenv/lib/python3.12/site-packages/pip-24.3.1.dist-info]
2025-10-23 22:11:21,920 DEBUG    root            Added dir [.gcloud/virtenv/lib/python3.12/site-packages/crcmod-1.7.dist-info]
2025-10-23 22:11:21,920 DEBUG    root            Added dir [.gcloud/virtenv/lib/python3.12/site-packages/pycparser]
2025-10-23 22:11:21,920 DEBUG    root            Added dir [.gcloud/virtenv/lib/python3.12/site-packages/grpc]
2025-10-23 22:11:21,920 DEBUG    root            Added dir [.gcloud/virtenv/lib/python3.12/site-packages/cryptography]
2025-10-23 22:11:21,920 DEBUG    root            Added dir [.gcloud/virtenv/lib/python3.12/site-packages/cffi]
2025-10-23 22:11:21,920 DEBUG    root            Added dir [.gcloud/virtenv/lib/python3.12/site-packages/certifi-2025.10.5.dist-info]
2025-10-23 22:11:21,920 DEBUG    root            Added dir [.gcloud/virtenv/lib/python3.12/site-packages/cffi-2.0.0.dist-info]
2025-10-23 22:11:21,920 DEBUG    root            Added dir [.gcloud/virtenv/lib/python3.12/site-packages/cryptography-42.0.7.dist-info]
2025-10-23 22:11:21,920 DEBUG    root            Added dir [.gcloud/virtenv/lib/python3.12/site-packages/crcmod]
2025-10-23 22:11:21,920 DEBUG    root            Added dir [.gcloud/virtenv/lib/python3.12/site-packages/pip]
2025-10-23 22:11:21,920 DEBUG    root            Added dir [.gcloud/virtenv/lib/python3.12/site-packages/google_crc32c-1.7.1.dist-info]
2025-10-23 22:11:21,920 DEBUG    root            Added dir [.gcloud/virtenv/lib/python3.12/site-packages/setuptools-80.9.0.dist-info]
2025-10-23 22:11:21,920 DEBUG    root            Added dir [.gcloud/virtenv/lib/python3.12/site-packages/certifi]
2025-10-23 22:11:21,920 DEBUG    root            Added dir [.gcloud/virtenv/lib/python3.12/site-packages/typing_extensions-4.15.0.dist-info]
2025-10-23 22:11:21,920 DEBUG    root            Added dir [.gcloud/virtenv/lib/python3.12/site-packages/setuptools]
2025-10-23 22:11:21,920 DEBUG    root            Added dir [.gcloud/virtenv/lib/python3.12/site-packages/pkg_resources]
2025-10-23 22:11:21,921 DEBUG    root            Added dir [.gcloud/virtenv/lib/python3.12/site-packages/_distutils_hack]
2025-10-23 22:11:21,921 DEBUG    root            Added dir [.gcloud/virtenv/lib/python3.12/site-packages/grpcio-1.76.0.dist-info]
2025-10-23 22:11:21,921 DEBUG    root            Added dir [.gcloud/virtenv/lib/python3.12/site-packages/pyOpenSSL-24.2.1.dist-info]
2025-10-23 22:11:21,921 DEBUG    root            Added dir [.gcloud/virtenv/lib/python3.12/site-packages/OpenSSL]
2025-10-23 22:11:21,921 DEBUG    root            Added dir [.gcloud/virtenv/lib/python3.12/site-packages/pycparser-2.23.dist-info]
2025-10-23 22:11:21,921 DEBUG    root            Added dir [.gcloud/virtenv/lib/python3.12/site-packages/google_crc32c/.dylibs]
2025-10-23 22:11:21,921 DEBUG    root            Added dir [.gcloud/virtenv/lib/python3.12/site-packages/crcmod-1.7.dist-info/licenses]
2025-10-23 22:11:21,921 DEBUG    root            Added dir [.gcloud/virtenv/lib/python3.12/site-packages/pycparser/ply]
2025-10-23 22:11:21,921 DEBUG    root            Added dir [.gcloud/virtenv/lib/python3.12/site-packages/grpc/beta]
2025-10-23 22:11:21,921 DEBUG    root            Added dir [.gcloud/virtenv/lib/python3.12/site-packages/grpc/experimental]
2025-10-23 22:11:21,921 DEBUG    root            Added dir [.gcloud/virtenv/lib/python3.12/site-packages/grpc/framework]
2025-10-23 22:11:21,921 DEBUG    root            Added dir [.gcloud/virtenv/lib/python3.12/site-packages/grpc/aio]
2025-10-23 22:11:21,921 DEBUG    root            Added dir [.gcloud/virtenv/lib/python3.12/site-packages/grpc/_cython]
2025-10-23 22:11:21,921 DEBUG    root            Added dir [.gcloud/virtenv/lib/python3.12/site-packages/grpc/experimental/aio]
2025-10-23 22:11:21,921 DEBUG    root            Added dir [.gcloud/virtenv/lib/python3.12/site-packages/grpc/framework/foundation]
2025-10-23 22:11:21,922 DEBUG    root            Added dir [.gcloud/virtenv/lib/python3.12/site-packages/grpc/framework/common]
2025-10-23 22:11:21,922 DEBUG    root            Added dir [.gcloud/virtenv/lib/python3.12/site-packages/grpc/framework/interfaces]
2025-10-23 22:11:21,922 DEBUG    root            Added dir [.gcloud/virtenv/lib/python3.12/site-packages/grpc/framework/interfaces/face]
2025-10-23 22:11:21,922 DEBUG    root            Added dir [.gcloud/virtenv/lib/python3.12/site-packages/grpc/framework/interfaces/base]
2025-10-23 22:11:21,922 DEBUG    root            Added dir [.gcloud/virtenv/lib/python3.12/site-packages/grpc/_cython/_cygrpc]
2025-10-23 22:11:21,922 DEBUG    root            Added dir [.gcloud/virtenv/lib/python3.12/site-packages/grpc/_cython/_credentials]
2025-10-23 22:11:21,922 DEBUG    root            Added dir [.gcloud/virtenv/lib/python3.12/site-packages/cryptography/hazmat]
2025-10-23 22:11:21,922 DEBUG    root            Added dir [.gcloud/virtenv/lib/python3.12/site-packages/cryptography/x509]
2025-10-23 22:11:21,922 DEBUG    root            Added dir [.gcloud/virtenv/lib/python3.12/site-packages/cryptography/hazmat/backends]
2025-10-23 22:11:21,922 DEBUG    root            Added dir [.gcloud/virtenv/lib/python3.12/site-packages/cryptography/hazmat/primitives]
2025-10-23 22:11:21,922 DEBUG    root            Added dir [.gcloud/virtenv/lib/python3.12/site-packages/cryptography/hazmat/bindings]
2025-10-23 22:11:21,923 DEBUG    root            Added dir [.gcloud/virtenv/lib/python3.12/site-packages/cryptography/hazmat/backends/openssl]
2025-10-23 22:11:21,923 DEBUG    root            Added dir [.gcloud/virtenv/lib/python3.12/site-packages/cryptography/hazmat/primitives/kdf]
2025-10-23 22:11:21,923 DEBUG    root            Added dir [.gcloud/virtenv/lib/python3.12/site-packages/cryptography/hazmat/primitives/twofactor]
2025-10-23 22:11:21,923 DEBUG    root            Added dir [.gcloud/virtenv/lib/python3.12/site-packages/cryptography/hazmat/primitives/serialization]
2025-10-23 22:11:21,923 DEBUG    root            Added dir [.gcloud/virtenv/lib/python3.12/site-packages/cryptography/hazmat/primitives/ciphers]
2025-10-23 22:11:21,923 DEBUG    root            Added dir [.gcloud/virtenv/lib/python3.12/site-packages/cryptography/hazmat/primitives/asymmetric]
2025-10-23 22:11:21,923 DEBUG    root            Added dir [.gcloud/virtenv/lib/python3.12/site-packages/cryptography/hazmat/bindings/_rust]
2025-10-23 22:11:21,923 DEBUG    root            Added dir [.gcloud/virtenv/lib/python3.12/site-packages/cryptography/hazmat/bindings/openssl]
2025-10-23 22:11:21,923 DEBUG    root            Added dir [.gcloud/virtenv/lib/python3.12/site-packages/cryptography/hazmat/bindings/_rust/openssl]
2025-10-23 22:11:21,923 DEBUG    root            Added dir [.gcloud/virtenv/lib/python3.12/site-packages/certifi-2025.10.5.dist-info/licenses]
2025-10-23 22:11:21,923 DEBUG    root            Added dir [.gcloud/virtenv/lib/python3.12/site-packages/cffi-2.0.0.dist-info/licenses]
2025-10-23 22:11:21,923 DEBUG    root            Added dir [.gcloud/virtenv/lib/python3.12/site-packages/pip/_internal]
2025-10-23 22:11:21,923 DEBUG    root            Added dir [.gcloud/virtenv/lib/python3.12/site-packages/pip/_vendor]
2025-10-23 22:11:21,923 DEBUG    root            Added dir [.gcloud/virtenv/lib/python3.12/site-packages/pip/_internal/network]
2025-10-23 22:11:21,923 DEBUG    root            Added dir [.gcloud/virtenv/lib/python3.12/site-packages/pip/_internal/utils]
2025-10-23 22:11:21,923 DEBUG    root            Added dir [.gcloud/virtenv/lib/python3.12/site-packages/pip/_internal/models]
2025-10-23 22:11:21,924 DEBUG    root            Added dir [.gcloud/virtenv/lib/python3.12/site-packages/pip/_internal/cli]
2025-10-23 22:11:21,924 DEBUG    root            Added dir [.gcloud/virtenv/lib/python3.12/site-packages/pip/_internal/operations]
2025-10-23 22:11:21,924 DEBUG    root            Added dir [.gcloud/virtenv/lib/python3.12/site-packages/pip/_internal/req]
2025-10-23 22:11:21,924 DEBUG    root            Added dir [.gcloud/virtenv/lib/python3.12/site-packages/pip/_internal/resolution]
2025-10-23 22:11:21,924 DEBUG    root            Added dir [.gcloud/virtenv/lib/python3.12/site-packages/pip/_internal/vcs]
2025-10-23 22:11:21,924 DEBUG    root            Added dir [.gcloud/virtenv/lib/python3.12/site-packages/pip/_internal/locations]
2025-10-23 22:11:21,924 DEBUG    root            Added dir [.gcloud/virtenv/lib/python3.12/site-packages/pip/_internal/index]
2025-10-23 22:11:21,924 DEBUG    root            Added dir [.gcloud/virtenv/lib/python3.12/site-packages/pip/_internal/commands]
2025-10-23 22:11:21,924 DEBUG    root            Added dir [.gcloud/virtenv/lib/python3.12/site-packages/pip/_internal/metadata]
2025-10-23 22:11:21,924 DEBUG    root            Added dir [.gcloud/virtenv/lib/python3.12/site-packages/pip/_internal/distributions]
2025-10-23 22:11:21,924 DEBUG    root            Added dir [.gcloud/virtenv/lib/python3.12/site-packages/pip/_internal/operations/install]
2025-10-23 22:11:21,924 DEBUG    root            Added dir [.gcloud/virtenv/lib/python3.12/site-packages/pip/_internal/operations/build]
2025-10-23 22:11:21,924 DEBUG    root            Added dir [.gcloud/virtenv/lib/python3.12/site-packages/pip/_internal/resolution/legacy]
2025-10-23 22:11:21,924 DEBUG    root            Added dir [.gcloud/virtenv/lib/python3.12/site-packages/pip/_internal/resolution/resolvelib]
2025-10-23 22:11:21,925 DEBUG    root            Added dir [.gcloud/virtenv/lib/python3.12/site-packages/pip/_internal/metadata/importlib]
2025-10-23 22:11:21,925 DEBUG    root            Added dir [.gcloud/virtenv/lib/python3.12/site-packages/pip/_vendor/packaging]
2025-10-23 22:11:21,925 DEBUG    root            Added dir [.gcloud/virtenv/lib/python3.12/site-packages/pip/_vendor/truststore]
2025-10-23 22:11:21,925 DEBUG    root            Added dir [.gcloud/virtenv/lib/python3.12/site-packages/pip/_vendor/msgpack]
2025-10-23 22:11:21,925 DEBUG    root            Added dir [.gcloud/virtenv/lib/python3.12/site-packages/pip/_vendor/pygments]
2025-10-23 22:11:21,925 DEBUG    root            Added dir [.gcloud/virtenv/lib/python3.12/site-packages/pip/_vendor/distlib]
2025-10-23 22:11:21,925 DEBUG    root            Added dir [.gcloud/virtenv/lib/python3.12/site-packages/pip/_vendor/distro]
2025-10-23 22:11:21,925 DEBUG    root            Added dir [.gcloud/virtenv/lib/python3.12/site-packages/pip/_vendor/cachecontrol]
2025-10-23 22:11:21,925 DEBUG    root            Added dir [.gcloud/virtenv/lib/python3.12/site-packages/pip/_vendor/idna]
2025-10-23 22:11:21,925 DEBUG    root            Added dir [.gcloud/virtenv/lib/python3.12/site-packages/pip/_vendor/requests]
2025-10-23 22:11:21,925 DEBUG    root            Added dir [.gcloud/virtenv/lib/python3.12/site-packages/pip/_vendor/tomli]
2025-10-23 22:11:21,926 DEBUG    root            Added dir [.gcloud/virtenv/lib/python3.12/site-packages/pip/_vendor/certifi]
2025-10-23 22:11:21,926 DEBUG    root            Added dir [.gcloud/virtenv/lib/python3.12/site-packages/pip/_vendor/pyproject_hooks]
2025-10-23 22:11:21,926 DEBUG    root            Added dir [.gcloud/virtenv/lib/python3.12/site-packages/pip/_vendor/rich]
2025-10-23 22:11:21,926 DEBUG    root            Added dir [.gcloud/virtenv/lib/python3.12/site-packages/pip/_vendor/urllib3]
2025-10-23 22:11:21,926 DEBUG    root            Added dir [.gcloud/virtenv/lib/python3.12/site-packages/pip/_vendor/pkg_resources]
2025-10-23 22:11:21,926 DEBUG    root            Added dir [.gcloud/virtenv/lib/python3.12/site-packages/pip/_vendor/resolvelib]
2025-10-23 22:11:21,926 DEBUG    root            Added dir [.gcloud/virtenv/lib/python3.12/site-packages/pip/_vendor/platformdirs]
2025-10-23 22:11:21,926 DEBUG    root            Added dir [.gcloud/virtenv/lib/python3.12/site-packages/pip/_vendor/pygments/filters]
2025-10-23 22:11:21,926 DEBUG    root            Added dir [.gcloud/virtenv/lib/python3.12/site-packages/pip/_vendor/pygments/lexers]
2025-10-23 22:11:21,926 DEBUG    root            Added dir [.gcloud/virtenv/lib/python3.12/site-packages/pip/_vendor/pygments/formatters]
2025-10-23 22:11:21,926 DEBUG    root            Added dir [.gcloud/virtenv/lib/python3.12/site-packages/pip/_vendor/pygments/styles]
2025-10-23 22:11:21,926 DEBUG    root            Added dir [.gcloud/virtenv/lib/python3.12/site-packages/pip/_vendor/cachecontrol/caches]
2025-10-23 22:11:21,926 DEBUG    root            Added dir [.gcloud/virtenv/lib/python3.12/site-packages/pip/_vendor/pyproject_hooks/_in_process]
2025-10-23 22:11:21,926 DEBUG    root            Added dir [.gcloud/virtenv/lib/python3.12/site-packages/pip/_vendor/urllib3/util]
2025-10-23 22:11:21,926 DEBUG    root            Added dir [.gcloud/virtenv/lib/python3.12/site-packages/pip/_vendor/urllib3/contrib]
2025-10-23 22:11:21,926 DEBUG    root            Added dir [.gcloud/virtenv/lib/python3.12/site-packages/pip/_vendor/urllib3/packages]
2025-10-23 22:11:21,926 DEBUG    root            Added dir [.gcloud/virtenv/lib/python3.12/site-packages/pip/_vendor/urllib3/contrib/_securetransport]
2025-10-23 22:11:21,927 DEBUG    root            Added dir [.gcloud/virtenv/lib/python3.12/site-packages/pip/_vendor/urllib3/packages/backports]
2025-10-23 22:11:21,927 DEBUG    root            Added dir [.gcloud/virtenv/lib/python3.12/site-packages/pip/_vendor/resolvelib/compat]
2025-10-23 22:11:21,927 DEBUG    root            Added dir [.gcloud/virtenv/lib/python3.12/site-packages/google_crc32c-1.7.1.dist-info/licenses]
2025-10-23 22:11:21,927 DEBUG    root            Added dir [.gcloud/virtenv/lib/python3.12/site-packages/setuptools-80.9.0.dist-info/licenses]
2025-10-23 22:11:21,927 DEBUG    root            Added dir [.gcloud/virtenv/lib/python3.12/site-packages/typing_extensions-4.15.0.dist-info/licenses]
2025-10-23 22:11:21,927 DEBUG    root            Added dir [.gcloud/virtenv/lib/python3.12/site-packages/setuptools/compat]
2025-10-23 22:11:21,927 DEBUG    root            Added dir [.gcloud/virtenv/lib/python3.12/site-packages/setuptools/_vendor]
2025-10-23 22:11:21,927 DEBUG    root            Added dir [.gcloud/virtenv/lib/python3.12/site-packages/setuptools/config]
2025-10-23 22:11:21,927 DEBUG    root            Added dir [.gcloud/virtenv/lib/python3.12/site-packages/setuptools/tests]
2025-10-23 22:11:21,927 DEBUG    root            Added dir [.gcloud/virtenv/lib/python3.12/site-packages/setuptools/command]
2025-10-23 22:11:21,927 DEBUG    root            Added dir [.gcloud/virtenv/lib/python3.12/site-packages/setuptools/_distutils]
2025-10-23 22:11:21,927 DEBUG    root            Added dir [.gcloud/virtenv/lib/python3.12/site-packages/setuptools/_vendor/packaging]
2025-10-23 22:11:21,927 DEBUG    root            Added dir [.gcloud/virtenv/lib/python3.12/site-packages/setuptools/_vendor/jaraco.text-3.12.1.dist-info]
2025-10-23 22:11:21,928 DEBUG    root            Added dir [.gcloud/virtenv/lib/python3.12/site-packages/setuptools/_vendor/jaraco.collections-5.1.0.dist-info]
2025-10-23 22:11:21,928 DEBUG    root            Added dir [.gcloud/virtenv/lib/python3.12/site-packages/setuptools/_vendor/importlib_metadata-8.0.0.dist-info]
2025-10-23 22:11:21,928 DEBUG    root            Added dir [.gcloud/virtenv/lib/python3.12/site-packages/setuptools/_vendor/inflect]
2025-10-23 22:11:21,928 DEBUG    root            Added dir [.gcloud/virtenv/lib/python3.12/site-packages/setuptools/_vendor/jaraco]
2025-10-23 22:11:21,928 DEBUG    root            Added dir [.gcloud/virtenv/lib/python3.12/site-packages/setuptools/_vendor/jaraco.functools-4.0.1.dist-info]
2025-10-23 22:11:21,928 DEBUG    root            Added dir [.gcloud/virtenv/lib/python3.12/site-packages/setuptools/_vendor/jaraco.context-5.3.0.dist-info]
2025-10-23 22:11:21,928 DEBUG    root            Added dir [.gcloud/virtenv/lib/python3.12/site-packages/setuptools/_vendor/inflect-7.3.1.dist-info]
2025-10-23 22:11:21,928 DEBUG    root            Added dir [.gcloud/virtenv/lib/python3.12/site-packages/setuptools/_vendor/importlib_metadata]
2025-10-23 22:11:21,929 DEBUG    root            Added dir [.gcloud/virtenv/lib/python3.12/site-packages/setuptools/_vendor/wheel]
2025-10-23 22:11:21,929 DEBUG    root            Added dir [.gcloud/virtenv/lib/python3.12/site-packages/setuptools/_vendor/zipp]
2025-10-23 22:11:21,929 DEBUG    root            Added dir [.gcloud/virtenv/lib/python3.12/site-packages/setuptools/_vendor/autocommand-2.2.2.dist-info]
2025-10-23 22:11:21,929 DEBUG    root            Added dir [.gcloud/virtenv/lib/python3.12/site-packages/setuptools/_vendor/more_itertools]
2025-10-23 22:11:21,929 DEBUG    root            Added dir [.gcloud/virtenv/lib/python3.12/site-packages/setuptools/_vendor/backports]
2025-10-23 22:11:21,929 DEBUG    root            Added dir [.gcloud/virtenv/lib/python3.12/site-packages/setuptools/_vendor/autocommand]
2025-10-23 22:11:21,929 DEBUG    root            Added dir [.gcloud/virtenv/lib/python3.12/site-packages/setuptools/_vendor/tomli]
2025-10-23 22:11:21,929 DEBUG    root            Added dir [.gcloud/virtenv/lib/python3.12/site-packages/setuptools/_vendor/backports.tarfile-1.2.0.dist-info]
2025-10-23 22:11:21,929 DEBUG    root            Added dir [.gcloud/virtenv/lib/python3.12/site-packages/setuptools/_vendor/typeguard-4.3.0.dist-info]
2025-10-23 22:11:21,929 DEBUG    root            Added dir [.gcloud/virtenv/lib/python3.12/site-packages/setuptools/_vendor/packaging-24.2.dist-info]
2025-10-23 22:11:21,929 DEBUG    root            Added dir [.gcloud/virtenv/lib/python3.12/site-packages/setuptools/_vendor/wheel-0.45.1.dist-info]
2025-10-23 22:11:21,929 DEBUG    root            Added dir [.gcloud/virtenv/lib/python3.12/site-packages/setuptools/_vendor/zipp-3.19.2.dist-info]
2025-10-23 22:11:21,929 DEBUG    root            Added dir [.gcloud/virtenv/lib/python3.12/site-packages/setuptools/_vendor/tomli-2.0.1.dist-info]
2025-10-23 22:11:21,929 DEBUG    root            Added dir [.gcloud/virtenv/lib/python3.12/site-packages/setuptools/_vendor/typing_extensions-4.12.2.dist-info]
2025-10-23 22:11:21,929 DEBUG    root            Added dir [.gcloud/virtenv/lib/python3.12/site-packages/setuptools/_vendor/more_itertools-10.3.0.dist-info]
2025-10-23 22:11:21,929 DEBUG    root            Added dir [.gcloud/virtenv/lib/python3.12/site-packages/setuptools/_vendor/platformdirs-4.2.2.dist-info]
2025-10-23 22:11:21,930 DEBUG    root            Added dir [.gcloud/virtenv/lib/python3.12/site-packages/setuptools/_vendor/typeguard]
2025-10-23 22:11:21,930 DEBUG    root            Added dir [.gcloud/virtenv/lib/python3.12/site-packages/setuptools/_vendor/platformdirs]
2025-10-23 22:11:21,930 DEBUG    root            Added dir [.gcloud/virtenv/lib/python3.12/site-packages/setuptools/_vendor/packaging/licenses]
2025-10-23 22:11:21,930 DEBUG    root            Added dir [.gcloud/virtenv/lib/python3.12/site-packages/setuptools/_vendor/inflect/compat]
2025-10-23 22:11:21,930 DEBUG    root            Added dir [.gcloud/virtenv/lib/python3.12/site-packages/setuptools/_vendor/jaraco/functools]
2025-10-23 22:11:21,930 DEBUG    root            Added dir [.gcloud/virtenv/lib/python3.12/site-packages/setuptools/_vendor/jaraco/text]
2025-10-23 22:11:21,930 DEBUG    root            Added dir [.gcloud/virtenv/lib/python3.12/site-packages/setuptools/_vendor/jaraco/collections]
2025-10-23 22:11:21,930 DEBUG    root            Added dir [.gcloud/virtenv/lib/python3.12/site-packages/setuptools/_vendor/importlib_metadata/compat]
2025-10-23 22:11:21,930 DEBUG    root            Added dir [.gcloud/virtenv/lib/python3.12/site-packages/setuptools/_vendor/wheel/cli]
2025-10-23 22:11:21,931 DEBUG    root            Added dir [.gcloud/virtenv/lib/python3.12/site-packages/setuptools/_vendor/wheel/vendored]
2025-10-23 22:11:21,931 DEBUG    root            Added dir [.gcloud/virtenv/lib/python3.12/site-packages/setuptools/_vendor/wheel/vendored/packaging]
2025-10-23 22:11:21,931 DEBUG    root            Added dir [.gcloud/virtenv/lib/python3.12/site-packages/setuptools/_vendor/zipp/compat]
2025-10-23 22:11:21,931 DEBUG    root            Added dir [.gcloud/virtenv/lib/python3.12/site-packages/setuptools/_vendor/backports/tarfile]
2025-10-23 22:11:21,931 DEBUG    root            Added dir [.gcloud/virtenv/lib/python3.12/site-packages/setuptools/_vendor/backports/tarfile/compat]
2025-10-23 22:11:21,931 DEBUG    root            Added dir [.gcloud/virtenv/lib/python3.12/site-packages/setuptools/_vendor/platformdirs-4.2.2.dist-info/licenses]
2025-10-23 22:11:21,931 DEBUG    root            Added dir [.gcloud/virtenv/lib/python3.12/site-packages/setuptools/config/_validate_pyproject]
2025-10-23 22:11:21,931 DEBUG    root            Added dir [.gcloud/virtenv/lib/python3.12/site-packages/setuptools/tests/compat]
2025-10-23 22:11:21,931 DEBUG    root            Added dir [.gcloud/virtenv/lib/python3.12/site-packages/setuptools/tests/config]
2025-10-23 22:11:21,931 DEBUG    root            Added dir [.gcloud/virtenv/lib/python3.12/site-packages/setuptools/tests/integration]
2025-10-23 22:11:21,931 DEBUG    root            Added dir [.gcloud/virtenv/lib/python3.12/site-packages/setuptools/tests/indexes]
2025-10-23 22:11:21,931 DEBUG    root            Added dir [.gcloud/virtenv/lib/python3.12/site-packages/setuptools/tests/config/downloads]
2025-10-23 22:11:21,931 DEBUG    root            Added dir [.gcloud/virtenv/lib/python3.12/site-packages/setuptools/tests/indexes/test_links_priority]
2025-10-23 22:11:21,931 DEBUG    root            Added dir [.gcloud/virtenv/lib/python3.12/site-packages/setuptools/tests/indexes/test_links_priority/simple]
2025-10-23 22:11:21,931 DEBUG    root            Added dir [.gcloud/virtenv/lib/python3.12/site-packages/setuptools/tests/indexes/test_links_priority/simple/foobar]
2025-10-23 22:11:21,931 DEBUG    root            Added dir [.gcloud/virtenv/lib/python3.12/site-packages/setuptools/_distutils/compat]
2025-10-23 22:11:21,931 DEBUG    root            Added dir [.gcloud/virtenv/lib/python3.12/site-packages/setuptools/_distutils/tests]
2025-10-23 22:11:21,932 DEBUG    root            Added dir [.gcloud/virtenv/lib/python3.12/site-packages/setuptools/_distutils/command]
2025-10-23 22:11:21,932 DEBUG    root            Added dir [.gcloud/virtenv/lib/python3.12/site-packages/setuptools/_distutils/compilers]
2025-10-23 22:11:21,932 DEBUG    root            Added dir [.gcloud/virtenv/lib/python3.12/site-packages/setuptools/_distutils/tests/compat]
2025-10-23 22:11:21,932 DEBUG    root            Added dir [.gcloud/virtenv/lib/python3.12/site-packages/setuptools/_distutils/compilers/C]
2025-10-23 22:11:21,932 DEBUG    root            Added dir [.gcloud/virtenv/lib/python3.12/site-packages/setuptools/_distutils/compilers/C/tests]
2025-10-23 22:11:21,932 DEBUG    root            Added dir [.gcloud/virtenv/lib/python3.12/site-packages/pkg_resources/tests]
2025-10-23 22:11:21,932 DEBUG    root            Added dir [.gcloud/virtenv/lib/python3.12/site-packages/pkg_resources/tests/data]
2025-10-23 22:11:21,932 DEBUG    root            Added dir [.gcloud/virtenv/lib/python3.12/site-packages/pkg_resources/tests/data/my-test-package-zip]
2025-10-23 22:11:21,932 DEBUG    root            Added dir [.gcloud/virtenv/lib/python3.12/site-packages/pkg_resources/tests/data/my-test-package_zipped-egg]
2025-10-23 22:11:21,932 DEBUG    root            Added dir [.gcloud/virtenv/lib/python3.12/site-packages/pkg_resources/tests/data/my-test-package_unpacked-egg]
2025-10-23 22:11:21,932 DEBUG    root            Added dir [.gcloud/virtenv/lib/python3.12/site-packages/pkg_resources/tests/data/my-test-package-source]
2025-10-23 22:11:21,932 DEBUG    root            Added dir [.gcloud/virtenv/lib/python3.12/site-packages/pkg_resources/tests/data/my-test-package_unpacked-egg/my_test_package-1.0-py3.7.egg]
2025-10-23 22:11:21,933 DEBUG    root            Added dir [.gcloud/virtenv/lib/python3.12/site-packages/pkg_resources/tests/data/my-test-package_unpacked-egg/my_test_package-1.0-py3.7.egg/EGG-INFO]
2025-10-23 22:11:21,933 DEBUG    root            Added dir [.gcloud/legacy_credentials/magnus.lundstein@kli.oslo.kommune.no]
2025-10-23 22:11:21,933 DEBUG    root            Added dir [deploy/gcp]
2025-10-23 22:11:21,933 DEBUG    root            Added dir [deploy/marvin]
2025-10-23 22:11:21,933 DEBUG    root            Added dir [Dokumentasjon/Utvikling]
2025-10-23 22:11:21,933 DEBUG    root            Added dir [scripts/python]
2025-10-23 22:11:21,933 DEBUG    root            Added dir [packages/config]
2025-10-23 22:11:21,933 DEBUG    root            Added dir [packages/config/src]
2025-10-23 22:11:21,933 DEBUG    root            Added dir [.github/workflows]
2025-10-23 22:11:21,933 DEBUG    root            Added dir [data/generated]
2025-10-23 22:11:21,934 DEBUG    root            Added dir [data/raw]
2025-10-23 22:11:21,934 DEBUG    root            Added dir [services/subsidy-service]
2025-10-23 22:11:21,934 DEBUG    root            Added dir [services/solar-service]
2025-10-23 22:11:21,934 DEBUG    root            Added dir [services/building-info-service]
2025-10-23 22:11:21,934 DEBUG    root            Added dir [src/clients]
2025-10-23 22:11:21,934 DEBUG    root            Added dir [src/testData]
2025-10-23 22:11:21,934 DEBUG    root            Added dir [src/types]
2025-10-23 22:11:21,934 DEBUG    root            Added dir [src/utils]
2025-10-23 22:11:21,934 DEBUG    root            Added dir [src/styles]
2025-10-23 22:11:21,934 DEBUG    root            Added dir [src/components]
2025-10-23 22:11:21,934 DEBUG    root            Added dir [src/hooks]
2025-10-23 22:11:21,934 DEBUG    root            Added dir [src/api]
2025-10-23 22:11:21,934 DEBUG    root            Added dir [src/data]
2025-10-23 22:11:21,934 DEBUG    root            Added dir [src/services]
2025-10-23 22:11:21,934 DEBUG    root            Added dir [src/components/FigmaBlokk]
2025-10-23 22:11:21,934 DEBUG    root            Added dir [src/components/FigmaBlokk/utils]
2025-10-23 22:11:21,934 DEBUG    root            Added dir [src/components/FigmaBlokk/components]
2025-10-23 22:11:21,934 DEBUG    root            Added dir [src/components/FigmaBlokk/hooks]
2025-10-23 22:11:21,934 DEBUG    root            Added dir [src/components/FigmaBlokk/components/Tiltak]
2025-10-23 22:11:21,934 DEBUG    root            Added dir [src/components/FigmaBlokk/components/ProsessenVidere]
2025-10-23 22:11:21,935 DEBUG    root            Added dir [src/components/FigmaBlokk/components/Tiltak/GulListeTiltak]
2025-10-23 22:11:21,935 DEBUG    root            Added dir [src/components/FigmaBlokk/components/ProsessenVidere/Ikoner]
2025-10-23 22:11:21,935 DEBUG    root            Added [tsconfig.node.json]
2025-10-23 22:11:21,935 DEBUG    root            Added [index.html]
2025-10-23 22:11:21,936 DEBUG    root            Added [tailwind.config.js]
2025-10-23 22:11:21,936 DEBUG    root            Added [Dockerfile]
2025-10-23 22:11:21,936 DEBUG    root            Added [tsconfig.contract.json]
2025-10-23 22:11:21,936 DEBUG    root            Added [loadEnv.ts]
2025-10-23 22:11:21,936 DEBUG    root            Added [README.md]
2025-10-23 22:11:21,936 DEBUG    root            Added [.dockerignore]
2025-10-23 22:11:21,945 DEBUG    root            Added [package-lock.json]
2025-10-23 22:11:21,945 DEBUG    root            Added [package.json]
2025-10-23 22:11:21,946 DEBUG    root            Added [tsconfig.json]
2025-10-23 22:11:21,946 DEBUG    root            Added [eslint.config.js]
2025-10-23 22:11:21,946 DEBUG    root            Added [vite.config.ts]
2025-10-23 22:11:21,946 DEBUG    root            Added [postcss.config.js]
2025-10-23 22:11:21,947 DEBUG    root            Added [.gcloud/default_configs.db]
2025-10-23 22:11:21,947 DEBUG    root            Added [.gcloud/application_default_credentials.json]
2025-10-23 22:11:21,947 DEBUG    root            Added [.gcloud/.metricsUUID]
2025-10-23 22:11:21,947 DEBUG    root            Added [.gcloud/access_tokens.db]
2025-10-23 22:11:21,947 DEBUG    root            Added [.gcloud/active_config]
2025-10-23 22:11:21,948 DEBUG    root            Added [.gcloud/gce]
2025-10-23 22:11:21,948 DEBUG    root            Added [.gcloud/.last_survey_prompt.yaml]
2025-10-23 22:11:21,948 DEBUG    root            Added [.gcloud/credentials.db]
2025-10-23 22:11:21,948 DEBUG    root            Added [.gcloud/hidden_gcloud_config_universe_descriptor_data_cache_configs.db]
2025-10-23 22:11:21,948 DEBUG    root            Added [.gcloud/.last_update_check.json]
2025-10-23 22:11:21,948 DEBUG    root            Added [.gcloud/config_sentinel]
2025-10-23 22:11:21,949 DEBUG    root            Added [.gcloud/configurations/config_default]
2025-10-23 22:11:21,949 DEBUG    root            Added [.gcloud/logs/2025.10.23/16.11.14.344427.log]
2025-10-23 22:11:21,952 DEBUG    root            Added [.gcloud/logs/2025.10.23/22.05.10.253234.log]
2025-10-23 22:11:21,952 DEBUG    root            Added [.gcloud/logs/2025.10.23/16.08.28.517048.log]
2025-10-23 22:11:21,953 DEBUG    root            Added [.gcloud/logs/2025.10.23/16.11.20.501474.log]
2025-10-23 22:11:21,953 DEBUG    root            Added [.gcloud/logs/2025.10.23/12.59.33.883690.log]
2025-10-23 22:11:21,953 DEBUG    root            Added [.gcloud/logs/2025.10.23/16.11.51.975509.log]
2025-10-23 22:11:21,953 DEBUG    root            Added [.gcloud/logs/2025.10.23/16.06.14.702123.log]
2025-10-23 22:11:21,953 DEBUG    root            Added [.gcloud/logs/2025.10.23/16.11.26.937341.log]
2025-10-23 22:11:21,953 DEBUG    root            Added [.gcloud/logs/2025.10.23/12.52.52.951605.log]
2025-10-23 22:11:21,954 DEBUG    root            Added [.gcloud/logs/2025.10.23/16.04.00.058655.log]
2025-10-23 22:11:21,954 DEBUG    root            Added [.gcloud/logs/2025.10.23/16.09.29.327603.log]
2025-10-23 22:11:21,954 DEBUG    root            Added [.gcloud/logs/2025.10.23/16.05.52.010268.log]
2025-10-23 22:11:21,954 DEBUG    root            Added [.gcloud/logs/2025.10.23/16.08.56.324379.log]
2025-10-23 22:11:21,954 DEBUG    root            Added [.gcloud/logs/2025.10.23/13.09.46.049103.log]
2025-10-23 22:11:21,955 DEBUG    root            Added [.gcloud/logs/2025.10.23/12.55.04.604777.log]
2025-10-23 22:11:21,955 DEBUG    root            Added [.gcloud/logs/2025.10.23/21.38.00.141006.log]
2025-10-23 22:11:21,955 DEBUG    root            Added [.gcloud/logs/2025.10.23/13.03.20.160548.log]
2025-10-23 22:11:21,955 DEBUG    root            Added [.gcloud/logs/2025.10.23/12.34.55.017068.log]
2025-10-23 22:11:21,956 DEBUG    root            Added [.gcloud/logs/2025.10.23/11.35.35.077329.log]
2025-10-23 22:11:21,956 DEBUG    root            Added [.gcloud/logs/2025.10.23/22.08.43.457677.log]
2025-10-23 22:11:21,956 DEBUG    root            Added [.gcloud/logs/2025.10.23/16.10.46.065403.log]
2025-10-23 22:11:21,957 DEBUG    root            Added [.gcloud/logs/2025.10.23/16.09.37.674948.log]
2025-10-23 22:11:21,957 DEBUG    root            Added [.gcloud/logs/2025.10.23/12.37.46.914384.log]
2025-10-23 22:11:21,957 DEBUG    root            Added [.gcloud/logs/2025.10.23/16.07.46.522344.log]
2025-10-23 22:11:21,958 DEBUG    root            Added [.gcloud/logs/2025.10.23/12.54.25.596831.log]
2025-10-23 22:11:21,958 DEBUG    root            Added [.gcloud/logs/2025.10.23/16.08.38.301022.log]
2025-10-23 22:11:21,958 DEBUG    root            Added [.gcloud/logs/2025.10.23/13.09.57.771201.log]
2025-10-23 22:11:21,961 DEBUG    root            Added [.gcloud/logs/2025.10.23/22.09.58.258775.log]
2025-10-23 22:11:21,961 DEBUG    root            Added [.gcloud/logs/2025.10.23/16.11.13.969258.log]
2025-10-23 22:11:21,962 DEBUG    root            Added [.gcloud/logs/2025.10.23/22.08.43.028345.log]
2025-10-23 22:11:21,962 DEBUG    root            Added [.gcloud/logs/2025.10.23/16.11.05.823347.log]
2025-10-23 22:11:21,962 DEBUG    root            Added [.gcloud/logs/2025.10.23/16.25.27.246311.log]
2025-10-23 22:11:21,962 DEBUG    root            Added [.gcloud/logs/2025.10.23/13.09.58.236423.log]
2025-10-23 22:11:21,962 DEBUG    root            Added [.gcloud/logs/2025.10.23/16.11.34.582875.log]
2025-10-23 22:11:21,963 DEBUG    root            Added [.gcloud/logs/2025.10.23/16.05.58.480887.log]
2025-10-23 22:11:21,963 DEBUG    root            Added [.gcloud/logs/2025.10.23/16.11.00.148413.log]
2025-10-23 22:11:21,963 DEBUG    root            Added [.gcloud/logs/2025.10.23/16.09.38.060143.log]
2025-10-23 22:11:21,963 DEBUG    root            Added [.gcloud/logs/2025.10.23/16.09.12.262179.log]
2025-10-23 22:11:21,963 DEBUG    root            Added [.gcloud/logs/2025.10.23/12.33.07.324422.log]
2025-10-23 22:11:21,964 DEBUG    root            Added [.gcloud/logs/2025.10.23/12.35.50.977398.log]
2025-10-23 22:11:21,964 DEBUG    root            Added [.gcloud/logs/2025.10.23/12.37.36.446960.log]
2025-10-23 22:11:21,964 DEBUG    root            Added [.gcloud/logs/2025.10.23/16.07.26.337138.log]
2025-10-23 22:11:21,964 DEBUG    root            Added [.gcloud/logs/2025.10.23/12.33.33.339874.log]
2025-10-23 22:11:21,965 DEBUG    root            Added [.gcloud/logs/2025.10.23/16.09.46.953720.log]
2025-10-23 22:11:21,965 DEBUG    root            Added [.gcloud/logs/2025.10.23/22.02.34.910079.log]
2025-10-23 22:11:21,965 DEBUG    root            Added [.gcloud/logs/2025.10.23/16.08.28.157600.log]
2025-10-23 22:11:21,965 DEBUG    root            Added [.gcloud/logs/2025.10.23/16.11.52.339027.log]
2025-10-23 22:11:21,965 DEBUG    root            Added [.gcloud/logs/2025.10.23/16.10.53.155331.log]
2025-10-23 22:11:21,966 DEBUG    root            Added [.gcloud/logs/2025.10.23/16.09.04.049683.log]
2025-10-23 22:11:21,966 DEBUG    root            Added [.gcloud/logs/2025.10.23/16.10.22.601411.log]
2025-10-23 22:11:21,966 DEBUG    root            Added [.gcloud/logs/2025.10.23/22.11.20.310282.log]
2025-10-23 22:11:21,966 DEBUG    root            Added [.gcloud/logs/2025.10.23/16.10.14.501176.log]
2025-10-23 22:11:21,966 DEBUG    root            Added [.gcloud/logs/2025.10.23/16.10.22.120732.log]
2025-10-23 22:11:21,966 DEBUG    root            Added [.gcloud/logs/2025.10.23/13.05.51.736589.log]
2025-10-23 22:11:21,967 DEBUG    root            Added [.gcloud/logs/2025.10.23/16.07.25.978181.log]
2025-10-23 22:11:21,967 DEBUG    root            Added [.gcloud/logs/2025.10.23/13.06.46.004744.log]
2025-10-23 22:11:21,967 DEBUG    root            Added [.gcloud/logs/2025.10.23/22.09.19.461532.log]
2025-10-23 22:11:21,967 DEBUG    root            Added [.gcloud/logs/2025.10.23/16.08.46.636817.log]
2025-10-23 22:11:21,967 DEBUG    root            Added [.gcloud/logs/2025.10.23/16.10.37.458213.log]
2025-10-23 22:11:21,968 DEBUG    root            Added [.gcloud/logs/2025.10.23/16.09.56.340445.log]
2025-10-23 22:11:21,968 DEBUG    root            Added [.gcloud/logs/2025.10.23/16.09.03.669761.log]
2025-10-23 22:11:21,968 DEBUG    root            Added [.gcloud/logs/2025.10.23/16.05.51.624441.log]
2025-10-23 22:11:21,968 DEBUG    root            Added [.gcloud/logs/2025.10.23/13.10.03.461795.log]
2025-10-23 22:11:21,969 DEBUG    root            Added [.gcloud/logs/2025.10.23/16.03.59.630216.log]
2025-10-23 22:11:21,969 DEBUG    root            Added [.gcloud/logs/2025.10.23/16.09.20.383389.log]
2025-10-23 22:11:21,969 DEBUG    root            Added [.gcloud/logs/2025.10.23/16.10.59.657919.log]
2025-10-23 22:11:21,969 DEBUG    root            Added [.gcloud/logs/2025.10.23/21.38.07.951105.log]
2025-10-23 22:11:21,970 DEBUG    root            Added [.gcloud/logs/2025.10.23/12.36.34.179122.log]
2025-10-23 22:11:21,970 DEBUG    root            Added [.gcloud/logs/2025.10.23/22.09.57.823900.log]
2025-10-23 22:11:21,970 DEBUG    root            Added [.gcloud/logs/2025.10.23/16.11.44.742959.log]
2025-10-23 22:11:21,970 DEBUG    root            Added [.gcloud/logs/2025.10.23/16.10.13.855703.log]
2025-10-23 22:11:21,970 DEBUG    root            Added [.gcloud/logs/2025.10.23/13.03.54.396536.log]
2025-10-23 22:11:21,971 DEBUG    root            Added [.gcloud/logs/2025.10.23/16.08.22.559074.log]
2025-10-23 22:11:21,971 DEBUG    root            Added [.gcloud/logs/2025.10.23/13.06.44.037692.log]
2025-10-23 22:11:21,971 DEBUG    root            Added [.gcloud/logs/2025.10.23/16.25.27.652601.log]
2025-10-23 22:11:21,971 DEBUG    root            Added [.gcloud/logs/2025.10.23/16.09.11.878496.log]
2025-10-23 22:11:21,971 DEBUG    root            Added [.gcloud/logs/2025.10.23/16.10.29.278445.log]
2025-10-23 22:11:21,971 DEBUG    root            Added [.gcloud/logs/2025.10.23/16.08.22.188236.log]
2025-10-23 22:11:21,972 DEBUG    root            Added [.gcloud/logs/2025.10.23/16.09.47.340699.log]
2025-10-23 22:11:21,972 DEBUG    root            Added [.gcloud/logs/2025.10.23/16.10.29.771916.log]
2025-10-23 22:11:21,972 DEBUG    root            Added [.gcloud/logs/2025.10.23/21.38.08.297126.log]
2025-10-23 22:11:21,972 DEBUG    root            Added [.gcloud/logs/2025.10.23/16.08.15.571878.log]
2025-10-23 22:11:21,973 DEBUG    root            Added [.gcloud/logs/2025.10.23/16.08.15.203292.log]
2025-10-23 22:11:21,973 DEBUG    root            Added [.gcloud/logs/2025.10.23/16.11.34.213337.log]
2025-10-23 22:11:21,973 DEBUG    root            Added [.gcloud/logs/2025.10.23/16.11.06.319582.log]
2025-10-23 22:11:21,973 DEBUG    root            Added [.gcloud/logs/2025.10.23/12.35.07.876940.log]
2025-10-23 22:11:21,974 DEBUG    root            Added [.gcloud/logs/2025.10.23/16.11.45.232575.log]
2025-10-23 22:11:21,974 DEBUG    root            Added [.gcloud/logs/2025.10.23/16.09.28.934330.log]
2025-10-23 22:11:21,974 DEBUG    root            Added [.gcloud/logs/2025.10.23/16.09.20.765951.log]
2025-10-23 22:11:21,974 DEBUG    root            Added [.gcloud/logs/2025.10.23/16.07.46.988773.log]
2025-10-23 22:11:21,974 DEBUG    root            Added [.gcloud/logs/2025.10.23/16.07.38.881123.log]
2025-10-23 22:11:21,974 DEBUG    root            Added [.gcloud/logs/2025.10.23/12.36.20.063690.log]
2025-10-23 22:11:21,975 DEBUG    root            Added [.gcloud/logs/2025.10.23/13.10.03.922483.log]
2025-10-23 22:11:21,975 DEBUG    root            Added [.gcloud/logs/2025.10.23/16.08.37.915428.log]
2025-10-23 22:11:21,975 DEBUG    root            Added [.gcloud/logs/2025.10.23/16.05.58.843791.log]
2025-10-23 22:11:21,978 DEBUG    root            Added [.gcloud/logs/2025.10.23/22.02.35.400184.log]
2025-10-23 22:11:21,978 DEBUG    root            Added [.gcloud/logs/2025.10.23/13.09.53.192776.log]
2025-10-23 22:11:21,978 DEBUG    root            Added [.gcloud/logs/2025.10.23/16.07.38.392773.log]
2025-10-23 22:11:21,979 DEBUG    root            Added [.gcloud/logs/2025.10.23/16.10.36.968412.log]
2025-10-23 22:11:21,979 DEBUG    root            Added [.gcloud/logs/2025.10.23/22.09.19.032694.log]
2025-10-23 22:11:21,979 DEBUG    root            Added [.gcloud/logs/2025.10.23/16.11.27.335652.log]
2025-10-23 22:11:21,979 DEBUG    root            Added [.gcloud/logs/2025.10.23/16.10.53.653005.log]
2025-10-23 22:11:21,980 DEBUG    root            Added [.gcloud/logs/2025.10.23/12.35.35.434023.log]
2025-10-23 22:11:21,980 DEBUG    root            Added [.gcloud/logs/2025.10.23/16.09.56.759416.log]
2025-10-23 22:11:21,980 DEBUG    root            Added [.gcloud/logs/2025.10.23/13.05.51.064198.log]
2025-10-23 22:11:21,980 DEBUG    root            Added [.gcloud/logs/2025.10.23/13.09.45.577221.log]
2025-10-23 22:11:21,981 DEBUG    root            Added [.gcloud/logs/2025.10.23/22.05.09.828665.log]
2025-10-23 22:11:21,981 DEBUG    root            Added [.gcloud/logs/2025.10.23/16.06.14.351019.log]
2025-10-23 22:11:21,981 DEBUG    root            Added [.gcloud/logs/2025.10.23/16.08.56.741496.log]
2025-10-23 22:11:21,981 DEBUG    root            Added [.gcloud/logs/2025.10.23/13.09.52.724636.log]
2025-10-23 22:11:21,982 DEBUG    root            Added [.gcloud/logs/2025.10.23/22.11.20.735128.log]
2025-10-23 22:11:21,982 DEBUG    root            Added [.gcloud/logs/2025.10.23/12.46.38.684980.log]
2025-10-23 22:11:21,982 DEBUG    root            Added [.gcloud/logs/2025.10.23/12.21.35.946606.log]
2025-10-23 22:11:21,983 DEBUG    root            Added [.gcloud/logs/2025.10.23/16.08.47.018630.log]
2025-10-23 22:11:21,983 DEBUG    root            Added [.gcloud/logs/2025.10.23/16.11.20.899492.log]
2025-10-23 22:11:21,983 DEBUG    root            Added [.gcloud/logs/2025.10.23/21.37.59.635076.log]
2025-10-23 22:11:21,983 DEBUG    root            Added [.gcloud/logs/2025.10.23/16.10.46.572803.log]
2025-10-23 22:11:21,984 DEBUG    root            Added [.gcloud/logs/2025.10.23/13.03.43.644198.log]
2025-10-23 22:11:21,984 DEBUG    root            Added [.gcloud/virtenv/pyvenv.cfg]
2025-10-23 22:11:21,984 DEBUG    root            Added [.gcloud/virtenv/update_module.log]
2025-10-23 22:11:22,046 DEBUG    root            Added [.gcloud/virtenv/install_module.log]
2025-10-23 22:11:22,047 DEBUG    root            Added [.gcloud/virtenv/enabled]
2025-10-23 22:11:22,047 DEBUG    root            Added [.gcloud/virtenv/bin/Activate.ps1]
2025-10-23 22:11:22,047 DEBUG    root            Added [.gcloud/virtenv/bin/python3]
2025-10-23 22:11:22,047 DEBUG    root            Added [.gcloud/virtenv/bin/pip3.12]
2025-10-23 22:11:22,047 DEBUG    root            Added [.gcloud/virtenv/bin/python]
2025-10-23 22:11:22,047 DEBUG    root            Added [.gcloud/virtenv/bin/pip3]
2025-10-23 22:11:22,048 DEBUG    root            Added [.gcloud/virtenv/bin/activate.fish]
2025-10-23 22:11:22,048 DEBUG    root            Added [.gcloud/virtenv/bin/pip]
2025-10-23 22:11:22,048 DEBUG    root            Added [.gcloud/virtenv/bin/activate]
2025-10-23 22:11:22,048 DEBUG    root            Added [.gcloud/virtenv/bin/python3.12]
2025-10-23 22:11:22,048 DEBUG    root            Added [.gcloud/virtenv/bin/activate.csh]
2025-10-23 22:11:22,048 DEBUG    root            Added [.gcloud/virtenv/lib/python3.12/site-packages/distutils-precedence.pth]
2025-10-23 22:11:22,068 DEBUG    root            Added [.gcloud/virtenv/lib/python3.12/site-packages/_cffi_backend.cpython-312-darwin.so]
2025-10-23 22:11:22,082 DEBUG    root            Added [.gcloud/virtenv/lib/python3.12/site-packages/typing_extensions.py]
2025-10-23 22:11:22,083 DEBUG    root            Added [.gcloud/virtenv/lib/python3.12/site-packages/google_crc32c/_checksum.py]
2025-10-23 22:11:22,083 DEBUG    root            Added [.gcloud/virtenv/lib/python3.12/site-packages/google_crc32c/cext.py]
2025-10-23 22:11:22,083 DEBUG    root            Added [.gcloud/virtenv/lib/python3.12/site-packages/google_crc32c/__init__.py]
2025-10-23 22:11:22,083 DEBUG    root            Added [.gcloud/virtenv/lib/python3.12/site-packages/google_crc32c/__config__.py]
2025-10-23 22:11:22,085 DEBUG    root            Added [.gcloud/virtenv/lib/python3.12/site-packages/google_crc32c/python.py]
2025-10-23 22:11:22,085 DEBUG    root            Added [.gcloud/virtenv/lib/python3.12/site-packages/google_crc32c/py.typed]
2025-10-23 22:11:22,087 DEBUG    root            Added [.gcloud/virtenv/lib/python3.12/site-packages/google_crc32c/_crc32c.cpython-312-darwin.so]
2025-10-23 22:11:22,090 DEBUG    root            Added [.gcloud/virtenv/lib/python3.12/site-packages/google_crc32c/.dylibs/libcrc32c.1.1.0.dylib]
2025-10-23 22:11:22,092 DEBUG    root            Added [.gcloud/virtenv/lib/python3.12/site-packages/pip-24.3.1.dist-info/RECORD]
2025-10-23 22:11:22,092 DEBUG    root            Added [.gcloud/virtenv/lib/python3.12/site-packages/pip-24.3.1.dist-info/WHEEL]
2025-10-23 22:11:22,092 DEBUG    root            Added [.gcloud/virtenv/lib/python3.12/site-packages/pip-24.3.1.dist-info/entry_points.txt]
2025-10-23 22:11:22,092 DEBUG    root            Added [.gcloud/virtenv/lib/python3.12/site-packages/pip-24.3.1.dist-info/top_level.txt]
2025-10-23 22:11:22,092 DEBUG    root            Added [.gcloud/virtenv/lib/python3.12/site-packages/pip-24.3.1.dist-info/LICENSE.txt]
2025-10-23 22:11:22,092 DEBUG    root            Added [.gcloud/virtenv/lib/python3.12/site-packages/pip-24.3.1.dist-info/AUTHORS.txt]
2025-10-23 22:11:22,092 DEBUG    root            Added [.gcloud/virtenv/lib/python3.12/site-packages/pip-24.3.1.dist-info/REQUESTED]
2025-10-23 22:11:22,092 DEBUG    root            Added [.gcloud/virtenv/lib/python3.12/site-packages/pip-24.3.1.dist-info/INSTALLER]
2025-10-23 22:11:22,092 DEBUG    root            Added [.gcloud/virtenv/lib/python3.12/site-packages/pip-24.3.1.dist-info/METADATA]
2025-10-23 22:11:22,093 DEBUG    root            Added [.gcloud/virtenv/lib/python3.12/site-packages/crcmod-1.7.dist-info/RECORD]
2025-10-23 22:11:22,093 DEBUG    root            Added [.gcloud/virtenv/lib/python3.12/site-packages/crcmod-1.7.dist-info/WHEEL]
2025-10-23 22:11:22,094 DEBUG    root            Added [.gcloud/virtenv/lib/python3.12/site-packages/crcmod-1.7.dist-info/top_level.txt]
2025-10-23 22:11:22,094 DEBUG    root            Added [.gcloud/virtenv/lib/python3.12/site-packages/crcmod-1.7.dist-info/REQUESTED]
2025-10-23 22:11:22,094 DEBUG    root            Added [.gcloud/virtenv/lib/python3.12/site-packages/crcmod-1.7.dist-info/INSTALLER]
2025-10-23 22:11:22,094 DEBUG    root            Added [.gcloud/virtenv/lib/python3.12/site-packages/crcmod-1.7.dist-info/METADATA]
2025-10-23 22:11:22,094 DEBUG    root            Added [.gcloud/virtenv/lib/python3.12/site-packages/crcmod-1.7.dist-info/licenses/LICENSE]
2025-10-23 22:11:22,099 DEBUG    root            Added [.gcloud/virtenv/lib/python3.12/site-packages/pycparser/c_parser.py]
2025-10-23 22:11:22,099 DEBUG    root            Added [.gcloud/virtenv/lib/python3.12/site-packages/pycparser/_ast_gen.py]
2025-10-23 22:11:22,099 DEBUG    root            Added [.gcloud/virtenv/lib/python3.12/site-packages/pycparser/__init__.py]
2025-10-23 22:11:22,102 DEBUG    root            Added [.gcloud/virtenv/lib/python3.12/site-packages/pycparser/_c_ast.cfg]
2025-10-23 22:11:22,102 DEBUG    root            Added [.gcloud/virtenv/lib/python3.12/site-packages/pycparser/c_ast.py]
2025-10-23 22:11:22,103 DEBUG    root            Added [.gcloud/virtenv/lib/python3.12/site-packages/pycparser/plyparser.py]
2025-10-23 22:11:22,103 DEBUG    root            Added [.gcloud/virtenv/lib/python3.12/site-packages/pycparser/_build_tables.py]
2025-10-23 22:11:22,103 DEBUG    root            Added [.gcloud/virtenv/lib/python3.12/site-packages/pycparser/ast_transforms.py]
2025-10-23 22:11:22,112 DEBUG    root            Added [.gcloud/virtenv/lib/python3.12/site-packages/pycparser/yacctab.py]
2025-10-23 22:11:22,112 DEBUG    root            Added [.gcloud/virtenv/lib/python3.12/site-packages/pycparser/c_generator.py]
2025-10-23 22:11:22,113 DEBUG    root            Added [.gcloud/virtenv/lib/python3.12/site-packages/pycparser/c_lexer.py]
2025-10-23 22:11:22,113 DEBUG    root            Added [.gcloud/virtenv/lib/python3.12/site-packages/pycparser/lextab.py]
2025-10-23 22:11:22,128 DEBUG    root            Added [.gcloud/virtenv/lib/python3.12/site-packages/pycparser/ply/yacc.py]
2025-10-23 22:11:22,131 DEBUG    root            Added [.gcloud/virtenv/lib/python3.12/site-packages/pycparser/ply/lex.py]
2025-10-23 22:11:22,131 DEBUG    root            Added [.gcloud/virtenv/lib/python3.12/site-packages/pycparser/ply/ctokens.py]
2025-10-23 22:11:22,134 DEBUG    root            Added [.gcloud/virtenv/lib/python3.12/site-packages/pycparser/ply/__init__.py]
2025-10-23 22:11:22,136 DEBUG    root            Added [.gcloud/virtenv/lib/python3.12/site-packages/pycparser/ply/cpp.py]
2025-10-23 22:11:22,136 DEBUG    root            Added [.gcloud/virtenv/lib/python3.12/site-packages/pycparser/ply/ygen.py]
2025-10-23 22:11:22,136 DEBUG    root            Added [.gcloud/virtenv/lib/python3.12/site-packages/grpc/_typing.py]
2025-10-23 22:11:22,136 DEBUG    root            Added [.gcloud/virtenv/lib/python3.12/site-packages/grpc/_compression.py]
2025-10-23 22:11:22,144 DEBUG    root            Added [.gcloud/virtenv/lib/python3.12/site-packages/grpc/_channel.py]
2025-10-23 22:11:22,144 DEBUG    root            Added [.gcloud/virtenv/lib/python3.12/site-packages/grpc/_common.py]
2025-10-23 22:11:22,150 DEBUG    root            Added [.gcloud/virtenv/lib/python3.12/site-packages/grpc/__init__.py]
2025-10-23 22:11:22,151 DEBUG    root            Added [.gcloud/virtenv/lib/python3.12/site-packages/grpc/_utilities.py]
2025-10-23 22:11:22,153 DEBUG    root            Added [.gcloud/virtenv/lib/python3.12/site-packages/grpc/_simple_stubs.py]
2025-10-23 22:11:22,154 DEBUG    root            Added [.gcloud/virtenv/lib/python3.12/site-packages/grpc/_observability.py]
2025-10-23 22:11:22,154 DEBUG    root            Added [.gcloud/virtenv/lib/python3.12/site-packages/grpc/_plugin_wrapping.py]
2025-10-23 22:11:22,156 DEBUG    root            Added [.gcloud/virtenv/lib/python3.12/site-packages/grpc/_interceptor.py]
2025-10-23 22:11:22,156 DEBUG    root            Added [.gcloud/virtenv/lib/python3.12/site-packages/grpc/_grpcio_metadata.py]
2025-10-23 22:11:22,161 DEBUG    root            Added [.gcloud/virtenv/lib/python3.12/site-packages/grpc/_server.py]
2025-10-23 22:11:22,161 DEBUG    root            Added [.gcloud/virtenv/lib/python3.12/site-packages/grpc/_runtime_protos.py]
2025-10-23 22:11:22,161 DEBUG    root            Added [.gcloud/virtenv/lib/python3.12/site-packages/grpc/_auth.py]
2025-10-23 22:11:22,164 DEBUG    root            Added [.gcloud/virtenv/lib/python3.12/site-packages/grpc/beta/_server_adaptations.py]
2025-10-23 22:11:22,164 DEBUG    root            Added [.gcloud/virtenv/lib/python3.12/site-packages/grpc/beta/interfaces.py]
2025-10-23 22:11:22,164 DEBUG    root            Added [.gcloud/virtenv/lib/python3.12/site-packages/grpc/beta/_metadata.py]
2025-10-23 22:11:22,164 DEBUG    root            Added [.gcloud/virtenv/lib/python3.12/site-packages/grpc/beta/__init__.py]
2025-10-23 22:11:22,166 DEBUG    root            Added [.gcloud/virtenv/lib/python3.12/site-packages/grpc/beta/utilities.py]
2025-10-23 22:11:22,166 DEBUG    root            Added [.gcloud/virtenv/lib/python3.12/site-packages/grpc/beta/implementations.py]
2025-10-23 22:11:22,167 DEBUG    root            Added [.gcloud/virtenv/lib/python3.12/site-packages/grpc/beta/_client_adaptations.py]
2025-10-23 22:11:22,168 DEBUG    root            Added [.gcloud/virtenv/lib/python3.12/site-packages/grpc/experimental/gevent.py]
2025-10-23 22:11:22,169 DEBUG    root            Added [.gcloud/virtenv/lib/python3.12/site-packages/grpc/experimental/__init__.py]
2025-10-23 22:11:22,169 DEBUG    root            Added [.gcloud/virtenv/lib/python3.12/site-packages/grpc/experimental/session_cache.py]
2025-10-23 22:11:22,169 DEBUG    root            Added [.gcloud/virtenv/lib/python3.12/site-packages/grpc/experimental/aio/__init__.py]
2025-10-23 22:11:22,169 DEBUG    root            Added [.gcloud/virtenv/lib/python3.12/site-packages/grpc/framework/__init__.py]
2025-10-23 22:11:22,169 DEBUG    root            Added [.gcloud/virtenv/lib/python3.12/site-packages/grpc/framework/foundation/callable_util.py]
2025-10-23 22:11:22,169 DEBUG    root            Added [.gcloud/virtenv/lib/python3.12/site-packages/grpc/framework/foundation/abandonment.py]
2025-10-23 22:11:22,169 DEBUG    root            Added [.gcloud/virtenv/lib/python3.12/site-packages/grpc/framework/foundation/__init__.py]
2025-10-23 22:11:22,169 DEBUG    root            Added [.gcloud/virtenv/lib/python3.12/site-packages/grpc/framework/foundation/stream.py]
2025-10-23 22:11:22,169 DEBUG    root            Added [.gcloud/virtenv/lib/python3.12/site-packages/grpc/framework/foundation/stream_util.py]
2025-10-23 22:11:22,171 DEBUG    root            Added [.gcloud/virtenv/lib/python3.12/site-packages/grpc/framework/foundation/future.py]
2025-10-23 22:11:22,171 DEBUG    root            Added [.gcloud/virtenv/lib/python3.12/site-packages/grpc/framework/foundation/logging_pool.py]
2025-10-23 22:11:22,171 DEBUG    root            Added [.gcloud/virtenv/lib/python3.12/site-packages/grpc/framework/common/style.py]
2025-10-23 22:11:22,171 DEBUG    root            Added [.gcloud/virtenv/lib/python3.12/site-packages/grpc/framework/common/cardinality.py]
2025-10-23 22:11:22,171 DEBUG    root            Added [.gcloud/virtenv/lib/python3.12/site-packages/grpc/framework/common/__init__.py]
2025-10-23 22:11:22,171 DEBUG    root            Added [.gcloud/virtenv/lib/python3.12/site-packages/grpc/framework/interfaces/__init__.py]
2025-10-23 22:11:22,171 DEBUG    root            Added [.gcloud/virtenv/lib/python3.12/site-packages/grpc/framework/interfaces/face/__init__.py]
2025-10-23 22:11:22,172 DEBUG    root            Added [.gcloud/virtenv/lib/python3.12/site-packages/grpc/framework/interfaces/face/utilities.py]
2025-10-23 22:11:22,173 DEBUG    root            Added [.gcloud/virtenv/lib/python3.12/site-packages/grpc/framework/interfaces/face/face.py]
2025-10-23 22:11:22,173 DEBUG    root            Added [.gcloud/virtenv/lib/python3.12/site-packages/grpc/framework/interfaces/base/__init__.py]
2025-10-23 22:11:22,173 DEBUG    root            Added [.gcloud/virtenv/lib/python3.12/site-packages/grpc/framework/interfaces/base/utilities.py]
2025-10-23 22:11:22,174 DEBUG    root            Added [.gcloud/virtenv/lib/python3.12/site-packages/grpc/framework/interfaces/base/base.py]
2025-10-23 22:11:22,174 DEBUG    root            Added [.gcloud/virtenv/lib/python3.12/site-packages/grpc/aio/_base_server.py]
2025-10-23 22:11:22,175 DEBUG    root            Added [.gcloud/virtenv/lib/python3.12/site-packages/grpc/aio/_metadata.py]
2025-10-23 22:11:22,175 DEBUG    root            Added [.gcloud/virtenv/lib/python3.12/site-packages/grpc/aio/_typing.py]
2025-10-23 22:11:22,177 DEBUG    root            Added [.gcloud/virtenv/lib/python3.12/site-packages/grpc/aio/_call.py]
2025-10-23 22:11:22,179 DEBUG    root            Added [.gcloud/virtenv/lib/python3.12/site-packages/grpc/aio/_channel.py]
2025-10-23 22:11:22,179 DEBUG    root            Added [.gcloud/virtenv/lib/python3.12/site-packages/grpc/aio/__init__.py]
2025-10-23 22:11:22,179 DEBUG    root            Added [.gcloud/virtenv/lib/python3.12/site-packages/grpc/aio/_base_channel.py]
2025-10-23 22:11:22,182 DEBUG    root            Added [.gcloud/virtenv/lib/python3.12/site-packages/grpc/aio/_interceptor.py]
2025-10-23 22:11:22,182 DEBUG    root            Added [.gcloud/virtenv/lib/python3.12/site-packages/grpc/aio/_server.py]
2025-10-23 22:11:22,183 DEBUG    root            Added [.gcloud/virtenv/lib/python3.12/site-packages/grpc/aio/_base_call.py]
2025-10-23 22:11:22,183 DEBUG    root            Added [.gcloud/virtenv/lib/python3.12/site-packages/grpc/aio/_utils.py]
2025-10-23 22:11:22,184 DEBUG    root            Added [.gcloud/virtenv/lib/python3.12/site-packages/grpc/_cython/__init__.py]
2025-10-23 22:11:25,263 DEBUG    root            Added [.gcloud/virtenv/lib/python3.12/site-packages/grpc/_cython/cygrpc.cpython-312-darwin.so]
2025-10-23 22:11:25,264 DEBUG    root            Added [.gcloud/virtenv/lib/python3.12/site-packages/grpc/_cython/_cygrpc/__init__.py]
2025-10-23 22:11:25,270 DEBUG    root            Added [.gcloud/virtenv/lib/python3.12/site-packages/grpc/_cython/_credentials/roots.pem]
2025-10-23 22:11:25,270 DEBUG    root            Added [.gcloud/virtenv/lib/python3.12/site-packages/cryptography/__init__.py]
2025-10-23 22:11:25,270 DEBUG    root            Added [.gcloud/virtenv/lib/python3.12/site-packages/cryptography/utils.py]
2025-10-23 22:11:25,270 DEBUG    root            Added [.gcloud/virtenv/lib/python3.12/site-packages/cryptography/__about__.py]
2025-10-23 22:11:25,270 DEBUG    root            Added [.gcloud/virtenv/lib/python3.12/site-packages/cryptography/py.typed]
2025-10-23 22:11:25,271 DEBUG    root            Added [.gcloud/virtenv/lib/python3.12/site-packages/cryptography/exceptions.py]
2025-10-23 22:11:25,271 DEBUG    root            Added [.gcloud/virtenv/lib/python3.12/site-packages/cryptography/fernet.py]
2025-10-23 22:11:25,271 DEBUG    root            Added [.gcloud/virtenv/lib/python3.12/site-packages/cryptography/hazmat/__init__.py]
2025-10-23 22:11:25,272 DEBUG    root            Added [.gcloud/virtenv/lib/python3.12/site-packages/cryptography/hazmat/_oid.py]
2025-10-23 22:11:25,272 DEBUG    root            Added [.gcloud/virtenv/lib/python3.12/site-packages/cryptography/hazmat/backends/__init__.py]
2025-10-23 22:11:25,272 DEBUG    root            Added [.gcloud/virtenv/lib/python3.12/site-packages/cryptography/hazmat/backends/openssl/backend.py]
2025-10-23 22:11:25,275 DEBUG    root            Added [.gcloud/virtenv/lib/python3.12/site-packages/cryptography/hazmat/backends/openssl/ciphers.py]
2025-10-23 22:11:25,276 DEBUG    root            Added [.gcloud/virtenv/lib/python3.12/site-packages/cryptography/hazmat/backends/openssl/aead.py]
2025-10-23 22:11:25,276 DEBUG    root            Added [.gcloud/virtenv/lib/python3.12/site-packages/cryptography/hazmat/backends/openssl/__init__.py]
2025-10-23 22:11:25,276 DEBUG    root            Added [.gcloud/virtenv/lib/python3.12/site-packages/cryptography/hazmat/backends/openssl/decode_asn1.py]
2025-10-23 22:11:25,278 DEBUG    root            Added [.gcloud/virtenv/lib/python3.12/site-packages/cryptography/hazmat/primitives/_serialization.py]
2025-10-23 22:11:25,279 DEBUG    root            Added [.gcloud/virtenv/lib/python3.12/site-packages/cryptography/hazmat/primitives/cmac.py]
2025-10-23 22:11:25,279 DEBUG    root            Added [.gcloud/virtenv/lib/python3.12/site-packages/cryptography/hazmat/primitives/_asymmetric.py]
2025-10-23 22:11:25,279 DEBUG    root            Added [.gcloud/virtenv/lib/python3.12/site-packages/cryptography/hazmat/primitives/__init__.py]
2025-10-23 22:11:25,279 DEBUG    root            Added [.gcloud/virtenv/lib/python3.12/site-packages/cryptography/hazmat/primitives/_cipheralgorithm.py]
2025-10-23 22:11:25,279 DEBUG    root            Added [.gcloud/virtenv/lib/python3.12/site-packages/cryptography/hazmat/primitives/poly1305.py]
2025-10-23 22:11:25,279 DEBUG    root            Added [.gcloud/virtenv/lib/python3.12/site-packages/cryptography/hazmat/primitives/constant_time.py]
2025-10-23 22:11:25,279 DEBUG    root            Added [.gcloud/virtenv/lib/python3.12/site-packages/cryptography/hazmat/primitives/keywrap.py]
2025-10-23 22:11:25,279 DEBUG    root            Added [.gcloud/virtenv/lib/python3.12/site-packages/cryptography/hazmat/primitives/hmac.py]
2025-10-23 22:11:25,280 DEBUG    root            Added [.gcloud/virtenv/lib/python3.12/site-packages/cryptography/hazmat/primitives/hashes.py]
2025-10-23 22:11:25,280 DEBUG    root            Added [.gcloud/virtenv/lib/python3.12/site-packages/cryptography/hazmat/primitives/padding.py]
2025-10-23 22:11:25,280 DEBUG    root            Added [.gcloud/virtenv/lib/python3.12/site-packages/cryptography/hazmat/primitives/kdf/__init__.py]
2025-10-23 22:11:25,281 DEBUG    root            Added [.gcloud/virtenv/lib/python3.12/site-packages/cryptography/hazmat/primitives/kdf/scrypt.py]
2025-10-23 22:11:25,281 DEBUG    root            Added [.gcloud/virtenv/lib/python3.12/site-packages/cryptography/hazmat/primitives/kdf/pbkdf2.py]
2025-10-23 22:11:25,281 DEBUG    root            Added [.gcloud/virtenv/lib/python3.12/site-packages/cryptography/hazmat/primitives/kdf/hkdf.py]
2025-10-23 22:11:25,281 DEBUG    root            Added [.gcloud/virtenv/lib/python3.12/site-packages/cryptography/hazmat/primitives/kdf/x963kdf.py]
2025-10-23 22:11:25,282 DEBUG    root            Added [.gcloud/virtenv/lib/python3.12/site-packages/cryptography/hazmat/primitives/kdf/kbkdf.py]
2025-10-23 22:11:25,282 DEBUG    root            Added [.gcloud/virtenv/lib/python3.12/site-packages/cryptography/hazmat/primitives/kdf/concatkdf.py]
2025-10-23 22:11:25,282 DEBUG    root            Added [.gcloud/virtenv/lib/python3.12/site-packages/cryptography/hazmat/primitives/twofactor/totp.py]
2025-10-23 22:11:25,282 DEBUG    root            Added [.gcloud/virtenv/lib/python3.12/site-packages/cryptography/hazmat/primitives/twofactor/__init__.py]
2025-10-23 22:11:25,282 DEBUG    root            Added [.gcloud/virtenv/lib/python3.12/site-packages/cryptography/hazmat/primitives/twofactor/hotp.py]
2025-10-23 22:11:25,283 DEBUG    root            Added [.gcloud/virtenv/lib/python3.12/site-packages/cryptography/hazmat/primitives/serialization/__init__.py]
2025-10-23 22:11:25,284 DEBUG    root            Added [.gcloud/virtenv/lib/python3.12/site-packages/cryptography/hazmat/primitives/serialization/pkcs12.py]
2025-10-23 22:11:25,284 DEBUG    root            Added [.gcloud/virtenv/lib/python3.12/site-packages/cryptography/hazmat/primitives/serialization/pkcs7.py]
2025-10-23 22:11:25,288 DEBUG    root            Added [.gcloud/virtenv/lib/python3.12/site-packages/cryptography/hazmat/primitives/serialization/ssh.py]
2025-10-23 22:11:25,288 DEBUG    root            Added [.gcloud/virtenv/lib/python3.12/site-packages/cryptography/hazmat/primitives/serialization/base.py]
2025-10-23 22:11:25,288 DEBUG    root            Added [.gcloud/virtenv/lib/python3.12/site-packages/cryptography/hazmat/primitives/ciphers/algorithms.py]
2025-10-23 22:11:25,290 DEBUG    root            Added [.gcloud/virtenv/lib/python3.12/site-packages/cryptography/hazmat/primitives/ciphers/aead.py]
2025-10-23 22:11:25,290 DEBUG    root            Added [.gcloud/virtenv/lib/python3.12/site-packages/cryptography/hazmat/primitives/ciphers/__init__.py]
2025-10-23 22:11:25,290 DEBUG    root            Added [.gcloud/virtenv/lib/python3.12/site-packages/cryptography/hazmat/primitives/ciphers/modes.py]
2025-10-23 22:11:25,290 DEBUG    root            Added [.gcloud/virtenv/lib/python3.12/site-packages/cryptography/hazmat/primitives/ciphers/base.py]
2025-10-23 22:11:25,291 DEBUG    root            Added [.gcloud/virtenv/lib/python3.12/site-packages/cryptography/hazmat/primitives/asymmetric/x448.py]
2025-10-23 22:11:25,292 DEBUG    root            Added [.gcloud/virtenv/lib/python3.12/site-packages/cryptography/hazmat/primitives/asymmetric/ec.py]
2025-10-23 22:11:25,292 DEBUG    root            Added [.gcloud/virtenv/lib/python3.12/site-packages/cryptography/hazmat/primitives/asymmetric/rsa.py]
2025-10-23 22:11:25,292 DEBUG    root            Added [.gcloud/virtenv/lib/python3.12/site-packages/cryptography/hazmat/primitives/asymmetric/dh.py]
2025-10-23 22:11:25,292 DEBUG    root            Added [.gcloud/virtenv/lib/python3.12/site-packages/cryptography/hazmat/primitives/asymmetric/__init__.py]
2025-10-23 22:11:25,293 DEBUG    root            Added [.gcloud/virtenv/lib/python3.12/site-packages/cryptography/hazmat/primitives/asymmetric/types.py]
2025-10-23 22:11:25,293 DEBUG    root            Added [.gcloud/virtenv/lib/python3.12/site-packages/cryptography/hazmat/primitives/asymmetric/utils.py]
2025-10-23 22:11:25,293 DEBUG    root            Added [.gcloud/virtenv/lib/python3.12/site-packages/cryptography/hazmat/primitives/asymmetric/ed25519.py]
2025-10-23 22:11:25,293 DEBUG    root            Added [.gcloud/virtenv/lib/python3.12/site-packages/cryptography/hazmat/primitives/asymmetric/dsa.py]
2025-10-23 22:11:25,293 DEBUG    root            Added [.gcloud/virtenv/lib/python3.12/site-packages/cryptography/hazmat/primitives/asymmetric/ed448.py]
2025-10-23 22:11:25,293 DEBUG    root            Added [.gcloud/virtenv/lib/python3.12/site-packages/cryptography/hazmat/primitives/asymmetric/x25519.py]
2025-10-23 22:11:25,293 DEBUG    root            Added [.gcloud/virtenv/lib/python3.12/site-packages/cryptography/hazmat/primitives/asymmetric/padding.py]
2025-10-23 22:11:25,294 DEBUG    root            Added [.gcloud/virtenv/lib/python3.12/site-packages/cryptography/hazmat/bindings/__init__.py]
2025-10-23 22:11:26,817 DEBUG    root            Added [.gcloud/virtenv/lib/python3.12/site-packages/cryptography/hazmat/bindings/_rust.abi3.so]
2025-10-23 22:11:26,818 DEBUG    root            Added [.gcloud/virtenv/lib/python3.12/site-packages/cryptography/hazmat/bindings/_rust/_openssl.pyi]
2025-10-23 22:11:26,818 DEBUG    root            Added [.gcloud/virtenv/lib/python3.12/site-packages/cryptography/hazmat/bindings/_rust/__init__.pyi]
2025-10-23 22:11:26,818 DEBUG    root            Added [.gcloud/virtenv/lib/python3.12/site-packages/cryptography/hazmat/bindings/_rust/x509.pyi]
2025-10-23 22:11:26,818 DEBUG    root            Added [.gcloud/virtenv/lib/python3.12/site-packages/cryptography/hazmat/bindings/_rust/exceptions.pyi]
2025-10-23 22:11:26,818 DEBUG    root            Added [.gcloud/virtenv/lib/python3.12/site-packages/cryptography/hazmat/bindings/_rust/ocsp.pyi]
2025-10-23 22:11:26,818 DEBUG    root            Added [.gcloud/virtenv/lib/python3.12/site-packages/cryptography/hazmat/bindings/_rust/asn1.pyi]
2025-10-23 22:11:26,818 DEBUG    root            Added [.gcloud/virtenv/lib/python3.12/site-packages/cryptography/hazmat/bindings/_rust/pkcs7.pyi]
2025-10-23 22:11:26,818 DEBUG    root            Added [.gcloud/virtenv/lib/python3.12/site-packages/cryptography/hazmat/bindings/_rust/openssl/ed25519.pyi]
2025-10-23 22:11:26,819 DEBUG    root            Added [.gcloud/virtenv/lib/python3.12/site-packages/cryptography/hazmat/bindings/_rust/openssl/ec.pyi]
2025-10-23 22:11:26,819 DEBUG    root            Added [.gcloud/virtenv/lib/python3.12/site-packages/cryptography/hazmat/bindings/_rust/openssl/dsa.pyi]
2025-10-23 22:11:26,819 DEBUG    root            Added [.gcloud/virtenv/lib/python3.12/site-packages/cryptography/hazmat/bindings/_rust/openssl/cmac.pyi]
2025-10-23 22:11:26,819 DEBUG    root            Added [.gcloud/virtenv/lib/python3.12/site-packages/cryptography/hazmat/bindings/_rust/openssl/__init__.pyi]
2025-10-23 22:11:26,820 DEBUG    root            Added [.gcloud/virtenv/lib/python3.12/site-packages/cryptography/hazmat/bindings/_rust/openssl/hashes.pyi]
2025-10-23 22:11:26,820 DEBUG    root            Added [.gcloud/virtenv/lib/python3.12/site-packages/cryptography/hazmat/bindings/_rust/openssl/kdf.pyi]
2025-10-23 22:11:26,820 DEBUG    root            Added [.gcloud/virtenv/lib/python3.12/site-packages/cryptography/hazmat/bindings/_rust/openssl/rsa.pyi]
2025-10-23 22:11:26,820 DEBUG    root            Added [.gcloud/virtenv/lib/python3.12/site-packages/cryptography/hazmat/bindings/_rust/openssl/keys.pyi]
2025-10-23 22:11:26,820 DEBUG    root            Added [.gcloud/virtenv/lib/python3.12/site-packages/cryptography/hazmat/bindings/_rust/openssl/x448.pyi]
2025-10-23 22:11:26,820 DEBUG    root            Added [.gcloud/virtenv/lib/python3.12/site-packages/cryptography/hazmat/bindings/_rust/openssl/x25519.pyi]
2025-10-23 22:11:26,820 DEBUG    root            Added [.gcloud/virtenv/lib/python3.12/site-packages/cryptography/hazmat/bindings/_rust/openssl/ed448.pyi]
2025-10-23 22:11:26,820 DEBUG    root            Added [.gcloud/virtenv/lib/python3.12/site-packages/cryptography/hazmat/bindings/_rust/openssl/poly1305.pyi]
2025-10-23 22:11:26,820 DEBUG    root            Added [.gcloud/virtenv/lib/python3.12/site-packages/cryptography/hazmat/bindings/_rust/openssl/aead.pyi]
2025-10-23 22:11:26,821 DEBUG    root            Added [.gcloud/virtenv/lib/python3.12/site-packages/cryptography/hazmat/bindings/_rust/openssl/dh.pyi]
2025-10-23 22:11:26,821 DEBUG    root            Added [.gcloud/virtenv/lib/python3.12/site-packages/cryptography/hazmat/bindings/_rust/openssl/hmac.pyi]
2025-10-23 22:11:26,821 DEBUG    root            Added [.gcloud/virtenv/lib/python3.12/site-packages/cryptography/hazmat/bindings/openssl/__init__.py]
2025-10-23 22:11:26,821 DEBUG    root            Added [.gcloud/virtenv/lib/python3.12/site-packages/cryptography/hazmat/bindings/openssl/_conditional.py]
2025-10-23 22:11:26,821 DEBUG    root            Added [.gcloud/virtenv/lib/python3.12/site-packages/cryptography/hazmat/bindings/openssl/binding.py]
2025-10-23 22:11:26,821 DEBUG    root            Added [.gcloud/virtenv/lib/python3.12/site-packages/cryptography/x509/oid.py]
2025-10-23 22:11:26,822 DEBUG    root            Added [.gcloud/virtenv/lib/python3.12/site-packages/cryptography/x509/verification.py]
2025-10-23 22:11:26,822 DEBUG    root            Added [.gcloud/virtenv/lib/python3.12/site-packages/cryptography/x509/ocsp.py]
2025-10-23 22:11:26,822 DEBUG    root            Added [.gcloud/virtenv/lib/python3.12/site-packages/cryptography/x509/general_name.py]
2025-10-23 22:11:26,824 DEBUG    root            Added [.gcloud/virtenv/lib/python3.12/site-packages/cryptography/x509/__init__.py]
2025-10-23 22:11:26,827 DEBUG    root            Added [.gcloud/virtenv/lib/python3.12/site-packages/cryptography/x509/extensions.py]
2025-10-23 22:11:26,828 DEBUG    root            Added [.gcloud/virtenv/lib/python3.12/site-packages/cryptography/x509/name.py]
2025-10-23 22:11:26,830 DEBUG    root            Added [.gcloud/virtenv/lib/python3.12/site-packages/cryptography/x509/base.py]
2025-10-23 22:11:26,830 DEBUG    root            Added [.gcloud/virtenv/lib/python3.12/site-packages/cryptography/x509/certificate_transparency.py]
2025-10-23 22:11:26,832 DEBUG    root            Added [.gcloud/virtenv/lib/python3.12/site-packages/cffi/_cffi_include.h]
2025-10-23 22:11:26,832 DEBUG    root            Added [.gcloud/virtenv/lib/python3.12/site-packages/cffi/_imp_emulation.py]
2025-10-23 22:11:26,837 DEBUG    root            Added [.gcloud/virtenv/lib/python3.12/site-packages/cffi/backend_ctypes.py]
2025-10-23 22:11:26,837 DEBUG    root            Added [.gcloud/virtenv/lib/python3.12/site-packages/cffi/error.py]
2025-10-23 22:11:26,837 DEBUG    root            Added [.gcloud/virtenv/lib/python3.12/site-packages/cffi/setuptools_ext.py]
2025-10-23 22:11:26,837 DEBUG    root            Added [.gcloud/virtenv/lib/python3.12/site-packages/cffi/_shimmed_dist_utils.py]
2025-10-23 22:11:26,840 DEBUG    root            Added [.gcloud/virtenv/lib/python3.12/site-packages/cffi/_cffi_errors.h]
2025-10-23 22:11:26,840 DEBUG    root            Added [.gcloud/virtenv/lib/python3.12/site-packages/cffi/__init__.py]
2025-10-23 22:11:26,840 DEBUG    root            Added [.gcloud/virtenv/lib/python3.12/site-packages/cffi/cffi_opcode.py]
2025-10-23 22:11:26,843 DEBUG    root            Added [.gcloud/virtenv/lib/python3.12/site-packages/cffi/vengine_gen.py]
2025-10-23 22:11:26,843 DEBUG    root            Added [.gcloud/virtenv/lib/python3.12/site-packages/cffi/pkgconfig.py]
2025-10-23 22:11:26,845 DEBUG    root            Added [.gcloud/virtenv/lib/python3.12/site-packages/cffi/model.py]
2025-10-23 22:11:26,845 DEBUG    root            Added [.gcloud/virtenv/lib/python3.12/site-packages/cffi/ffiplatform.py]
2025-10-23 22:11:26,851 DEBUG    root            Added [.gcloud/virtenv/lib/python3.12/site-packages/cffi/api.py]
2025-10-23 22:11:26,854 DEBUG    root            Added [.gcloud/virtenv/lib/python3.12/site-packages/cffi/vengine_cpy.py]
2025-10-23 22:11:26,856 DEBUG    root            Added [.gcloud/virtenv/lib/python3.12/site-packages/cffi/_embedding.h]
2025-10-23 22:11:26,856 DEBUG    root            Added [.gcloud/virtenv/lib/python3.12/site-packages/cffi/commontypes.py]
2025-10-23 22:11:26,856 DEBUG    root            Added [.gcloud/virtenv/lib/python3.12/site-packages/cffi/lock.py]
2025-10-23 22:11:26,861 DEBUG    root            Added [.gcloud/virtenv/lib/python3.12/site-packages/cffi/recompiler.py]
2025-10-23 22:11:26,867 DEBUG    root            Added [.gcloud/virtenv/lib/python3.12/site-packages/cffi/cparser.py]
2025-10-23 22:11:26,870 DEBUG    root            Added [.gcloud/virtenv/lib/python3.12/site-packages/cffi/verifier.py]
2025-10-23 22:11:26,870 DEBUG    root            Added [.gcloud/virtenv/lib/python3.12/site-packages/cffi/parse_c_type.h]
2025-10-23 22:11:26,870 DEBUG    root            Added [.gcloud/virtenv/lib/python3.12/site-packages/certifi-2025.10.5.dist-info/RECORD]
2025-10-23 22:11:26,870 DEBUG    root            Added [.gcloud/virtenv/lib/python3.12/site-packages/certifi-2025.10.5.dist-info/WHEEL]
2025-10-23 22:11:26,870 DEBUG    root            Added [.gcloud/virtenv/lib/python3.12/site-packages/certifi-2025.10.5.dist-info/top_level.txt]
2025-10-23 22:11:26,870 DEBUG    root            Added [.gcloud/virtenv/lib/python3.12/site-packages/certifi-2025.10.5.dist-info/REQUESTED]
2025-10-23 22:11:26,871 DEBUG    root            Added [.gcloud/virtenv/lib/python3.12/site-packages/certifi-2025.10.5.dist-info/INSTALLER]
2025-10-23 22:11:26,873 DEBUG    root            Added [.gcloud/virtenv/lib/python3.12/site-packages/certifi-2025.10.5.dist-info/METADATA]
2025-10-23 22:11:26,873 DEBUG    root            Added [.gcloud/virtenv/lib/python3.12/site-packages/certifi-2025.10.5.dist-info/licenses/LICENSE]
2025-10-23 22:11:26,873 DEBUG    root            Added [.gcloud/virtenv/lib/python3.12/site-packages/cffi-2.0.0.dist-info/RECORD]
2025-10-23 22:11:26,874 DEBUG    root            Added [.gcloud/virtenv/lib/python3.12/site-packages/cffi-2.0.0.dist-info/WHEEL]
2025-10-23 22:11:26,874 DEBUG    root            Added [.gcloud/virtenv/lib/python3.12/site-packages/cffi-2.0.0.dist-info/entry_points.txt]
2025-10-23 22:11:26,874 DEBUG    root            Added [.gcloud/virtenv/lib/python3.12/site-packages/cffi-2.0.0.dist-info/top_level.txt]
2025-10-23 22:11:26,874 DEBUG    root            Added [.gcloud/virtenv/lib/python3.12/site-packages/cffi-2.0.0.dist-info/INSTALLER]
2025-10-23 22:11:26,874 DEBUG    root            Added [.gcloud/virtenv/lib/python3.12/site-packages/cffi-2.0.0.dist-info/METADATA]
2025-10-23 22:11:26,874 DEBUG    root            Added [.gcloud/virtenv/lib/python3.12/site-packages/cffi-2.0.0.dist-info/licenses/LICENSE]
2025-10-23 22:11:26,874 DEBUG    root            Added [.gcloud/virtenv/lib/python3.12/site-packages/cffi-2.0.0.dist-info/licenses/AUTHORS]
2025-10-23 22:11:26,875 DEBUG    root            Added [.gcloud/virtenv/lib/python3.12/site-packages/cryptography-42.0.7.dist-info/RECORD]
2025-10-23 22:11:26,875 DEBUG    root            Added [.gcloud/virtenv/lib/python3.12/site-packages/cryptography-42.0.7.dist-info/LICENSE]
2025-10-23 22:11:26,875 DEBUG    root            Added [.gcloud/virtenv/lib/python3.12/site-packages/cryptography-42.0.7.dist-info/direct_url.json]
2025-10-23 22:11:26,875 DEBUG    root            Added [.gcloud/virtenv/lib/python3.12/site-packages/cryptography-42.0.7.dist-info/LICENSE.APACHE]
2025-10-23 22:11:26,875 DEBUG    root            Added [.gcloud/virtenv/lib/python3.12/site-packages/cryptography-42.0.7.dist-info/WHEEL]
2025-10-23 22:11:26,876 DEBUG    root            Added [.gcloud/virtenv/lib/python3.12/site-packages/cryptography-42.0.7.dist-info/LICENSE.BSD]
2025-10-23 22:11:26,876 DEBUG    root            Added [.gcloud/virtenv/lib/python3.12/site-packages/cryptography-42.0.7.dist-info/top_level.txt]
2025-10-23 22:11:26,876 DEBUG    root            Added [.gcloud/virtenv/lib/python3.12/site-packages/cryptography-42.0.7.dist-info/REQUESTED]
2025-10-23 22:11:26,876 DEBUG    root            Added [.gcloud/virtenv/lib/python3.12/site-packages/cryptography-42.0.7.dist-info/INSTALLER]
2025-10-23 22:11:26,876 DEBUG    root            Added [.gcloud/virtenv/lib/python3.12/site-packages/cryptography-42.0.7.dist-info/METADATA]
2025-10-23 22:11:26,880 DEBUG    root            Added [.gcloud/virtenv/lib/python3.12/site-packages/crcmod/_crcfunext.cpython-312-darwin.so]
2025-10-23 22:11:26,880 DEBUG    root            Added [.gcloud/virtenv/lib/python3.12/site-packages/crcmod/predefined.py]
2025-10-23 22:11:26,881 DEBUG    root            Added [.gcloud/virtenv/lib/python3.12/site-packages/crcmod/__init__.py]
2025-10-23 22:11:26,882 DEBUG    root            Added [.gcloud/virtenv/lib/python3.12/site-packages/crcmod/test.py]
2025-10-23 22:11:26,883 DEBUG    root            Added [.gcloud/virtenv/lib/python3.12/site-packages/crcmod/crcmod.py]
2025-10-23 22:11:26,883 DEBUG    root            Added [.gcloud/virtenv/lib/python3.12/site-packages/crcmod/_crcfunpy.py]
2025-10-23 22:11:26,883 DEBUG    root            Added [.gcloud/virtenv/lib/python3.12/site-packages/pip/__init__.py]
2025-10-23 22:11:26,883 DEBUG    root            Added [.gcloud/virtenv/lib/python3.12/site-packages/pip/py.typed]
2025-10-23 22:11:26,883 DEBUG    root            Added [.gcloud/virtenv/lib/python3.12/site-packages/pip/__pip-runner__.py]
2025-10-23 22:11:26,883 DEBUG    root            Added [.gcloud/virtenv/lib/python3.12/site-packages/pip/__main__.py]
2025-10-23 22:11:26,885 DEBUG    root            Added [.gcloud/virtenv/lib/python3.12/site-packages/pip/_internal/configuration.py]
2025-10-23 22:11:26,885 DEBUG    root            Added [.gcloud/virtenv/lib/python3.12/site-packages/pip/_internal/pyproject.py]
2025-10-23 22:11:26,887 DEBUG    root            Added [.gcloud/virtenv/lib/python3.12/site-packages/pip/_internal/cache.py]
2025-10-23 22:11:26,887 DEBUG    root            Added [.gcloud/virtenv/lib/python3.12/site-packages/pip/_internal/__init__.py]
2025-10-23 22:11:26,889 DEBUG    root            Added [.gcloud/virtenv/lib/python3.12/site-packages/pip/_internal/exceptions.py]
2025-10-23 22:11:26,889 DEBUG    root            Added [.gcloud/virtenv/lib/python3.12/site-packages/pip/_internal/main.py]
2025-10-23 22:11:26,889 DEBUG    root            Added [.gcloud/virtenv/lib/python3.12/site-packages/pip/_internal/wheel_builder.py]
2025-10-23 22:11:26,892 DEBUG    root            Added [.gcloud/virtenv/lib/python3.12/site-packages/pip/_internal/self_outdated_check.py]
2025-10-23 22:11:26,892 DEBUG    root            Added [.gcloud/virtenv/lib/python3.12/site-packages/pip/_internal/build_env.py]
2025-10-23 22:11:26,895 DEBUG    root            Added [.gcloud/virtenv/lib/python3.12/site-packages/pip/_internal/network/auth.py]
2025-10-23 22:11:26,895 DEBUG    root            Added [.gcloud/virtenv/lib/python3.12/site-packages/pip/_internal/network/xmlrpc.py]
2025-10-23 22:11:26,895 DEBUG    root            Added [.gcloud/virtenv/lib/python3.12/site-packages/pip/_internal/network/download.py]
2025-10-23 22:11:26,898 DEBUG    root            Added [.gcloud/virtenv/lib/python3.12/site-packages/pip/_internal/network/session.py]
2025-10-23 22:11:26,898 DEBUG    root            Added [.gcloud/virtenv/lib/python3.12/site-packages/pip/_internal/network/cache.py]
2025-10-23 22:11:26,898 DEBUG    root            Added [.gcloud/virtenv/lib/python3.12/site-packages/pip/_internal/network/__init__.py]
2025-10-23 22:11:26,901 DEBUG    root            Added [.gcloud/virtenv/lib/python3.12/site-packages/pip/_internal/network/utils.py]
2025-10-23 22:11:26,901 DEBUG    root            Added [.gcloud/virtenv/lib/python3.12/site-packages/pip/_internal/network/lazy_wheel.py]
2025-10-23 22:11:26,901 DEBUG    root            Added [.gcloud/virtenv/lib/python3.12/site-packages/pip/_internal/utils/logging.py]
2025-10-23 22:11:26,903 DEBUG    root            Added [.gcloud/virtenv/lib/python3.12/site-packages/pip/_internal/utils/misc.py]
2025-10-23 22:11:26,903 DEBUG    root            Added [.gcloud/virtenv/lib/python3.12/site-packages/pip/_internal/utils/egg_link.py]
2025-10-23 22:11:26,903 DEBUG    root            Added [.gcloud/virtenv/lib/python3.12/site-packages/pip/_internal/utils/compat.py]
2025-10-23 22:11:26,906 DEBUG    root            Added [.gcloud/virtenv/lib/python3.12/site-packages/pip/_internal/utils/encoding.py]
2025-10-23 22:11:26,906 DEBUG    root            Added [.gcloud/virtenv/lib/python3.12/site-packages/pip/_internal/utils/deprecation.py]
2025-10-23 22:11:26,906 DEBUG    root            Added [.gcloud/virtenv/lib/python3.12/site-packages/pip/_internal/utils/subprocess.py]
2025-10-23 22:11:26,906 DEBUG    root            Added [.gcloud/virtenv/lib/python3.12/site-packages/pip/_internal/utils/filesystem.py]
2025-10-23 22:11:26,907 DEBUG    root            Added [.gcloud/virtenv/lib/python3.12/site-packages/pip/_internal/utils/direct_url_helpers.py]
2025-10-23 22:11:26,907 DEBUG    root            Added [.gcloud/virtenv/lib/python3.12/site-packages/pip/_internal/utils/__init__.py]
2025-10-23 22:11:26,909 DEBUG    root            Added [.gcloud/virtenv/lib/python3.12/site-packages/pip/_internal/utils/_jaraco_text.py]
2025-10-23 22:11:26,909 DEBUG    root            Added [.gcloud/virtenv/lib/python3.12/site-packages/pip/_internal/utils/temp_dir.py]
2025-10-23 22:11:26,909 DEBUG    root            Added [.gcloud/virtenv/lib/python3.12/site-packages/pip/_internal/utils/retry.py]
2025-10-23 22:11:26,909 DEBUG    root            Added [.gcloud/virtenv/lib/python3.12/site-packages/pip/_internal/utils/appdirs.py]
2025-10-23 22:11:26,909 DEBUG    root            Added [.gcloud/virtenv/lib/python3.12/site-packages/pip/_internal/utils/setuptools_build.py]
2025-10-23 22:11:26,911 DEBUG    root            Added [.gcloud/virtenv/lib/python3.12/site-packages/pip/_internal/utils/packaging.py]
2025-10-23 22:11:26,911 DEBUG    root            Added [.gcloud/virtenv/lib/python3.12/site-packages/pip/_internal/utils/entrypoints.py]
2025-10-23 22:11:26,912 DEBUG    root            Added [.gcloud/virtenv/lib/python3.12/site-packages/pip/_internal/utils/filetypes.py]
2025-10-23 22:11:26,912 DEBUG    root            Added [.gcloud/virtenv/lib/python3.12/site-packages/pip/_internal/utils/compatibility_tags.py]
2025-10-23 22:11:26,912 DEBUG    root            Added [.gcloud/virtenv/lib/python3.12/site-packages/pip/_internal/utils/datetime.py]
2025-10-23 22:11:26,912 DEBUG    root            Added [.gcloud/virtenv/lib/python3.12/site-packages/pip/_internal/utils/urls.py]
2025-10-23 22:11:26,912 DEBUG    root            Added [.gcloud/virtenv/lib/python3.12/site-packages/pip/_internal/utils/hashes.py]
2025-10-23 22:11:26,913 DEBUG    root            Added [.gcloud/virtenv/lib/python3.12/site-packages/pip/_internal/utils/virtualenv.py]
2025-10-23 22:11:26,913 DEBUG    root            Added [.gcloud/virtenv/lib/python3.12/site-packages/pip/_internal/utils/_log.py]
2025-10-23 22:11:26,914 DEBUG    root            Added [.gcloud/virtenv/lib/python3.12/site-packages/pip/_internal/utils/glibc.py]
2025-10-23 22:11:26,914 DEBUG    root            Added [.gcloud/virtenv/lib/python3.12/site-packages/pip/_internal/utils/wheel.py]
2025-10-23 22:11:26,914 DEBUG    root            Added [.gcloud/virtenv/lib/python3.12/site-packages/pip/_internal/utils/unpacking.py]
2025-10-23 22:11:26,916 DEBUG    root            Added [.gcloud/virtenv/lib/python3.12/site-packages/pip/_internal/models/link.py]
2025-10-23 22:11:26,916 DEBUG    root            Added [.gcloud/virtenv/lib/python3.12/site-packages/pip/_internal/models/selection_prefs.py]
2025-10-23 22:11:26,918 DEBUG    root            Added [.gcloud/virtenv/lib/python3.12/site-packages/pip/_internal/models/direct_url.py]
2025-10-23 22:11:26,919 DEBUG    root            Added [.gcloud/virtenv/lib/python3.12/site-packages/pip/_internal/models/index.py]
2025-10-23 22:11:26,919 DEBUG    root            Added [.gcloud/virtenv/lib/python3.12/site-packages/pip/_internal/models/target_python.py]
2025-10-23 22:11:26,919 DEBUG    root            Added [.gcloud/virtenv/lib/python3.12/site-packages/pip/_internal/models/__init__.py]
2025-10-23 22:11:26,919 DEBUG    root            Added [.gcloud/virtenv/lib/python3.12/site-packages/pip/_internal/models/search_scope.py]
2025-10-23 22:11:26,919 DEBUG    root            Added [.gcloud/virtenv/lib/python3.12/site-packages/pip/_internal/models/candidate.py]
2025-10-23 22:11:26,919 DEBUG    root            Added [.gcloud/virtenv/lib/python3.12/site-packages/pip/_internal/models/format_control.py]
2025-10-23 22:11:26,921 DEBUG    root            Added [.gcloud/virtenv/lib/python3.12/site-packages/pip/_internal/models/installation_report.py]
2025-10-23 22:11:26,921 DEBUG    root            Added [.gcloud/virtenv/lib/python3.12/site-packages/pip/_internal/models/scheme.py]
2025-10-23 22:11:26,921 DEBUG    root            Added [.gcloud/virtenv/lib/python3.12/site-packages/pip/_internal/models/wheel.py]
2025-10-23 22:11:26,923 DEBUG    root            Added [.gcloud/virtenv/lib/python3.12/site-packages/pip/_internal/cli/cmdoptions.py]
2025-10-23 22:11:26,923 DEBUG    root            Added [.gcloud/virtenv/lib/python3.12/site-packages/pip/_internal/cli/__init__.py]
2025-10-23 22:11:26,923 DEBUG    root            Added [.gcloud/virtenv/lib/python3.12/site-packages/pip/_internal/cli/index_command.py]
2025-10-23 22:11:26,923 DEBUG    root            Added [.gcloud/virtenv/lib/python3.12/site-packages/pip/_internal/cli/status_codes.py]
2025-10-23 22:11:26,925 DEBUG    root            Added [.gcloud/virtenv/lib/python3.12/site-packages/pip/_internal/cli/parser.py]
2025-10-23 22:11:26,925 DEBUG    root            Added [.gcloud/virtenv/lib/python3.12/site-packages/pip/_internal/cli/command_context.py]
2025-10-23 22:11:26,925 DEBUG    root            Added [.gcloud/virtenv/lib/python3.12/site-packages/pip/_internal/cli/spinners.py]
2025-10-23 22:11:26,925 DEBUG    root            Added [.gcloud/virtenv/lib/python3.12/site-packages/pip/_internal/cli/autocompletion.py]
2025-10-23 22:11:26,928 DEBUG    root            Added [.gcloud/virtenv/lib/python3.12/site-packages/pip/_internal/cli/base_command.py]
2025-10-23 22:11:26,928 DEBUG    root            Added [.gcloud/virtenv/lib/python3.12/site-packages/pip/_internal/cli/main_parser.py]
2025-10-23 22:11:26,928 DEBUG    root            Added [.gcloud/virtenv/lib/python3.12/site-packages/pip/_internal/cli/progress_bars.py]
2025-10-23 22:11:26,928 DEBUG    root            Added [.gcloud/virtenv/lib/python3.12/site-packages/pip/_internal/cli/main.py]
2025-10-23 22:11:26,930 DEBUG    root            Added [.gcloud/virtenv/lib/python3.12/site-packages/pip/_internal/cli/req_command.py]
2025-10-23 22:11:26,930 DEBUG    root            Added [.gcloud/virtenv/lib/python3.12/site-packages/pip/_internal/operations/check.py]
2025-10-23 22:11:26,930 DEBUG    root            Added [.gcloud/virtenv/lib/python3.12/site-packages/pip/_internal/operations/__init__.py]
2025-10-23 22:11:26,932 DEBUG    root            Added [.gcloud/virtenv/lib/python3.12/site-packages/pip/_internal/operations/freeze.py]
2025-10-23 22:11:26,935 DEBUG    root            Added [.gcloud/virtenv/lib/python3.12/site-packages/pip/_internal/operations/prepare.py]
2025-10-23 22:11:26,935 DEBUG    root            Added [.gcloud/virtenv/lib/python3.12/site-packages/pip/_internal/operations/install/editable_legacy.py]
2025-10-23 22:11:26,935 DEBUG    root            Added [.gcloud/virtenv/lib/python3.12/site-packages/pip/_internal/operations/install/__init__.py]
2025-10-23 22:11:26,937 DEBUG    root            Added [.gcloud/virtenv/lib/python3.12/site-packages/pip/_internal/operations/install/wheel.py]
2025-10-23 22:11:26,937 DEBUG    root            Added [.gcloud/virtenv/lib/python3.12/site-packages/pip/_internal/operations/build/wheel_legacy.py]
2025-10-23 22:11:26,941 DEBUG    root            Added [.gcloud/virtenv/lib/python3.12/site-packages/pip/_internal/operations/build/metadata.py]
2025-10-23 22:11:26,941 DEBUG    root            Added [.gcloud/virtenv/lib/python3.12/site-packages/pip/_internal/operations/build/metadata_editable.py]
2025-10-23 22:11:26,941 DEBUG    root            Added [.gcloud/virtenv/lib/python3.12/site-packages/pip/_internal/operations/build/wheel_editable.py]
2025-10-23 22:11:26,941 DEBUG    root            Added [.gcloud/virtenv/lib/python3.12/site-packages/pip/_internal/operations/build/__init__.py]
2025-10-23 22:11:26,941 DEBUG    root            Added [.gcloud/virtenv/lib/python3.12/site-packages/pip/_internal/operations/build/metadata_legacy.py]
2025-10-23 22:11:26,941 DEBUG    root            Added [.gcloud/virtenv/lib/python3.12/site-packages/pip/_internal/operations/build/wheel.py]
2025-10-23 22:11:26,942 DEBUG    root            Added [.gcloud/virtenv/lib/python3.12/site-packages/pip/_internal/operations/build/build_tracker.py]
2025-10-23 22:11:26,945 DEBUG    root            Added [.gcloud/virtenv/lib/python3.12/site-packages/pip/_internal/req/req_install.py]
2025-10-23 22:11:26,946 DEBUG    root            Added [.gcloud/virtenv/lib/python3.12/site-packages/pip/_internal/req/req_set.py]
2025-10-23 22:11:26,949 DEBUG    root            Added [.gcloud/virtenv/lib/python3.12/site-packages/pip/_internal/req/req_uninstall.py]
2025-10-23 22:11:26,949 DEBUG    root            Added [.gcloud/virtenv/lib/python3.12/site-packages/pip/_internal/req/__init__.py]
2025-10-23 22:11:26,949 DEBUG    root            Added [.gcloud/virtenv/lib/python3.12/site-packages/pip/_internal/req/req_file.py]
2025-10-23 22:11:26,953 DEBUG    root            Added [.gcloud/virtenv/lib/python3.12/site-packages/pip/_internal/req/constructors.py]
2025-10-23 22:11:26,953 DEBUG    root            Added [.gcloud/virtenv/lib/python3.12/site-packages/pip/_internal/resolution/__init__.py]
2025-10-23 22:11:26,953 DEBUG    root            Added [.gcloud/virtenv/lib/python3.12/site-packages/pip/_internal/resolution/base.py]
2025-10-23 22:11:26,953 DEBUG    root            Added [.gcloud/virtenv/lib/python3.12/site-packages/pip/_internal/resolution/legacy/__init__.py]
2025-10-23 22:11:26,956 DEBUG    root            Added [.gcloud/virtenv/lib/python3.12/site-packages/pip/_internal/resolution/legacy/resolver.py]
2025-10-23 22:11:26,959 DEBUG    root            Added [.gcloud/virtenv/lib/python3.12/site-packages/pip/_internal/resolution/resolvelib/provider.py]
2025-10-23 22:11:26,959 DEBUG    root            Added [.gcloud/virtenv/lib/python3.12/site-packages/pip/_internal/resolution/resolvelib/found_candidates.py]
2025-10-23 22:11:26,959 DEBUG    root            Added [.gcloud/virtenv/lib/python3.12/site-packages/pip/_internal/resolution/resolvelib/reporter.py]
2025-10-23 22:11:26,959 DEBUG    root            Added [.gcloud/virtenv/lib/python3.12/site-packages/pip/_internal/resolution/resolvelib/__init__.py]
2025-10-23 22:11:26,961 DEBUG    root            Added [.gcloud/virtenv/lib/python3.12/site-packages/pip/_internal/resolution/resolvelib/factory.py]
2025-10-23 22:11:26,965 DEBUG    root            Added [.gcloud/virtenv/lib/python3.12/site-packages/pip/_internal/resolution/resolvelib/requirements.py]
2025-10-23 22:11:26,965 DEBUG    root            Added [.gcloud/virtenv/lib/python3.12/site-packages/pip/_internal/resolution/resolvelib/resolver.py]
2025-10-23 22:11:26,967 DEBUG    root            Added [.gcloud/virtenv/lib/python3.12/site-packages/pip/_internal/resolution/resolvelib/candidates.py]
2025-10-23 22:11:26,967 DEBUG    root            Added [.gcloud/virtenv/lib/python3.12/site-packages/pip/_internal/resolution/resolvelib/base.py]
2025-10-23 22:11:26,969 DEBUG    root            Added [.gcloud/virtenv/lib/python3.12/site-packages/pip/_internal/vcs/git.py]
2025-10-23 22:11:26,970 DEBUG    root            Added [.gcloud/virtenv/lib/python3.12/site-packages/pip/_internal/vcs/__init__.py]
2025-10-23 22:11:26,970 DEBUG    root            Added [.gcloud/virtenv/lib/python3.12/site-packages/pip/_internal/vcs/mercurial.py]
2025-10-23 22:11:26,972 DEBUG    root            Added [.gcloud/virtenv/lib/python3.12/site-packages/pip/_internal/vcs/bazaar.py]
2025-10-23 22:11:26,972 DEBUG    root            Added [.gcloud/virtenv/lib/python3.12/site-packages/pip/_internal/vcs/versioncontrol.py]
2025-10-23 22:11:26,976 DEBUG    root            Added [.gcloud/virtenv/lib/python3.12/site-packages/pip/_internal/vcs/subversion.py]
2025-10-23 22:11:26,976 DEBUG    root            Added [.gcloud/virtenv/lib/python3.12/site-packages/pip/_internal/locations/__init__.py]
2025-10-23 22:11:26,979 DEBUG    root            Added [.gcloud/virtenv/lib/python3.12/site-packages/pip/_internal/locations/_sysconfig.py]
2025-10-23 22:11:26,979 DEBUG    root            Added [.gcloud/virtenv/lib/python3.12/site-packages/pip/_internal/locations/_distutils.py]
2025-10-23 22:11:26,979 DEBUG    root            Added [.gcloud/virtenv/lib/python3.12/site-packages/pip/_internal/locations/base.py]
2025-10-23 22:11:26,980 DEBUG    root            Added [.gcloud/virtenv/lib/python3.12/site-packages/pip/_internal/index/collector.py]
2025-10-23 22:11:26,980 DEBUG    root            Added [.gcloud/virtenv/lib/python3.12/site-packages/pip/_internal/index/__init__.py]
2025-10-23 22:11:26,981 DEBUG    root            Added [.gcloud/virtenv/lib/python3.12/site-packages/pip/_internal/index/sources.py]
2025-10-23 22:11:26,986 DEBUG    root            Added [.gcloud/virtenv/lib/python3.12/site-packages/pip/_internal/index/package_finder.py]
2025-10-23 22:11:26,987 DEBUG    root            Added [.gcloud/virtenv/lib/python3.12/site-packages/pip/_internal/commands/configuration.py]
2025-10-23 22:11:26,987 DEBUG    root            Added [.gcloud/virtenv/lib/python3.12/site-packages/pip/_internal/commands/show.py]
2025-10-23 22:11:26,989 DEBUG    root            Added [.gcloud/virtenv/lib/python3.12/site-packages/pip/_internal/commands/list.py]
2025-10-23 22:11:26,989 DEBUG    root            Added [.gcloud/virtenv/lib/python3.12/site-packages/pip/_internal/commands/check.py]
2025-10-23 22:11:26,990 DEBUG    root            Added [.gcloud/virtenv/lib/python3.12/site-packages/pip/_internal/commands/index.py]
2025-10-23 22:11:26,990 DEBUG    root            Added [.gcloud/virtenv/lib/python3.12/site-packages/pip/_internal/commands/completion.py]
2025-10-23 22:11:26,992 DEBUG    root            Added [.gcloud/virtenv/lib/python3.12/site-packages/pip/_internal/commands/download.py]
2025-10-23 22:11:26,992 DEBUG    root            Added [.gcloud/virtenv/lib/python3.12/site-packages/pip/_internal/commands/cache.py]
2025-10-23 22:11:26,992 DEBUG    root            Added [.gcloud/virtenv/lib/python3.12/site-packages/pip/_internal/commands/__init__.py]
2025-10-23 22:11:26,992 DEBUG    root            Added [.gcloud/virtenv/lib/python3.12/site-packages/pip/_internal/commands/hash.py]
2025-10-23 22:11:26,993 DEBUG    root            Added [.gcloud/virtenv/lib/python3.12/site-packages/pip/_internal/commands/inspect.py]
2025-10-23 22:11:26,994 DEBUG    root            Added [.gcloud/virtenv/lib/python3.12/site-packages/pip/_internal/commands/debug.py]
2025-10-23 22:11:26,994 DEBUG    root            Added [.gcloud/virtenv/lib/python3.12/site-packages/pip/_internal/commands/uninstall.py]
2025-10-23 22:11:26,995 DEBUG    root            Added [.gcloud/virtenv/lib/python3.12/site-packages/pip/_internal/commands/freeze.py]
2025-10-23 22:11:26,995 DEBUG    root            Added [.gcloud/virtenv/lib/python3.12/site-packages/pip/_internal/commands/search.py]
2025-10-23 22:11:26,996 DEBUG    root            Added [.gcloud/virtenv/lib/python3.12/site-packages/pip/_internal/commands/install.py]
2025-10-23 22:11:26,996 DEBUG    root            Added [.gcloud/virtenv/lib/python3.12/site-packages/pip/_internal/commands/help.py]
2025-10-23 22:11:26,999 DEBUG    root            Added [.gcloud/virtenv/lib/python3.12/site-packages/pip/_internal/commands/wheel.py]
2025-10-23 22:11:26,999 DEBUG    root            Added [.gcloud/virtenv/lib/python3.12/site-packages/pip/_internal/metadata/_json.py]
2025-10-23 22:11:27,000 DEBUG    root            Added [.gcloud/virtenv/lib/python3.12/site-packages/pip/_internal/metadata/__init__.py]
2025-10-23 22:11:27,000 DEBUG    root            Added [.gcloud/virtenv/lib/python3.12/site-packages/pip/_internal/metadata/pkg_resources.py]
2025-10-23 22:11:27,002 DEBUG    root            Added [.gcloud/virtenv/lib/python3.12/site-packages/pip/_internal/metadata/base.py]
2025-10-23 22:11:27,004 DEBUG    root            Added [.gcloud/virtenv/lib/python3.12/site-packages/pip/_internal/metadata/importlib/_dists.py]
2025-10-23 22:11:27,004 DEBUG    root            Added [.gcloud/virtenv/lib/python3.12/site-packages/pip/_internal/metadata/importlib/__init__.py]
2025-10-23 22:11:27,004 DEBUG    root            Added [.gcloud/virtenv/lib/python3.12/site-packages/pip/_internal/metadata/importlib/_compat.py]
2025-10-23 22:11:27,004 DEBUG    root            Added [.gcloud/virtenv/lib/python3.12/site-packages/pip/_internal/metadata/importlib/_envs.py]
2025-10-23 22:11:27,004 DEBUG    root            Added [.gcloud/virtenv/lib/python3.12/site-packages/pip/_internal/distributions/__init__.py]
2025-10-23 22:11:27,006 DEBUG    root            Added [.gcloud/virtenv/lib/python3.12/site-packages/pip/_internal/distributions/sdist.py]
2025-10-23 22:11:27,006 DEBUG    root            Added [.gcloud/virtenv/lib/python3.12/site-packages/pip/_internal/distributions/installed.py]
2025-10-23 22:11:27,006 DEBUG    root            Added [.gcloud/virtenv/lib/python3.12/site-packages/pip/_internal/distributions/base.py]
2025-10-23 22:11:27,006 DEBUG    root            Added [.gcloud/virtenv/lib/python3.12/site-packages/pip/_internal/distributions/wheel.py]
2025-10-23 22:11:27,006 DEBUG    root            Added [.gcloud/virtenv/lib/python3.12/site-packages/pip/_vendor/vendor.txt]
2025-10-23 22:11:27,006 DEBUG    root            Added [.gcloud/virtenv/lib/python3.12/site-packages/pip/_vendor/__init__.py]
2025-10-23 22:11:27,019 DEBUG    root            Added [.gcloud/virtenv/lib/python3.12/site-packages/pip/_vendor/typing_extensions.py]
2025-10-23 22:11:27,019 DEBUG    root            Added [.gcloud/virtenv/lib/python3.12/site-packages/pip/_vendor/packaging/tags.py]
2025-10-23 22:11:27,019 DEBUG    root            Added [.gcloud/virtenv/lib/python3.12/site-packages/pip/_vendor/packaging/_musllinux.py]
2025-10-23 22:11:27,022 DEBUG    root            Added [.gcloud/virtenv/lib/python3.12/site-packages/pip/_vendor/packaging/metadata.py]
2025-10-23 22:11:27,025 DEBUG    root            Added [.gcloud/virtenv/lib/python3.12/site-packages/pip/_vendor/packaging/version.py]
2025-10-23 22:11:27,025 DEBUG    root            Added [.gcloud/virtenv/lib/python3.12/site-packages/pip/_vendor/packaging/__init__.py]
2025-10-23 22:11:27,025 DEBUG    root            Added [.gcloud/virtenv/lib/python3.12/site-packages/pip/_vendor/packaging/_parser.py]
2025-10-23 22:11:27,027 DEBUG    root            Added [.gcloud/virtenv/lib/python3.12/site-packages/pip/_vendor/packaging/utils.py]
2025-10-23 22:11:27,027 DEBUG    root            Added [.gcloud/virtenv/lib/python3.12/site-packages/pip/_vendor/packaging/requirements.py]
2025-10-23 22:11:27,028 DEBUG    root            Added [.gcloud/virtenv/lib/python3.12/site-packages/pip/_vendor/packaging/_structures.py]
2025-10-23 22:11:27,028 DEBUG    root            Added [.gcloud/virtenv/lib/python3.12/site-packages/pip/_vendor/packaging/markers.py]
2025-10-23 22:11:27,028 DEBUG    root            Added [.gcloud/virtenv/lib/python3.12/site-packages/pip/_vendor/packaging/py.typed]
2025-10-23 22:11:27,030 DEBUG    root            Added [.gcloud/virtenv/lib/python3.12/site-packages/pip/_vendor/packaging/_manylinux.py]
2025-10-23 22:11:27,030 DEBUG    root            Added [.gcloud/virtenv/lib/python3.12/site-packages/pip/_vendor/packaging/_tokenizer.py]
2025-10-23 22:11:27,034 DEBUG    root            Added [.gcloud/virtenv/lib/python3.12/site-packages/pip/_vendor/packaging/specifiers.py]
2025-10-23 22:11:27,034 DEBUG    root            Added [.gcloud/virtenv/lib/python3.12/site-packages/pip/_vendor/packaging/_elffile.py]
2025-10-23 22:11:27,035 DEBUG    root            Added [.gcloud/virtenv/lib/python3.12/site-packages/pip/_vendor/truststore/_openssl.py]
2025-10-23 22:11:27,035 DEBUG    root            Added [.gcloud/virtenv/lib/python3.12/site-packages/pip/_vendor/truststore/_api.py]
2025-10-23 22:11:27,037 DEBUG    root            Added [.gcloud/virtenv/lib/python3.12/site-packages/pip/_vendor/truststore/_macos.py]
2025-10-23 22:11:27,037 DEBUG    root            Added [.gcloud/virtenv/lib/python3.12/site-packages/pip/_vendor/truststore/__init__.py]
2025-10-23 22:11:27,037 DEBUG    root            Added [.gcloud/virtenv/lib/python3.12/site-packages/pip/_vendor/truststore/_ssl_constants.py]
2025-10-23 22:11:27,037 DEBUG    root            Added [.gcloud/virtenv/lib/python3.12/site-packages/pip/_vendor/truststore/py.typed]
2025-10-23 22:11:27,039 DEBUG    root            Added [.gcloud/virtenv/lib/python3.12/site-packages/pip/_vendor/truststore/_windows.py]
2025-10-23 22:11:27,039 DEBUG    root            Added [.gcloud/virtenv/lib/python3.12/site-packages/pip/_vendor/msgpack/__init__.py]
2025-10-23 22:11:27,039 DEBUG    root            Added [.gcloud/virtenv/lib/python3.12/site-packages/pip/_vendor/msgpack/exceptions.py]
2025-10-23 22:11:27,043 DEBUG    root            Added [.gcloud/virtenv/lib/python3.12/site-packages/pip/_vendor/msgpack/fallback.py]
2025-10-23 22:11:27,044 DEBUG    root            Added [.gcloud/virtenv/lib/python3.12/site-packages/pip/_vendor/msgpack/ext.py]
2025-10-23 22:11:27,044 DEBUG    root            Added [.gcloud/virtenv/lib/python3.12/site-packages/pip/_vendor/pygments/modeline.py]
2025-10-23 22:11:27,044 DEBUG    root            Added [.gcloud/virtenv/lib/python3.12/site-packages/pip/_vendor/pygments/console.py]
2025-10-23 22:11:27,044 DEBUG    root            Added [.gcloud/virtenv/lib/python3.12/site-packages/pip/_vendor/pygments/scanner.py]
2025-10-23 22:11:27,044 DEBUG    root            Added [.gcloud/virtenv/lib/python3.12/site-packages/pip/_vendor/pygments/formatter.py]
2025-10-23 22:11:27,046 DEBUG    root            Added [.gcloud/virtenv/lib/python3.12/site-packages/pip/_vendor/pygments/token.py]
2025-10-23 22:11:27,046 DEBUG    root            Added [.gcloud/virtenv/lib/python3.12/site-packages/pip/_vendor/pygments/style.py]
2025-10-23 22:11:27,046 DEBUG    root            Added [.gcloud/virtenv/lib/python3.12/site-packages/pip/_vendor/pygments/util.py]
2025-10-23 22:11:27,049 DEBUG    root            Added [.gcloud/virtenv/lib/python3.12/site-packages/pip/_vendor/pygments/sphinxext.py]
2025-10-23 22:11:27,052 DEBUG    root            Added [.gcloud/virtenv/lib/python3.12/site-packages/pip/_vendor/pygments/cmdline.py]
2025-10-23 22:11:27,052 DEBUG    root            Added [.gcloud/virtenv/lib/python3.12/site-packages/pip/_vendor/pygments/__init__.py]
2025-10-23 22:11:27,059 DEBUG    root            Added [.gcloud/virtenv/lib/python3.12/site-packages/pip/_vendor/pygments/unistring.py]
2025-10-23 22:11:27,061 DEBUG    root            Added [.gcloud/virtenv/lib/python3.12/site-packages/pip/_vendor/pygments/lexer.py]
2025-10-23 22:11:27,061 DEBUG    root            Added [.gcloud/virtenv/lib/python3.12/site-packages/pip/_vendor/pygments/regexopt.py]
2025-10-23 22:11:27,061 DEBUG    root            Added [.gcloud/virtenv/lib/python3.12/site-packages/pip/_vendor/pygments/plugin.py]
2025-10-23 22:11:27,061 DEBUG    root            Added [.gcloud/virtenv/lib/python3.12/site-packages/pip/_vendor/pygments/filter.py]
2025-10-23 22:11:27,064 DEBUG    root            Added [.gcloud/virtenv/lib/python3.12/site-packages/pip/_vendor/pygments/__main__.py]
2025-10-23 22:11:27,066 DEBUG    root            Added [.gcloud/virtenv/lib/python3.12/site-packages/pip/_vendor/pygments/filters/__init__.py]
2025-10-23 22:11:27,068 DEBUG    root            Added [.gcloud/virtenv/lib/python3.12/site-packages/pip/_vendor/pygments/lexers/__init__.py]
2025-10-23 22:11:27,071 DEBUG    root            Added [.gcloud/virtenv/lib/python3.12/site-packages/pip/_vendor/pygments/lexers/python.py]
2025-10-23 22:11:27,076 DEBUG    root            Added [.gcloud/virtenv/lib/python3.12/site-packages/pip/_vendor/pygments/lexers/_mapping.py]
2025-10-23 22:11:27,078 DEBUG    root            Added [.gcloud/virtenv/lib/python3.12/site-packages/pip/_vendor/pygments/formatters/terminal.py]
2025-10-23 22:11:27,079 DEBUG    root            Added [.gcloud/virtenv/lib/python3.12/site-packages/pip/_vendor/pygments/formatters/html.py]
2025-10-23 22:11:27,079 DEBUG    root            Added [.gcloud/virtenv/lib/python3.12/site-packages/pip/_vendor/pygments/formatters/irc.py]
2025-10-23 22:11:27,082 DEBUG    root            Added [.gcloud/virtenv/lib/python3.12/site-packages/pip/_vendor/pygments/formatters/__init__.py]
2025-10-23 22:11:27,082 DEBUG    root            Added [.gcloud/virtenv/lib/python3.12/site-packages/pip/_vendor/pygments/formatters/other.py]
2025-10-23 22:11:27,085 DEBUG    root            Added [.gcloud/virtenv/lib/python3.12/site-packages/pip/_vendor/pygments/formatters/img.py]
2025-10-23 22:11:27,085 DEBUG    root            Added [.gcloud/virtenv/lib/python3.12/site-packages/pip/_vendor/pygments/formatters/terminal256.py]
2025-10-23 22:11:27,087 DEBUG    root            Added [.gcloud/virtenv/lib/python3.12/site-packages/pip/_vendor/pygments/formatters/rtf.py]
2025-10-23 22:11:27,088 DEBUG    root            Added [.gcloud/virtenv/lib/python3.12/site-packages/pip/_vendor/pygments/formatters/svg.py]
2025-10-23 22:11:27,088 DEBUG    root            Added [.gcloud/virtenv/lib/python3.12/site-packages/pip/_vendor/pygments/formatters/bbcode.py]
2025-10-23 22:11:27,088 DEBUG    root            Added [.gcloud/virtenv/lib/python3.12/site-packages/pip/_vendor/pygments/formatters/pangomarkup.py]
2025-10-23 22:11:27,091 DEBUG    root            Added [.gcloud/virtenv/lib/python3.12/site-packages/pip/_vendor/pygments/formatters/_mapping.py]
2025-10-23 22:11:27,091 DEBUG    root            Added [.gcloud/virtenv/lib/python3.12/site-packages/pip/_vendor/pygments/formatters/groff.py]
2025-10-23 22:11:27,091 DEBUG    root            Added [.gcloud/virtenv/lib/python3.12/site-packages/pip/_vendor/pygments/formatters/latex.py]
2025-10-23 22:11:27,093 DEBUG    root            Added [.gcloud/virtenv/lib/python3.12/site-packages/pip/_vendor/pygments/styles/__init__.py]
2025-10-23 22:11:27,093 DEBUG    root            Added [.gcloud/virtenv/lib/python3.12/site-packages/pip/_vendor/pygments/styles/_mapping.py]
2025-10-23 22:11:27,111 DEBUG    root            Added [.gcloud/virtenv/lib/python3.12/site-packages/pip/_vendor/distlib/w64-arm.exe]
2025-10-23 22:11:27,120 DEBUG    root            Added [.gcloud/virtenv/lib/python3.12/site-packages/pip/_vendor/distlib/w32.exe]
2025-10-23 22:11:27,126 DEBUG    root            Added [.gcloud/virtenv/lib/python3.12/site-packages/pip/_vendor/distlib/locators.py]
2025-10-23 22:11:27,131 DEBUG    root            Added [.gcloud/virtenv/lib/python3.12/site-packages/pip/_vendor/distlib/metadata.py]
2025-10-23 22:11:27,131 DEBUG    root            Added [.gcloud/virtenv/lib/python3.12/site-packages/pip/_vendor/distlib/version.py]
2025-10-23 22:11:27,137 DEBUG    root            Added [.gcloud/virtenv/lib/python3.12/site-packages/pip/_vendor/distlib/compat.py]
2025-10-23 22:11:27,139 DEBUG    root            Added [.gcloud/virtenv/lib/python3.12/site-packages/pip/_vendor/distlib/index.py]
2025-10-23 22:11:27,141 DEBUG    root            Added [.gcloud/virtenv/lib/python3.12/site-packages/pip/_vendor/distlib/manifest.py]
2025-10-23 22:11:27,149 DEBUG    root            Added [.gcloud/virtenv/lib/python3.12/site-packages/pip/_vendor/distlib/util.py]
2025-10-23 22:11:27,154 DEBUG    root            Added [.gcloud/virtenv/lib/python3.12/site-packages/pip/_vendor/distlib/database.py]
2025-10-23 22:11:27,160 DEBUG    root            Added [.gcloud/virtenv/lib/python3.12/site-packages/pip/_vendor/distlib/t32.exe]
2025-10-23 22:11:27,164 DEBUG    root            Added [.gcloud/virtenv/lib/python3.12/site-packages/pip/_vendor/distlib/__init__.py]
2025-10-23 22:11:27,172 DEBUG    root            Added [.gcloud/virtenv/lib/python3.12/site-packages/pip/_vendor/distlib/w64.exe]
2025-10-23 22:11:27,173 DEBUG    root            Added [.gcloud/virtenv/lib/python3.12/site-packages/pip/_vendor/distlib/markers.py]
2025-10-23 22:11:27,175 DEBUG    root            Added [.gcloud/virtenv/lib/python3.12/site-packages/pip/_vendor/distlib/resources.py]
2025-10-23 22:11:27,196 DEBUG    root            Added [.gcloud/virtenv/lib/python3.12/site-packages/pip/_vendor/distlib/t64-arm.exe]
2025-10-23 22:11:27,197 DEBUG    root            Added [.gcloud/virtenv/lib/python3.12/site-packages/pip/_vendor/distlib/scripts.py]
2025-10-23 22:11:27,206 DEBUG    root            Added [.gcloud/virtenv/lib/python3.12/site-packages/pip/_vendor/distlib/t64.exe]
2025-10-23 22:11:27,208 DEBUG    root            Added [.gcloud/virtenv/lib/python3.12/site-packages/pip/_vendor/distlib/wheel.py]
2025-10-23 22:11:27,209 DEBUG    root            Added [.gcloud/virtenv/lib/python3.12/site-packages/pip/_vendor/distro/__init__.py]
2025-10-23 22:11:27,209 DEBUG    root            Added [.gcloud/virtenv/lib/python3.12/site-packages/pip/_vendor/distro/py.typed]
2025-10-23 22:11:27,216 DEBUG    root            Added [.gcloud/virtenv/lib/python3.12/site-packages/pip/_vendor/distro/distro.py]
2025-10-23 22:11:27,216 DEBUG    root            Added [.gcloud/virtenv/lib/python3.12/site-packages/pip/_vendor/distro/__main__.py]
2025-10-23 22:11:27,216 DEBUG    root            Added [.gcloud/virtenv/lib/python3.12/site-packages/pip/_vendor/cachecontrol/serialize.py]
2025-10-23 22:11:27,217 DEBUG    root            Added [.gcloud/virtenv/lib/python3.12/site-packages/pip/_vendor/cachecontrol/wrapper.py]
2025-10-23 22:11:27,219 DEBUG    root            Added [.gcloud/virtenv/lib/python3.12/site-packages/pip/_vendor/cachecontrol/controller.py]
2025-10-23 22:11:27,220 DEBUG    root            Added [.gcloud/virtenv/lib/python3.12/site-packages/pip/_vendor/cachecontrol/filewrapper.py]
2025-10-23 22:11:27,220 DEBUG    root            Added [.gcloud/virtenv/lib/python3.12/site-packages/pip/_vendor/cachecontrol/heuristics.py]
2025-10-23 22:11:27,220 DEBUG    root            Added [.gcloud/virtenv/lib/python3.12/site-packages/pip/_vendor/cachecontrol/adapter.py]
2025-10-23 22:11:27,220 DEBUG    root            Added [.gcloud/virtenv/lib/python3.12/site-packages/pip/_vendor/cachecontrol/cache.py]
2025-10-23 22:11:27,220 DEBUG    root            Added [.gcloud/virtenv/lib/python3.12/site-packages/pip/_vendor/cachecontrol/__init__.py]
2025-10-23 22:11:27,220 DEBUG    root            Added [.gcloud/virtenv/lib/python3.12/site-packages/pip/_vendor/cachecontrol/py.typed]
2025-10-23 22:11:27,223 DEBUG    root            Added [.gcloud/virtenv/lib/python3.12/site-packages/pip/_vendor/cachecontrol/_cmd.py]
2025-10-23 22:11:27,223 DEBUG    root            Added [.gcloud/virtenv/lib/python3.12/site-packages/pip/_vendor/cachecontrol/caches/file_cache.py]
2025-10-23 22:11:27,223 DEBUG    root            Added [.gcloud/virtenv/lib/python3.12/site-packages/pip/_vendor/cachecontrol/caches/__init__.py]
2025-10-23 22:11:27,223 DEBUG    root            Added [.gcloud/virtenv/lib/python3.12/site-packages/pip/_vendor/cachecontrol/caches/redis_cache.py]
2025-10-23 22:11:27,223 DEBUG    root            Added [.gcloud/virtenv/lib/python3.12/site-packages/pip/_vendor/idna/intranges.py]
2025-10-23 22:11:27,223 DEBUG    root            Added [.gcloud/virtenv/lib/python3.12/site-packages/pip/_vendor/idna/package_data.py]
2025-10-23 22:11:27,223 DEBUG    root            Added [.gcloud/virtenv/lib/python3.12/site-packages/pip/_vendor/idna/compat.py]
2025-10-23 22:11:27,231 DEBUG    root            Added [.gcloud/virtenv/lib/python3.12/site-packages/pip/_vendor/idna/idnadata.py]
2025-10-23 22:11:27,231 DEBUG    root            Added [.gcloud/virtenv/lib/python3.12/site-packages/pip/_vendor/idna/__init__.py]
2025-10-23 22:11:27,231 DEBUG    root            Added [.gcloud/virtenv/lib/python3.12/site-packages/pip/_vendor/idna/core.py]
2025-10-23 22:11:27,231 DEBUG    root            Added [.gcloud/virtenv/lib/python3.12/site-packages/pip/_vendor/idna/py.typed]
2025-10-23 22:11:27,236 DEBUG    root            Added [.gcloud/virtenv/lib/python3.12/site-packages/pip/_vendor/idna/codec.py]
2025-10-23 22:11:27,268 DEBUG    root            Added [.gcloud/virtenv/lib/python3.12/site-packages/pip/_vendor/idna/uts46data.py]
2025-10-23 22:11:27,273 DEBUG    root            Added [.gcloud/virtenv/lib/python3.12/site-packages/pip/_vendor/requests/cookies.py]
2025-10-23 22:11:27,273 DEBUG    root            Added [.gcloud/virtenv/lib/python3.12/site-packages/pip/_vendor/requests/auth.py]
2025-10-23 22:11:27,275 DEBUG    root            Added [.gcloud/virtenv/lib/python3.12/site-packages/pip/_vendor/requests/sessions.py]
2025-10-23 22:11:27,279 DEBUG    root            Added [.gcloud/virtenv/lib/python3.12/site-packages/pip/_vendor/requests/hooks.py]
2025-10-23 22:11:27,279 DEBUG    root            Added [.gcloud/virtenv/lib/python3.12/site-packages/pip/_vendor/requests/compat.py]
2025-10-23 22:11:27,281 DEBUG    root            Added [.gcloud/virtenv/lib/python3.12/site-packages/pip/_vendor/requests/models.py]
2025-10-23 22:11:27,282 DEBUG    root            Added [.gcloud/virtenv/lib/python3.12/site-packages/pip/_vendor/requests/certs.py]
2025-10-23 22:11:27,282 DEBUG    root            Added [.gcloud/virtenv/lib/python3.12/site-packages/pip/_vendor/requests/__init__.py]
2025-10-23 22:11:27,284 DEBUG    root            Added [.gcloud/virtenv/lib/python3.12/site-packages/pip/_vendor/requests/status_codes.py]
2025-10-23 22:11:27,284 DEBUG    root            Added [.gcloud/virtenv/lib/python3.12/site-packages/pip/_vendor/requests/packages.py]
2025-10-23 22:11:27,285 DEBUG    root            Added [.gcloud/virtenv/lib/python3.12/site-packages/pip/_vendor/requests/__version__.py]
2025-10-23 22:11:27,285 DEBUG    root            Added [.gcloud/virtenv/lib/python3.12/site-packages/pip/_vendor/requests/api.py]
2025-10-23 22:11:27,285 DEBUG    root            Added [.gcloud/virtenv/lib/python3.12/site-packages/pip/_vendor/requests/_internal_utils.py]
2025-10-23 22:11:27,288 DEBUG    root            Added [.gcloud/virtenv/lib/python3.12/site-packages/pip/_vendor/requests/utils.py]
2025-10-23 22:11:27,288 DEBUG    root            Added [.gcloud/virtenv/lib/python3.12/site-packages/pip/_vendor/requests/exceptions.py]
2025-10-23 22:11:27,288 DEBUG    root            Added [.gcloud/virtenv/lib/python3.12/site-packages/pip/_vendor/requests/structures.py]
2025-10-23 22:11:27,288 DEBUG    root            Added [.gcloud/virtenv/lib/python3.12/site-packages/pip/_vendor/requests/help.py]
2025-10-23 22:11:27,289 DEBUG    root            Added [.gcloud/virtenv/lib/python3.12/site-packages/pip/_vendor/requests/adapters.py]
2025-10-23 22:11:27,289 DEBUG    root            Added [.gcloud/virtenv/lib/python3.12/site-packages/pip/_vendor/tomli/_types.py]
2025-10-23 22:11:27,290 DEBUG    root            Added [.gcloud/virtenv/lib/python3.12/site-packages/pip/_vendor/tomli/__init__.py]
2025-10-23 22:11:27,292 DEBUG    root            Added [.gcloud/virtenv/lib/python3.12/site-packages/pip/_vendor/tomli/_parser.py]
2025-10-23 22:11:27,292 DEBUG    root            Added [.gcloud/virtenv/lib/python3.12/site-packages/pip/_vendor/tomli/_re.py]
2025-10-23 22:11:27,292 DEBUG    root            Added [.gcloud/virtenv/lib/python3.12/site-packages/pip/_vendor/tomli/py.typed]
2025-10-23 22:11:27,295 DEBUG    root            Added [.gcloud/virtenv/lib/python3.12/site-packages/pip/_vendor/certifi/__init__.py]
2025-10-23 22:11:27,295 DEBUG    root            Added [.gcloud/virtenv/lib/python3.12/site-packages/pip/_vendor/certifi/core.py]
2025-10-23 22:11:27,295 DEBUG    root            Added [.gcloud/virtenv/lib/python3.12/site-packages/pip/_vendor/certifi/py.typed]
2025-10-23 22:11:27,302 DEBUG    root            Added [.gcloud/virtenv/lib/python3.12/site-packages/pip/_vendor/certifi/cacert.pem]
2025-10-23 22:11:27,302 DEBUG    root            Added [.gcloud/virtenv/lib/python3.12/site-packages/pip/_vendor/certifi/__main__.py]
2025-10-23 22:11:27,302 DEBUG    root            Added [.gcloud/virtenv/lib/python3.12/site-packages/pip/_vendor/pyproject_hooks/_impl.py]
2025-10-23 22:11:27,303 DEBUG    root            Added [.gcloud/virtenv/lib/python3.12/site-packages/pip/_vendor/pyproject_hooks/__init__.py]
2025-10-23 22:11:27,303 DEBUG    root            Added [.gcloud/virtenv/lib/python3.12/site-packages/pip/_vendor/pyproject_hooks/_compat.py]
2025-10-23 22:11:27,303 DEBUG    root            Added [.gcloud/virtenv/lib/python3.12/site-packages/pip/_vendor/pyproject_hooks/_in_process/_in_process.py]
2025-10-23 22:11:27,303 DEBUG    root            Added [.gcloud/virtenv/lib/python3.12/site-packages/pip/_vendor/pyproject_hooks/_in_process/__init__.py]
2025-10-23 22:11:27,304 DEBUG    root            Added [.gcloud/virtenv/lib/python3.12/site-packages/pip/_vendor/rich/themes.py]
2025-10-23 22:11:27,304 DEBUG    root            Added [.gcloud/virtenv/lib/python3.12/site-packages/pip/_vendor/rich/screen.py]
2025-10-23 22:11:27,304 DEBUG    root            Added [.gcloud/virtenv/lib/python3.12/site-packages/pip/_vendor/rich/logging.py]
2025-10-23 22:11:27,304 DEBUG    root            Added [.gcloud/virtenv/lib/python3.12/site-packages/pip/_vendor/rich/measure.py]
2025-10-23 22:11:27,306 DEBUG    root            Added [.gcloud/virtenv/lib/python3.12/site-packages/pip/_vendor/rich/tree.py]
2025-10-23 22:11:27,315 DEBUG    root            Added [.gcloud/virtenv/lib/python3.12/site-packages/pip/_vendor/rich/console.py]
2025-10-23 22:11:27,315 DEBUG    root            Added [.gcloud/virtenv/lib/python3.12/site-packages/pip/_vendor/rich/live_render.py]
2025-10-23 22:11:27,327 DEBUG    root            Added [.gcloud/virtenv/lib/python3.12/site-packages/pip/_vendor/rich/_emoji_codes.py]
2025-10-23 22:11:27,327 DEBUG    root            Added [.gcloud/virtenv/lib/python3.12/site-packages/pip/_vendor/rich/box.py]
2025-10-23 22:11:27,329 DEBUG    root            Added [.gcloud/virtenv/lib/python3.12/site-packages/pip/_vendor/rich/color.py]
2025-10-23 22:11:27,330 DEBUG    root            Added [.gcloud/virtenv/lib/python3.12/site-packages/pip/_vendor/rich/_timer.py]
2025-10-23 22:11:27,330 DEBUG    root            Added [.gcloud/virtenv/lib/python3.12/site-packages/pip/_vendor/rich/_fileno.py]
2025-10-23 22:11:27,332 DEBUG    root            Added [.gcloud/virtenv/lib/python3.12/site-packages/pip/_vendor/rich/align.py]
2025-10-23 22:11:27,332 DEBUG    root            Added [.gcloud/virtenv/lib/python3.12/site-packages/pip/_vendor/rich/theme.py]
2025-10-23 22:11:27,333 DEBUG    root            Added [.gcloud/virtenv/lib/python3.12/site-packages/pip/_vendor/rich/style.py]
2025-10-23 22:11:27,336 DEBUG    root            Added [.gcloud/virtenv/lib/python3.12/site-packages/pip/_vendor/rich/default_styles.py]
2025-10-23 22:11:27,336 DEBUG    root            Added [.gcloud/virtenv/lib/python3.12/site-packages/pip/_vendor/rich/_wrap.py]
2025-10-23 22:11:27,336 DEBUG    root            Added [.gcloud/virtenv/lib/python3.12/site-packages/pip/_vendor/rich/_log_render.py]
2025-10-23 22:11:27,336 DEBUG    root            Added [.gcloud/virtenv/lib/python3.12/site-packages/pip/_vendor/rich/emoji.py]
2025-10-23 22:11:27,338 DEBUG    root            Added [.gcloud/virtenv/lib/python3.12/site-packages/pip/_vendor/rich/layout.py]
2025-10-23 22:11:27,338 DEBUG    root            Added [.gcloud/virtenv/lib/python3.12/site-packages/pip/_vendor/rich/containers.py]
2025-10-23 22:11:27,338 DEBUG    root            Added [.gcloud/virtenv/lib/python3.12/site-packages/pip/_vendor/rich/_emoji_replace.py]
2025-10-23 22:11:27,340 DEBUG    root            Added [.gcloud/virtenv/lib/python3.12/site-packages/pip/_vendor/rich/traceback.py]
2025-10-23 22:11:27,340 DEBUG    root            Added [.gcloud/virtenv/lib/python3.12/site-packages/pip/_vendor/rich/region.py]
2025-10-23 22:11:27,344 DEBUG    root            Added [.gcloud/virtenv/lib/python3.12/site-packages/pip/_vendor/rich/protocol.py]
2025-10-23 22:11:27,344 DEBUG    root            Added [.gcloud/virtenv/lib/python3.12/site-packages/pip/_vendor/rich/_loop.py]
2025-10-23 22:11:27,344 DEBUG    root            Added [.gcloud/virtenv/lib/python3.12/site-packages/pip/_vendor/rich/control.py]
2025-10-23 22:11:27,344 DEBUG    root            Added [.gcloud/virtenv/lib/python3.12/site-packages/pip/_vendor/rich/filesize.py]
2025-10-23 22:11:27,344 DEBUG    root            Added [.gcloud/virtenv/lib/python3.12/site-packages/pip/_vendor/rich/_null_file.py]
2025-10-23 22:11:27,344 DEBUG    root            Added [.gcloud/virtenv/lib/python3.12/site-packages/pip/_vendor/rich/_palettes.py]
2025-10-23 22:11:27,346 DEBUG    root            Added [.gcloud/virtenv/lib/python3.12/site-packages/pip/_vendor/rich/__init__.py]
2025-10-23 22:11:27,346 DEBUG    root            Added [.gcloud/virtenv/lib/python3.12/site-packages/pip/_vendor/rich/_pick.py]
2025-10-23 22:11:27,346 DEBUG    root            Added [.gcloud/virtenv/lib/python3.12/site-packages/pip/_vendor/rich/file_proxy.py]
2025-10-23 22:11:27,346 DEBUG    root            Added [.gcloud/virtenv/lib/python3.12/site-packages/pip/_vendor/rich/palette.py]
2025-10-23 22:11:27,346 DEBUG    root            Added [.gcloud/virtenv/lib/python3.12/site-packages/pip/_vendor/rich/markup.py]
2025-10-23 22:11:27,348 DEBUG    root            Added [.gcloud/virtenv/lib/python3.12/site-packages/pip/_vendor/rich/_ratio.py]
2025-10-23 22:11:27,348 DEBUG    root            Added [.gcloud/virtenv/lib/python3.12/site-packages/pip/_vendor/rich/repr.py]
2025-10-23 22:11:27,349 DEBUG    root            Added [.gcloud/virtenv/lib/python3.12/site-packages/pip/_vendor/rich/constrain.py]
2025-10-23 22:11:27,352 DEBUG    root            Added [.gcloud/virtenv/lib/python3.12/site-packages/pip/_vendor/rich/pretty.py]
2025-10-23 22:11:27,352 DEBUG    root            Added [.gcloud/virtenv/lib/python3.12/site-packages/pip/_vendor/rich/diagnose.py]
2025-10-23 22:11:27,352 DEBUG    root            Added [.gcloud/virtenv/lib/python3.12/site-packages/pip/_vendor/rich/columns.py]
2025-10-23 22:11:27,356 DEBUG    root            Added [.gcloud/virtenv/lib/python3.12/site-packages/pip/_vendor/rich/rule.py]
2025-10-23 22:11:27,356 DEBUG    root            Added [.gcloud/virtenv/lib/python3.12/site-packages/pip/_vendor/rich/_inspect.py]
2025-10-23 22:11:27,356 DEBUG    root            Added [.gcloud/virtenv/lib/python3.12/site-packages/pip/_vendor/rich/pager.py]
2025-10-23 22:11:27,361 DEBUG    root            Added [.gcloud/virtenv/lib/python3.12/site-packages/pip/_vendor/rich/text.py]
2025-10-23 22:11:27,361 DEBUG    root            Added [.gcloud/virtenv/lib/python3.12/site-packages/pip/_vendor/rich/highlighter.py]
2025-10-23 22:11:27,363 DEBUG    root            Added [.gcloud/virtenv/lib/python3.12/site-packages/pip/_vendor/rich/_spinners.py]
2025-10-23 22:11:27,364 DEBUG    root            Added [.gcloud/virtenv/lib/python3.12/site-packages/pip/_vendor/rich/terminal_theme.py]
2025-10-23 22:11:27,364 DEBUG    root            Added [.gcloud/virtenv/lib/python3.12/site-packages/pip/_vendor/rich/bar.py]
2025-10-23 22:11:27,366 DEBUG    root            Added [.gcloud/virtenv/lib/python3.12/site-packages/pip/_vendor/rich/live.py]
2025-10-23 22:11:27,366 DEBUG    root            Added [.gcloud/virtenv/lib/python3.12/site-packages/pip/_vendor/rich/py.typed]
2025-10-23 22:11:27,371 DEBUG    root            Added [.gcloud/virtenv/lib/python3.12/site-packages/pip/_vendor/rich/syntax.py]
2025-10-23 22:11:27,373 DEBUG    root            Added [.gcloud/virtenv/lib/python3.12/site-packages/pip/_vendor/rich/table.py]
2025-10-23 22:11:27,373 DEBUG    root            Added [.gcloud/virtenv/lib/python3.12/site-packages/pip/_vendor/rich/_export_format.py]
2025-10-23 22:11:27,376 DEBUG    root            Added [.gcloud/virtenv/lib/python3.12/site-packages/pip/_vendor/rich/progress_bar.py]
2025-10-23 22:11:27,376 DEBUG    root            Added [.gcloud/virtenv/lib/python3.12/site-packages/pip/_vendor/rich/errors.py]
2025-10-23 22:11:27,376 DEBUG    root            Added [.gcloud/virtenv/lib/python3.12/site-packages/pip/_vendor/rich/prompt.py]
2025-10-23 22:11:27,379 DEBUG    root            Added [.gcloud/virtenv/lib/python3.12/site-packages/pip/_vendor/rich/segment.py]
2025-10-23 22:11:27,381 DEBUG    root            Added [.gcloud/virtenv/lib/python3.12/site-packages/pip/_vendor/rich/ansi.py]
2025-10-23 22:11:27,386 DEBUG    root            Added [.gcloud/virtenv/lib/python3.12/site-packages/pip/_vendor/rich/progress.py]
2025-10-23 22:11:27,386 DEBUG    root            Added [.gcloud/virtenv/lib/python3.12/site-packages/pip/_vendor/rich/_stack.py]
2025-10-23 22:11:27,386 DEBUG    root            Added [.gcloud/virtenv/lib/python3.12/site-packages/pip/_vendor/rich/_windows.py]
2025-10-23 22:11:27,387 DEBUG    root            Added [.gcloud/virtenv/lib/python3.12/site-packages/pip/_vendor/rich/_cell_widths.py]
2025-10-23 22:11:27,388 DEBUG    root            Added [.gcloud/virtenv/lib/python3.12/site-packages/pip/_vendor/rich/cells.py]
2025-10-23 22:11:27,389 DEBUG    root            Added [.gcloud/virtenv/lib/python3.12/site-packages/pip/_vendor/rich/_win32_console.py]
2025-10-23 22:11:27,391 DEBUG    root            Added [.gcloud/virtenv/lib/python3.12/site-packages/pip/_vendor/rich/panel.py]
2025-10-23 22:11:27,391 DEBUG    root            Added [.gcloud/virtenv/lib/python3.12/site-packages/pip/_vendor/rich/styled.py]
2025-10-23 22:11:27,391 DEBUG    root            Added [.gcloud/virtenv/lib/python3.12/site-packages/pip/_vendor/rich/spinner.py]
2025-10-23 22:11:27,391 DEBUG    root            Added [.gcloud/virtenv/lib/python3.12/site-packages/pip/_vendor/rich/_windows_renderer.py]
2025-10-23 22:11:27,391 DEBUG    root            Added [.gcloud/virtenv/lib/python3.12/site-packages/pip/_vendor/rich/json.py]
2025-10-23 22:11:27,394 DEBUG    root            Added [.gcloud/virtenv/lib/python3.12/site-packages/pip/_vendor/rich/padding.py]
2025-10-23 22:11:27,394 DEBUG    root            Added [.gcloud/virtenv/lib/python3.12/site-packages/pip/_vendor/rich/__main__.py]
2025-10-23 22:11:27,394 DEBUG    root            Added [.gcloud/virtenv/lib/python3.12/site-packages/pip/_vendor/rich/scope.py]
2025-10-23 22:11:27,394 DEBUG    root            Added [.gcloud/virtenv/lib/python3.12/site-packages/pip/_vendor/rich/_extension.py]
2025-10-23 22:11:27,394 DEBUG    root            Added [.gcloud/virtenv/lib/python3.12/site-packages/pip/_vendor/rich/status.py]
2025-10-23 22:11:27,394 DEBUG    root            Added [.gcloud/virtenv/lib/python3.12/site-packages/pip/_vendor/rich/abc.py]
2025-10-23 22:11:27,396 DEBUG    root            Added [.gcloud/virtenv/lib/python3.12/site-packages/pip/_vendor/rich/jupyter.py]
2025-10-23 22:11:27,397 DEBUG    root            Added [.gcloud/virtenv/lib/python3.12/site-packages/pip/_vendor/rich/color_triplet.py]
2025-10-23 22:11:27,397 DEBUG    root            Added [.gcloud/virtenv/lib/python3.12/site-packages/pip/_vendor/urllib3/filepost.py]
2025-10-23 22:11:27,397 DEBUG    root            Added [.gcloud/virtenv/lib/python3.12/site-packages/pip/_vendor/urllib3/fields.py]
2025-10-23 22:11:27,397 DEBUG    root            Added [.gcloud/virtenv/lib/python3.12/site-packages/pip/_vendor/urllib3/_version.py]
2025-10-23 22:11:27,397 DEBUG    root            Added [.gcloud/virtenv/lib/python3.12/site-packages/pip/_vendor/urllib3/request.py]
2025-10-23 22:11:27,399 DEBUG    root            Added [.gcloud/virtenv/lib/python3.12/site-packages/pip/_vendor/urllib3/__init__.py]
2025-10-23 22:11:27,399 DEBUG    root            Added [.gcloud/virtenv/lib/python3.12/site-packages/pip/_vendor/urllib3/poolmanager.py]
2025-10-23 22:11:27,401 DEBUG    root            Added [.gcloud/virtenv/lib/python3.12/site-packages/pip/_vendor/urllib3/response.py]
2025-10-23 22:11:27,405 DEBUG    root            Added [.gcloud/virtenv/lib/python3.12/site-packages/pip/_vendor/urllib3/connection.py]
2025-10-23 22:11:27,407 DEBUG    root            Added [.gcloud/virtenv/lib/python3.12/site-packages/pip/_vendor/urllib3/_collections.py]
2025-10-23 22:11:27,407 DEBUG    root            Added [.gcloud/virtenv/lib/python3.12/site-packages/pip/_vendor/urllib3/exceptions.py]
2025-10-23 22:11:27,413 DEBUG    root            Added [.gcloud/virtenv/lib/python3.12/site-packages/pip/_vendor/urllib3/connectionpool.py]
2025-10-23 22:11:27,414 DEBUG    root            Added [.gcloud/virtenv/lib/python3.12/site-packages/pip/_vendor/urllib3/util/queue.py]
2025-10-23 22:11:27,414 DEBUG    root            Added [.gcloud/virtenv/lib/python3.12/site-packages/pip/_vendor/urllib3/util/ssltransport.py]
2025-10-23 22:11:27,414 DEBUG    root            Added [.gcloud/virtenv/lib/python3.12/site-packages/pip/_vendor/urllib3/util/proxy.py]
2025-10-23 22:11:27,414 DEBUG    root            Added [.gcloud/virtenv/lib/python3.12/site-packages/pip/_vendor/urllib3/util/wait.py]
2025-10-23 22:11:27,416 DEBUG    root            Added [.gcloud/virtenv/lib/python3.12/site-packages/pip/_vendor/urllib3/util/request.py]
2025-10-23 22:11:27,416 DEBUG    root            Added [.gcloud/virtenv/lib/python3.12/site-packages/pip/_vendor/urllib3/util/timeout.py]
2025-10-23 22:11:27,416 DEBUG    root            Added [.gcloud/virtenv/lib/python3.12/site-packages/pip/_vendor/urllib3/util/__init__.py]
2025-10-23 22:11:27,417 DEBUG    root            Added [.gcloud/virtenv/lib/python3.12/site-packages/pip/_vendor/urllib3/util/response.py]
2025-10-23 22:11:27,418 DEBUG    root            Added [.gcloud/virtenv/lib/python3.12/site-packages/pip/_vendor/urllib3/util/ssl_.py]
2025-10-23 22:11:27,420 DEBUG    root            Added [.gcloud/virtenv/lib/python3.12/site-packages/pip/_vendor/urllib3/util/retry.py]
2025-10-23 22:11:27,423 DEBUG    root            Added [.gcloud/virtenv/lib/python3.12/site-packages/pip/_vendor/urllib3/util/url.py]
2025-10-23 22:11:27,423 DEBUG    root            Added [.gcloud/virtenv/lib/python3.12/site-packages/pip/_vendor/urllib3/util/connection.py]
2025-10-23 22:11:27,423 DEBUG    root            Added [.gcloud/virtenv/lib/python3.12/site-packages/pip/_vendor/urllib3/util/ssl_match_hostname.py]
2025-10-23 22:11:27,428 DEBUG    root            Added [.gcloud/virtenv/lib/python3.12/site-packages/pip/_vendor/urllib3/contrib/securetransport.py]
2025-10-23 22:11:27,428 DEBUG    root            Added [.gcloud/virtenv/lib/python3.12/site-packages/pip/_vendor/urllib3/contrib/__init__.py]
2025-10-23 22:11:27,429 DEBUG    root            Added [.gcloud/virtenv/lib/python3.12/site-packages/pip/_vendor/urllib3/contrib/socks.py]
2025-10-23 22:11:27,429 DEBUG    root            Added [.gcloud/virtenv/lib/python3.12/site-packages/pip/_vendor/urllib3/contrib/_appengine_environ.py]
2025-10-23 22:11:27,432 DEBUG    root            Added [.gcloud/virtenv/lib/python3.12/site-packages/pip/_vendor/urllib3/contrib/pyopenssl.py]
2025-10-23 22:11:27,432 DEBUG    root            Added [.gcloud/virtenv/lib/python3.12/site-packages/pip/_vendor/urllib3/contrib/appengine.py]
2025-10-23 22:11:27,432 DEBUG    root            Added [.gcloud/virtenv/lib/python3.12/site-packages/pip/_vendor/urllib3/contrib/ntlmpool.py]
2025-10-23 22:11:27,432 DEBUG    root            Added [.gcloud/virtenv/lib/python3.12/site-packages/pip/_vendor/urllib3/contrib/_securetransport/__init__.py]
2025-10-23 22:11:27,433 DEBUG    root            Added [.gcloud/virtenv/lib/python3.12/site-packages/pip/_vendor/urllib3/contrib/_securetransport/low_level.py]
2025-10-23 22:11:27,436 DEBUG    root            Added [.gcloud/virtenv/lib/python3.12/site-packages/pip/_vendor/urllib3/contrib/_securetransport/bindings.py]
2025-10-23 22:11:27,436 DEBUG    root            Added [.gcloud/virtenv/lib/python3.12/site-packages/pip/_vendor/urllib3/packages/__init__.py]
2025-10-23 22:11:27,437 DEBUG    root            Added [.gcloud/virtenv/lib/python3.12/site-packages/pip/_vendor/urllib3/packages/six.py]
2025-10-23 22:11:27,438 DEBUG    root            Added [.gcloud/virtenv/lib/python3.12/site-packages/pip/_vendor/urllib3/packages/backports/__init__.py]
2025-10-23 22:11:27,438 DEBUG    root            Added [.gcloud/virtenv/lib/python3.12/site-packages/pip/_vendor/urllib3/packages/backports/makefile.py]
2025-10-23 22:11:27,438 DEBUG    root            Added [.gcloud/virtenv/lib/python3.12/site-packages/pip/_vendor/urllib3/packages/backports/weakref_finalize.py]
2025-10-23 22:11:27,450 DEBUG    root            Added [.gcloud/virtenv/lib/python3.12/site-packages/pip/_vendor/pkg_resources/__init__.py]
2025-10-23 22:11:27,453 DEBUG    root            Added [.gcloud/virtenv/lib/python3.12/site-packages/pip/_vendor/resolvelib/resolvers.py]
2025-10-23 22:11:27,453 DEBUG    root            Added [.gcloud/virtenv/lib/python3.12/site-packages/pip/_vendor/resolvelib/__init__.py]
2025-10-23 22:11:27,453 DEBUG    root            Added [.gcloud/virtenv/lib/python3.12/site-packages/pip/_vendor/resolvelib/providers.py]
2025-10-23 22:11:27,457 DEBUG    root            Added [.gcloud/virtenv/lib/python3.12/site-packages/pip/_vendor/resolvelib/structs.py]
2025-10-23 22:11:27,457 DEBUG    root            Added [.gcloud/virtenv/lib/python3.12/site-packages/pip/_vendor/resolvelib/reporters.py]
2025-10-23 22:11:27,458 DEBUG    root            Added [.gcloud/virtenv/lib/python3.12/site-packages/pip/_vendor/resolvelib/py.typed]
2025-10-23 22:11:27,458 DEBUG    root            Added [.gcloud/virtenv/lib/python3.12/site-packages/pip/_vendor/resolvelib/compat/__init__.py]
2025-10-23 22:11:27,458 DEBUG    root            Added [.gcloud/virtenv/lib/python3.12/site-packages/pip/_vendor/resolvelib/compat/collections_abc.py]
2025-10-23 22:11:27,458 DEBUG    root            Added [.gcloud/virtenv/lib/python3.12/site-packages/pip/_vendor/platformdirs/macos.py]
2025-10-23 22:11:27,459 DEBUG    root            Added [.gcloud/virtenv/lib/python3.12/site-packages/pip/_vendor/platformdirs/unix.py]
2025-10-23 22:11:27,459 DEBUG    root            Added [.gcloud/virtenv/lib/python3.12/site-packages/pip/_vendor/platformdirs/version.py]
2025-10-23 22:11:27,460 DEBUG    root            Added [.gcloud/virtenv/lib/python3.12/site-packages/pip/_vendor/platformdirs/__init__.py]
2025-10-23 22:11:27,460 DEBUG    root            Added [.gcloud/virtenv/lib/python3.12/site-packages/pip/_vendor/platformdirs/api.py]
2025-10-23 22:11:27,460 DEBUG    root            Added [.gcloud/virtenv/lib/python3.12/site-packages/pip/_vendor/platformdirs/android.py]
2025-10-23 22:11:27,460 DEBUG    root            Added [.gcloud/virtenv/lib/python3.12/site-packages/pip/_vendor/platformdirs/py.typed]
2025-10-23 22:11:27,461 DEBUG    root            Added [.gcloud/virtenv/lib/python3.12/site-packages/pip/_vendor/platformdirs/windows.py]
2025-10-23 22:11:27,461 DEBUG    root            Added [.gcloud/virtenv/lib/python3.12/site-packages/pip/_vendor/platformdirs/__main__.py]
2025-10-23 22:11:27,461 DEBUG    root            Added [.gcloud/virtenv/lib/python3.12/site-packages/google_crc32c-1.7.1.dist-info/zip-safe]
2025-10-23 22:11:27,461 DEBUG    root            Added [.gcloud/virtenv/lib/python3.12/site-packages/google_crc32c-1.7.1.dist-info/RECORD]
2025-10-23 22:11:27,462 DEBUG    root            Added [.gcloud/virtenv/lib/python3.12/site-packages/google_crc32c-1.7.1.dist-info/WHEEL]
2025-10-23 22:11:27,462 DEBUG    root            Added [.gcloud/virtenv/lib/python3.12/site-packages/google_crc32c-1.7.1.dist-info/top_level.txt]
2025-10-23 22:11:27,462 DEBUG    root            Added [.gcloud/virtenv/lib/python3.12/site-packages/google_crc32c-1.7.1.dist-info/REQUESTED]
2025-10-23 22:11:27,462 DEBUG    root            Added [.gcloud/virtenv/lib/python3.12/site-packages/google_crc32c-1.7.1.dist-info/INSTALLER]
2025-10-23 22:11:27,462 DEBUG    root            Added [.gcloud/virtenv/lib/python3.12/site-packages/google_crc32c-1.7.1.dist-info/METADATA]
2025-10-23 22:11:27,463 DEBUG    root            Added [.gcloud/virtenv/lib/python3.12/site-packages/google_crc32c-1.7.1.dist-info/licenses/LICENSE]
2025-10-23 22:11:27,465 DEBUG    root            Added [.gcloud/virtenv/lib/python3.12/site-packages/setuptools-80.9.0.dist-info/RECORD]
2025-10-23 22:11:27,465 DEBUG    root            Added [.gcloud/virtenv/lib/python3.12/site-packages/setuptools-80.9.0.dist-info/WHEEL]
2025-10-23 22:11:27,465 DEBUG    root            Added [.gcloud/virtenv/lib/python3.12/site-packages/setuptools-80.9.0.dist-info/entry_points.txt]
2025-10-23 22:11:27,466 DEBUG    root            Added [.gcloud/virtenv/lib/python3.12/site-packages/setuptools-80.9.0.dist-info/top_level.txt]
2025-10-23 22:11:27,466 DEBUG    root            Added [.gcloud/virtenv/lib/python3.12/site-packages/setuptools-80.9.0.dist-info/REQUESTED]
2025-10-23 22:11:27,466 DEBUG    root            Added [.gcloud/virtenv/lib/python3.12/site-packages/setuptools-80.9.0.dist-info/INSTALLER]
2025-10-23 22:11:27,466 DEBUG    root            Added [.gcloud/virtenv/lib/python3.12/site-packages/setuptools-80.9.0.dist-info/METADATA]
2025-10-23 22:11:27,466 DEBUG    root            Added [.gcloud/virtenv/lib/python3.12/site-packages/setuptools-80.9.0.dist-info/licenses/LICENSE]
2025-10-23 22:11:27,466 DEBUG    root            Added [.gcloud/virtenv/lib/python3.12/site-packages/certifi/__init__.py]
2025-10-23 22:11:27,466 DEBUG    root            Added [.gcloud/virtenv/lib/python3.12/site-packages/certifi/core.py]
2025-10-23 22:11:27,466 DEBUG    root            Added [.gcloud/virtenv/lib/python3.12/site-packages/certifi/py.typed]
2025-10-23 22:11:27,473 DEBUG    root            Added [.gcloud/virtenv/lib/python3.12/site-packages/certifi/cacert.pem]
2025-10-23 22:11:27,473 DEBUG    root            Added [.gcloud/virtenv/lib/python3.12/site-packages/certifi/__main__.py]
2025-10-23 22:11:27,474 DEBUG    root            Added [.gcloud/virtenv/lib/python3.12/site-packages/typing_extensions-4.15.0.dist-info/RECORD]
2025-10-23 22:11:27,474 DEBUG    root            Added [.gcloud/virtenv/lib/python3.12/site-packages/typing_extensions-4.15.0.dist-info/WHEEL]
2025-10-23 22:11:27,474 DEBUG    root            Added [.gcloud/virtenv/lib/python3.12/site-packages/typing_extensions-4.15.0.dist-info/INSTALLER]
2025-10-23 22:11:27,474 DEBUG    root            Added [.gcloud/virtenv/lib/python3.12/site-packages/typing_extensions-4.15.0.dist-info/METADATA]
2025-10-23 22:11:27,474 DEBUG    root            Added [.gcloud/virtenv/lib/python3.12/site-packages/typing_extensions-4.15.0.dist-info/licenses/LICENSE]
2025-10-23 22:11:27,475 DEBUG    root            Added [.gcloud/virtenv/lib/python3.12/site-packages/setuptools/_path.py]
2025-10-23 22:11:27,475 DEBUG    root            Added [.gcloud/virtenv/lib/python3.12/site-packages/setuptools/cli-arm64.exe]
2025-10-23 22:11:27,475 DEBUG    root            Added [.gcloud/virtenv/lib/python3.12/site-packages/setuptools/logging.py]
2025-10-23 22:11:27,476 DEBUG    root            Added [.gcloud/virtenv/lib/python3.12/site-packages/setuptools/windows_support.py]
2025-10-23 22:11:27,476 DEBUG    root            Added [.gcloud/virtenv/lib/python3.12/site-packages/setuptools/_normalization.py]
2025-10-23 22:11:27,478 DEBUG    root            Added [.gcloud/virtenv/lib/python3.12/site-packages/setuptools/archive_util.py]
2025-10-23 22:11:27,478 DEBUG    root            Added [.gcloud/virtenv/lib/python3.12/site-packages/setuptools/_imp.py]
2025-10-23 22:11:27,478 DEBUG    root            Added [.gcloud/virtenv/lib/python3.12/site-packages/setuptools/version.py]
2025-10-23 22:11:27,478 DEBUG    root            Added [.gcloud/virtenv/lib/python3.12/site-packages/setuptools/modified.py]
2025-10-23 22:11:27,479 DEBUG    root            Added [.gcloud/virtenv/lib/python3.12/site-packages/setuptools/discovery.py]
2025-10-23 22:11:27,479 DEBUG    root            Added [.gcloud/virtenv/lib/python3.12/site-packages/setuptools/_static.py]
2025-10-23 22:11:27,481 DEBUG    root            Added [.gcloud/virtenv/lib/python3.12/site-packages/setuptools/warnings.py]
2025-10-23 22:11:27,481 DEBUG    root            Added [.gcloud/virtenv/lib/python3.12/site-packages/setuptools/cli-64.exe]
2025-10-23 22:11:27,481 DEBUG    root            Added [.gcloud/virtenv/lib/python3.12/site-packages/setuptools/_reqs.py]
2025-10-23 22:11:27,484 DEBUG    root            Added [.gcloud/virtenv/lib/python3.12/site-packages/setuptools/gui-64.exe]
2025-10-23 22:11:27,485 DEBUG    root            Added [.gcloud/virtenv/lib/python3.12/site-packages/setuptools/depends.py]
2025-10-23 22:11:27,485 DEBUG    root            Added [.gcloud/virtenv/lib/python3.12/site-packages/setuptools/__init__.py]
2025-10-23 22:11:27,486 DEBUG    root            Added [.gcloud/virtenv/lib/python3.12/site-packages/setuptools/_discovery.py]
2025-10-23 22:11:27,487 DEBUG    root            Added [.gcloud/virtenv/lib/python3.12/site-packages/setuptools/installer.py]
2025-10-23 22:11:27,487 DEBUG    root            Added [.gcloud/virtenv/lib/python3.12/site-packages/setuptools/glob.py]
2025-10-23 22:11:27,487 DEBUG    root            Added [.gcloud/virtenv/lib/python3.12/site-packages/setuptools/script.tmpl]
2025-10-23 22:11:27,487 DEBUG    root            Added [.gcloud/virtenv/lib/python3.12/site-packages/setuptools/launch.py]
2025-10-23 22:11:27,487 DEBUG    root            Added [.gcloud/virtenv/lib/python3.12/site-packages/setuptools/extension.py]
2025-10-23 22:11:27,489 DEBUG    root            Added [.gcloud/virtenv/lib/python3.12/site-packages/setuptools/_core_metadata.py]
2025-10-23 22:11:27,489 DEBUG    root            Added [.gcloud/virtenv/lib/python3.12/site-packages/setuptools/unicode_utils.py]
2025-10-23 22:11:27,489 DEBUG    root            Added [.gcloud/virtenv/lib/python3.12/site-packages/setuptools/_itertools.py]
2025-10-23 22:11:27,489 DEBUG    root            Added [.gcloud/virtenv/lib/python3.12/site-packages/setuptools/monkey.py]
2025-10-23 22:11:27,491 DEBUG    root            Added [.gcloud/virtenv/lib/python3.12/site-packages/setuptools/build_meta.py]
2025-10-23 22:11:27,492 DEBUG    root            Added [.gcloud/virtenv/lib/python3.12/site-packages/setuptools/cli.exe]
2025-10-23 22:11:27,492 DEBUG    root            Added [.gcloud/virtenv/lib/python3.12/site-packages/setuptools/errors.py]
2025-10-23 22:11:27,497 DEBUG    root            Added [.gcloud/virtenv/lib/python3.12/site-packages/setuptools/msvc.py]
2025-10-23 22:11:27,497 DEBUG    root            Added [.gcloud/virtenv/lib/python3.12/site-packages/setuptools/_importlib.py]
2025-10-23 22:11:27,497 DEBUG    root            Added [.gcloud/virtenv/lib/python3.12/site-packages/setuptools/_scripts.py]
2025-10-23 22:11:27,497 DEBUG    root            Added [.gcloud/virtenv/lib/python3.12/site-packages/setuptools/_entry_points.py]
2025-10-23 22:11:27,499 DEBUG    root            Added [.gcloud/virtenv/lib/python3.12/site-packages/setuptools/cli-32.exe]
2025-10-23 22:11:27,499 DEBUG    root            Added [.gcloud/virtenv/lib/python3.12/site-packages/setuptools/gui-32.exe]
2025-10-23 22:11:27,502 DEBUG    root            Added [.gcloud/virtenv/lib/python3.12/site-packages/setuptools/gui.exe]
2025-10-23 22:11:27,502 DEBUG    root            Added [.gcloud/virtenv/lib/python3.12/site-packages/setuptools/dist.py]
2025-10-23 22:11:27,505 DEBUG    root            Added [.gcloud/virtenv/lib/python3.12/site-packages/setuptools/wheel.py]
2025-10-23 22:11:27,505 DEBUG    root            Added [.gcloud/virtenv/lib/python3.12/site-packages/setuptools/gui-arm64.exe]
2025-10-23 22:11:27,505 DEBUG    root            Added [.gcloud/virtenv/lib/python3.12/site-packages/setuptools/namespaces.py]
2025-10-23 22:11:27,506 DEBUG    root            Added [.gcloud/virtenv/lib/python3.12/site-packages/setuptools/script (dev).tmpl]
2025-10-23 22:11:27,509 DEBUG    root            Added [.gcloud/virtenv/lib/python3.12/site-packages/setuptools/_shutil.py]
2025-10-23 22:11:27,509 DEBUG    root            Added [.gcloud/virtenv/lib/python3.12/site-packages/setuptools/compat/py39.py]
2025-10-23 22:11:27,509 DEBUG    root            Added [.gcloud/virtenv/lib/python3.12/site-packages/setuptools/compat/__init__.py]
2025-10-23 22:11:27,510 DEBUG    root            Added [.gcloud/virtenv/lib/python3.12/site-packages/setuptools/compat/py312.py]
2025-10-23 22:11:27,510 DEBUG    root            Added [.gcloud/virtenv/lib/python3.12/site-packages/setuptools/compat/py311.py]
2025-10-23 22:11:27,510 DEBUG    root            Added [.gcloud/virtenv/lib/python3.12/site-packages/setuptools/compat/py310.py]
2025-10-23 22:11:27,520 DEBUG    root            Added [.gcloud/virtenv/lib/python3.12/site-packages/setuptools/_vendor/typing_extensions.py]
2025-10-23 22:11:27,522 DEBUG    root            Added [.gcloud/virtenv/lib/python3.12/site-packages/setuptools/_vendor/packaging/tags.py]
2025-10-23 22:11:27,523 DEBUG    root            Added [.gcloud/virtenv/lib/python3.12/site-packages/setuptools/_vendor/packaging/_musllinux.py]
2025-10-23 22:11:27,528 DEBUG    root            Added [.gcloud/virtenv/lib/python3.12/site-packages/setuptools/_vendor/packaging/metadata.py]
2025-10-23 22:11:27,528 DEBUG    root            Added [.gcloud/virtenv/lib/python3.12/site-packages/setuptools/_vendor/packaging/version.py]
2025-10-23 22:11:27,528 DEBUG    root            Added [.gcloud/virtenv/lib/python3.12/site-packages/setuptools/_vendor/packaging/__init__.py]
2025-10-23 22:11:27,530 DEBUG    root            Added [.gcloud/virtenv/lib/python3.12/site-packages/setuptools/_vendor/packaging/_parser.py]
2025-10-23 22:11:27,530 DEBUG    root            Added [.gcloud/virtenv/lib/python3.12/site-packages/setuptools/_vendor/packaging/utils.py]
2025-10-23 22:11:27,530 DEBUG    root            Added [.gcloud/virtenv/lib/python3.12/site-packages/setuptools/_vendor/packaging/requirements.py]
2025-10-23 22:11:27,530 DEBUG    root            Added [.gcloud/virtenv/lib/python3.12/site-packages/setuptools/_vendor/packaging/_structures.py]
2025-10-23 22:11:27,532 DEBUG    root            Added [.gcloud/virtenv/lib/python3.12/site-packages/setuptools/_vendor/packaging/markers.py]
2025-10-23 22:11:27,532 DEBUG    root            Added [.gcloud/virtenv/lib/python3.12/site-packages/setuptools/_vendor/packaging/py.typed]
2025-10-23 22:11:27,532 DEBUG    root            Added [.gcloud/virtenv/lib/python3.12/site-packages/setuptools/_vendor/packaging/_manylinux.py]
2025-10-23 22:11:27,532 DEBUG    root            Added [.gcloud/virtenv/lib/python3.12/site-packages/setuptools/_vendor/packaging/_tokenizer.py]
2025-10-23 22:11:27,537 DEBUG    root            Added [.gcloud/virtenv/lib/python3.12/site-packages/setuptools/_vendor/packaging/specifiers.py]
2025-10-23 22:11:27,537 DEBUG    root            Added [.gcloud/virtenv/lib/python3.12/site-packages/setuptools/_vendor/packaging/_elffile.py]
2025-10-23 22:11:27,537 DEBUG    root            Added [.gcloud/virtenv/lib/python3.12/site-packages/setuptools/_vendor/packaging/licenses/__init__.py]
2025-10-23 22:11:27,540 DEBUG    root            Added [.gcloud/virtenv/lib/python3.12/site-packages/setuptools/_vendor/packaging/licenses/_spdx.py]
2025-10-23 22:11:27,540 DEBUG    root            Added [.gcloud/virtenv/lib/python3.12/site-packages/setuptools/_vendor/jaraco.text-3.12.1.dist-info/RECORD]
2025-10-23 22:11:27,540 DEBUG    root            Added [.gcloud/virtenv/lib/python3.12/site-packages/setuptools/_vendor/jaraco.text-3.12.1.dist-info/LICENSE]
2025-10-23 22:11:27,540 DEBUG    root            Added [.gcloud/virtenv/lib/python3.12/site-packages/setuptools/_vendor/jaraco.text-3.12.1.dist-info/WHEEL]
2025-10-23 22:11:27,540 DEBUG    root            Added [.gcloud/virtenv/lib/python3.12/site-packages/setuptools/_vendor/jaraco.text-3.12.1.dist-info/top_level.txt]
2025-10-23 22:11:27,540 DEBUG    root            Added [.gcloud/virtenv/lib/python3.12/site-packages/setuptools/_vendor/jaraco.text-3.12.1.dist-info/REQUESTED]
2025-10-23 22:11:27,540 DEBUG    root            Added [.gcloud/virtenv/lib/python3.12/site-packages/setuptools/_vendor/jaraco.text-3.12.1.dist-info/INSTALLER]
2025-10-23 22:11:27,541 DEBUG    root            Added [.gcloud/virtenv/lib/python3.12/site-packages/setuptools/_vendor/jaraco.text-3.12.1.dist-info/METADATA]
2025-10-23 22:11:27,542 DEBUG    root            Added [.gcloud/virtenv/lib/python3.12/site-packages/setuptools/_vendor/jaraco.collections-5.1.0.dist-info/RECORD]
2025-10-23 22:11:27,542 DEBUG    root            Added [.gcloud/virtenv/lib/python3.12/site-packages/setuptools/_vendor/jaraco.collections-5.1.0.dist-info/LICENSE]
2025-10-23 22:11:27,542 DEBUG    root            Added [.gcloud/virtenv/lib/python3.12/site-packages/setuptools/_vendor/jaraco.collections-5.1.0.dist-info/WHEEL]
2025-10-23 22:11:27,542 DEBUG    root            Added [.gcloud/virtenv/lib/python3.12/site-packages/setuptools/_vendor/jaraco.collections-5.1.0.dist-info/top_level.txt]
2025-10-23 22:11:27,542 DEBUG    root            Added [.gcloud/virtenv/lib/python3.12/site-packages/setuptools/_vendor/jaraco.collections-5.1.0.dist-info/REQUESTED]
2025-10-23 22:11:27,542 DEBUG    root            Added [.gcloud/virtenv/lib/python3.12/site-packages/setuptools/_vendor/jaraco.collections-5.1.0.dist-info/INSTALLER]
2025-10-23 22:11:27,542 DEBUG    root            Added [.gcloud/virtenv/lib/python3.12/site-packages/setuptools/_vendor/jaraco.collections-5.1.0.dist-info/METADATA]
2025-10-23 22:11:27,542 DEBUG    root            Added [.gcloud/virtenv/lib/python3.12/site-packages/setuptools/_vendor/importlib_metadata-8.0.0.dist-info/RECORD]
2025-10-23 22:11:27,543 DEBUG    root            Added [.gcloud/virtenv/lib/python3.12/site-packages/setuptools/_vendor/importlib_metadata-8.0.0.dist-info/LICENSE]
2025-10-23 22:11:27,543 DEBUG    root            Added [.gcloud/virtenv/lib/python3.12/site-packages/setuptools/_vendor/importlib_metadata-8.0.0.dist-info/WHEEL]
2025-10-23 22:11:27,543 DEBUG    root            Added [.gcloud/virtenv/lib/python3.12/site-packages/setuptools/_vendor/importlib_metadata-8.0.0.dist-info/top_level.txt]
2025-10-23 22:11:27,543 DEBUG    root            Added [.gcloud/virtenv/lib/python3.12/site-packages/setuptools/_vendor/importlib_metadata-8.0.0.dist-info/REQUESTED]
2025-10-23 22:11:27,544 DEBUG    root            Added [.gcloud/virtenv/lib/python3.12/site-packages/setuptools/_vendor/importlib_metadata-8.0.0.dist-info/INSTALLER]
2025-10-23 22:11:27,544 DEBUG    root            Added [.gcloud/virtenv/lib/python3.12/site-packages/setuptools/_vendor/importlib_metadata-8.0.0.dist-info/METADATA]
2025-10-23 22:11:27,551 DEBUG    root            Added [.gcloud/virtenv/lib/python3.12/site-packages/setuptools/_vendor/inflect/__init__.py]
2025-10-23 22:11:27,551 DEBUG    root            Added [.gcloud/virtenv/lib/python3.12/site-packages/setuptools/_vendor/inflect/py.typed]
2025-10-23 22:11:27,551 DEBUG    root            Added [.gcloud/virtenv/lib/python3.12/site-packages/setuptools/_vendor/inflect/compat/py38.py]
2025-10-23 22:11:27,552 DEBUG    root            Added [.gcloud/virtenv/lib/python3.12/site-packages/setuptools/_vendor/inflect/compat/__init__.py]
2025-10-23 22:11:27,552 DEBUG    root            Added [.gcloud/virtenv/lib/python3.12/site-packages/setuptools/_vendor/jaraco/context.py]
2025-10-23 22:11:27,552 DEBUG    root            Added [.gcloud/virtenv/lib/python3.12/site-packages/setuptools/_vendor/jaraco/functools/__init__.pyi]
2025-10-23 22:11:27,554 DEBUG    root            Added [.gcloud/virtenv/lib/python3.12/site-packages/setuptools/_vendor/jaraco/functools/__init__.py]
2025-10-23 22:11:27,554 DEBUG    root            Added [.gcloud/virtenv/lib/python3.12/site-packages/setuptools/_vendor/jaraco/functools/py.typed]
2025-10-23 22:11:27,554 DEBUG    root            Added [.gcloud/virtenv/lib/python3.12/site-packages/setuptools/_vendor/jaraco/text/to-qwerty.py]
2025-10-23 22:11:27,554 DEBUG    root            Added [.gcloud/virtenv/lib/python3.12/site-packages/setuptools/_vendor/jaraco/text/show-newlines.py]
2025-10-23 22:11:27,554 DEBUG    root            Added [.gcloud/virtenv/lib/python3.12/site-packages/setuptools/_vendor/jaraco/text/to-dvorak.py]
2025-10-23 22:11:27,556 DEBUG    root            Added [.gcloud/virtenv/lib/python3.12/site-packages/setuptools/_vendor/jaraco/text/__init__.py]
2025-10-23 22:11:27,556 DEBUG    root            Added [.gcloud/virtenv/lib/python3.12/site-packages/setuptools/_vendor/jaraco/text/strip-prefix.py]
2025-10-23 22:11:27,556 DEBUG    root            Added [.gcloud/virtenv/lib/python3.12/site-packages/setuptools/_vendor/jaraco/text/Lorem ipsum.txt]
2025-10-23 22:11:27,556 DEBUG    root            Added [.gcloud/virtenv/lib/python3.12/site-packages/setuptools/_vendor/jaraco/text/layouts.py]
2025-10-23 22:11:27,557 DEBUG    root            Added [.gcloud/virtenv/lib/python3.12/site-packages/setuptools/_vendor/jaraco/collections/__init__.py]
2025-10-23 22:11:27,558 DEBUG    root            Added [.gcloud/virtenv/lib/python3.12/site-packages/setuptools/_vendor/jaraco/collections/py.typed]
2025-10-23 22:11:27,558 DEBUG    root            Added [.gcloud/virtenv/lib/python3.12/site-packages/setuptools/_vendor/jaraco.functools-4.0.1.dist-info/RECORD]
2025-10-23 22:11:27,560 DEBUG    root            Added [.gcloud/virtenv/lib/python3.12/site-packages/setuptools/_vendor/jaraco.functools-4.0.1.dist-info/LICENSE]
2025-10-23 22:11:27,560 DEBUG    root            Added [.gcloud/virtenv/lib/python3.12/site-packages/setuptools/_vendor/jaraco.functools-4.0.1.dist-info/WHEEL]
2025-10-23 22:11:27,560 DEBUG    root            Added [.gcloud/virtenv/lib/python3.12/site-packages/setuptools/_vendor/jaraco.functools-4.0.1.dist-info/top_level.txt]
2025-10-23 22:11:27,560 DEBUG    root            Added [.gcloud/virtenv/lib/python3.12/site-packages/setuptools/_vendor/jaraco.functools-4.0.1.dist-info/INSTALLER]
2025-10-23 22:11:27,560 DEBUG    root            Added [.gcloud/virtenv/lib/python3.12/site-packages/setuptools/_vendor/jaraco.functools-4.0.1.dist-info/METADATA]
2025-10-23 22:11:27,560 DEBUG    root            Added [.gcloud/virtenv/lib/python3.12/site-packages/setuptools/_vendor/jaraco.context-5.3.0.dist-info/RECORD]
2025-10-23 22:11:27,561 DEBUG    root            Added [.gcloud/virtenv/lib/python3.12/site-packages/setuptools/_vendor/jaraco.context-5.3.0.dist-info/LICENSE]
2025-10-23 22:11:27,561 DEBUG    root            Added [.gcloud/virtenv/lib/python3.12/site-packages/setuptools/_vendor/jaraco.context-5.3.0.dist-info/WHEEL]
2025-10-23 22:11:27,561 DEBUG    root            Added [.gcloud/virtenv/lib/python3.12/site-packages/setuptools/_vendor/jaraco.context-5.3.0.dist-info/top_level.txt]
2025-10-23 22:11:27,561 DEBUG    root            Added [.gcloud/virtenv/lib/python3.12/site-packages/setuptools/_vendor/jaraco.context-5.3.0.dist-info/INSTALLER]
2025-10-23 22:11:27,561 DEBUG    root            Added [.gcloud/virtenv/lib/python3.12/site-packages/setuptools/_vendor/jaraco.context-5.3.0.dist-info/METADATA]
2025-10-23 22:11:27,561 DEBUG    root            Added [.gcloud/virtenv/lib/python3.12/site-packages/setuptools/_vendor/inflect-7.3.1.dist-info/RECORD]
2025-10-23 22:11:27,562 DEBUG    root            Added [.gcloud/virtenv/lib/python3.12/site-packages/setuptools/_vendor/inflect-7.3.1.dist-info/LICENSE]
2025-10-23 22:11:27,562 DEBUG    root            Added [.gcloud/virtenv/lib/python3.12/site-packages/setuptools/_vendor/inflect-7.3.1.dist-info/WHEEL]
2025-10-23 22:11:27,562 DEBUG    root            Added [.gcloud/virtenv/lib/python3.12/site-packages/setuptools/_vendor/inflect-7.3.1.dist-info/top_level.txt]
2025-10-23 22:11:27,562 DEBUG    root            Added [.gcloud/virtenv/lib/python3.12/site-packages/setuptools/_vendor/inflect-7.3.1.dist-info/INSTALLER]
2025-10-23 22:11:27,562 DEBUG    root            Added [.gcloud/virtenv/lib/python3.12/site-packages/setuptools/_vendor/inflect-7.3.1.dist-info/METADATA]
2025-10-23 22:11:27,563 DEBUG    root            Added [.gcloud/virtenv/lib/python3.12/site-packages/setuptools/_vendor/importlib_metadata/_meta.py]
2025-10-23 22:11:27,563 DEBUG    root            Added [.gcloud/virtenv/lib/python3.12/site-packages/setuptools/_vendor/importlib_metadata/_text.py]
2025-10-23 22:11:27,564 DEBUG    root            Added [.gcloud/virtenv/lib/python3.12/site-packages/setuptools/_vendor/importlib_metadata/__init__.py]
2025-10-23 22:11:27,564 DEBUG    root            Added [.gcloud/virtenv/lib/python3.12/site-packages/setuptools/_vendor/importlib_metadata/_functools.py]
2025-10-23 22:11:27,564 DEBUG    root            Added [.gcloud/virtenv/lib/python3.12/site-packages/setuptools/_vendor/importlib_metadata/diagnose.py]
2025-10-23 22:11:27,565 DEBUG    root            Added [.gcloud/virtenv/lib/python3.12/site-packages/setuptools/_vendor/importlib_metadata/_collections.py]
2025-10-23 22:11:27,565 DEBUG    root            Added [.gcloud/virtenv/lib/python3.12/site-packages/setuptools/_vendor/importlib_metadata/_itertools.py]
2025-10-23 22:11:27,565 DEBUG    root            Added [.gcloud/virtenv/lib/python3.12/site-packages/setuptools/_vendor/importlib_metadata/py.typed]
2025-10-23 22:11:27,567 DEBUG    root            Added [.gcloud/virtenv/lib/python3.12/site-packages/setuptools/_vendor/importlib_metadata/_adapters.py]
2025-10-23 22:11:27,567 DEBUG    root            Added [.gcloud/virtenv/lib/python3.12/site-packages/setuptools/_vendor/importlib_metadata/_compat.py]
2025-10-23 22:11:27,567 DEBUG    root            Added [.gcloud/virtenv/lib/python3.12/site-packages/setuptools/_vendor/importlib_metadata/compat/py39.py]
2025-10-23 22:11:27,567 DEBUG    root            Added [.gcloud/virtenv/lib/python3.12/site-packages/setuptools/_vendor/importlib_metadata/compat/__init__.py]
2025-10-23 22:11:27,568 DEBUG    root            Added [.gcloud/virtenv/lib/python3.12/site-packages/setuptools/_vendor/importlib_metadata/compat/py311.py]
2025-10-23 22:11:27,568 DEBUG    root            Added [.gcloud/virtenv/lib/python3.12/site-packages/setuptools/_vendor/wheel/metadata.py]
2025-10-23 22:11:27,569 DEBUG    root            Added [.gcloud/virtenv/lib/python3.12/site-packages/setuptools/_vendor/wheel/macosx_libfile.py]
2025-10-23 22:11:27,569 DEBUG    root            Added [.gcloud/virtenv/lib/python3.12/site-packages/setuptools/_vendor/wheel/util.py]
2025-10-23 22:11:27,569 DEBUG    root            Added [.gcloud/virtenv/lib/python3.12/site-packages/setuptools/_vendor/wheel/_setuptools_logging.py]
2025-10-23 22:11:27,569 DEBUG    root            Added [.gcloud/virtenv/lib/python3.12/site-packages/setuptools/_vendor/wheel/__init__.py]
2025-10-23 22:11:27,569 DEBUG    root            Added [.gcloud/virtenv/lib/python3.12/site-packages/setuptools/_vendor/wheel/bdist_wheel.py]
2025-10-23 22:11:27,570 DEBUG    root            Added [.gcloud/virtenv/lib/python3.12/site-packages/setuptools/_vendor/wheel/_bdist_wheel.py]
2025-10-23 22:11:27,571 DEBUG    root            Added [.gcloud/virtenv/lib/python3.12/site-packages/setuptools/_vendor/wheel/wheelfile.py]
2025-10-23 22:11:27,573 DEBUG    root            Added [.gcloud/virtenv/lib/python3.12/site-packages/setuptools/_vendor/wheel/__main__.py]
2025-10-23 22:11:27,574 DEBUG    root            Added [.gcloud/virtenv/lib/python3.12/site-packages/setuptools/_vendor/wheel/cli/pack.py]
2025-10-23 22:11:27,574 DEBUG    root            Added [.gcloud/virtenv/lib/python3.12/site-packages/setuptools/_vendor/wheel/cli/tags.py]
2025-10-23 22:11:27,574 DEBUG    root            Added [.gcloud/virtenv/lib/python3.12/site-packages/setuptools/_vendor/wheel/cli/convert.py]
2025-10-23 22:11:27,576 DEBUG    root            Added [.gcloud/virtenv/lib/python3.12/site-packages/setuptools/_vendor/wheel/cli/__init__.py]
2025-10-23 22:11:27,576 DEBUG    root            Added [.gcloud/virtenv/lib/python3.12/site-packages/setuptools/_vendor/wheel/cli/unpack.py]
2025-10-23 22:11:27,576 DEBUG    root            Added [.gcloud/virtenv/lib/python3.12/site-packages/setuptools/_vendor/wheel/vendored/vendor.txt]
2025-10-23 22:11:27,576 DEBUG    root            Added [.gcloud/virtenv/lib/python3.12/site-packages/setuptools/_vendor/wheel/vendored/__init__.py]
2025-10-23 22:11:27,576 DEBUG    root            Added [.gcloud/virtenv/lib/python3.12/site-packages/setuptools/_vendor/wheel/vendored/packaging/tags.py]
2025-10-23 22:11:27,579 DEBUG    root            Added [.gcloud/virtenv/lib/python3.12/site-packages/setuptools/_vendor/wheel/vendored/packaging/_musllinux.py]
2025-10-23 22:11:27,579 DEBUG    root            Added [.gcloud/virtenv/lib/python3.12/site-packages/setuptools/_vendor/wheel/vendored/packaging/version.py]
2025-10-23 22:11:27,579 DEBUG    root            Added [.gcloud/virtenv/lib/python3.12/site-packages/setuptools/_vendor/wheel/vendored/packaging/LICENSE]
2025-10-23 22:11:27,581 DEBUG    root            Added [.gcloud/virtenv/lib/python3.12/site-packages/setuptools/_vendor/wheel/vendored/packaging/LICENSE.APACHE]
2025-10-23 22:11:27,581 DEBUG    root            Added [.gcloud/virtenv/lib/python3.12/site-packages/setuptools/_vendor/wheel/vendored/packaging/__init__.py]
2025-10-23 22:11:27,581 DEBUG    root            Added [.gcloud/virtenv/lib/python3.12/site-packages/setuptools/_vendor/wheel/vendored/packaging/_parser.py]
2025-10-23 22:11:27,581 DEBUG    root            Added [.gcloud/virtenv/lib/python3.12/site-packages/setuptools/_vendor/wheel/vendored/packaging/LICENSE.BSD]
2025-10-23 22:11:27,582 DEBUG    root            Added [.gcloud/virtenv/lib/python3.12/site-packages/setuptools/_vendor/wheel/vendored/packaging/utils.py]
2025-10-23 22:11:27,582 DEBUG    root            Added [.gcloud/virtenv/lib/python3.12/site-packages/setuptools/_vendor/wheel/vendored/packaging/requirements.py]
2025-10-23 22:11:27,583 DEBUG    root            Added [.gcloud/virtenv/lib/python3.12/site-packages/setuptools/_vendor/wheel/vendored/packaging/_structures.py]
2025-10-23 22:11:27,583 DEBUG    root            Added [.gcloud/virtenv/lib/python3.12/site-packages/setuptools/_vendor/wheel/vendored/packaging/markers.py]
2025-10-23 22:11:27,584 DEBUG    root            Added [.gcloud/virtenv/lib/python3.12/site-packages/setuptools/_vendor/wheel/vendored/packaging/_manylinux.py]
2025-10-23 22:11:27,584 DEBUG    root            Added [.gcloud/virtenv/lib/python3.12/site-packages/setuptools/_vendor/wheel/vendored/packaging/_tokenizer.py]
2025-10-23 22:11:27,588 DEBUG    root            Added [.gcloud/virtenv/lib/python3.12/site-packages/setuptools/_vendor/wheel/vendored/packaging/specifiers.py]
2025-10-23 22:11:27,589 DEBUG    root            Added [.gcloud/virtenv/lib/python3.12/site-packages/setuptools/_vendor/wheel/vendored/packaging/_elffile.py]
2025-10-23 22:11:27,589 DEBUG    root            Added [.gcloud/virtenv/lib/python3.12/site-packages/setuptools/_vendor/zipp/__init__.py]
2025-10-23 22:11:27,589 DEBUG    root            Added [.gcloud/virtenv/lib/python3.12/site-packages/setuptools/_vendor/zipp/glob.py]
2025-10-23 22:11:27,591 DEBUG    root            Added [.gcloud/virtenv/lib/python3.12/site-packages/setuptools/_vendor/zipp/compat/__init__.py]
2025-10-23 22:11:27,591 DEBUG    root            Added [.gcloud/virtenv/lib/python3.12/site-packages/setuptools/_vendor/zipp/compat/py310.py]
2025-10-23 22:11:27,591 DEBUG    root            Added [.gcloud/virtenv/lib/python3.12/site-packages/setuptools/_vendor/autocommand-2.2.2.dist-info/RECORD]
2025-10-23 22:11:27,591 DEBUG    root            Added [.gcloud/virtenv/lib/python3.12/site-packages/setuptools/_vendor/autocommand-2.2.2.dist-info/LICENSE]
2025-10-23 22:11:27,592 DEBUG    root            Added [.gcloud/virtenv/lib/python3.12/site-packages/setuptools/_vendor/autocommand-2.2.2.dist-info/WHEEL]
2025-10-23 22:11:27,592 DEBUG    root            Added [.gcloud/virtenv/lib/python3.12/site-packages/setuptools/_vendor/autocommand-2.2.2.dist-info/top_level.txt]
2025-10-23 22:11:27,592 DEBUG    root            Added [.gcloud/virtenv/lib/python3.12/site-packages/setuptools/_vendor/autocommand-2.2.2.dist-info/INSTALLER]
2025-10-23 22:11:27,592 DEBUG    root            Added [.gcloud/virtenv/lib/python3.12/site-packages/setuptools/_vendor/autocommand-2.2.2.dist-info/METADATA]
2025-10-23 22:11:27,593 DEBUG    root            Added [.gcloud/virtenv/lib/python3.12/site-packages/setuptools/_vendor/more_itertools/__init__.pyi]
2025-10-23 22:11:27,593 DEBUG    root            Added [.gcloud/virtenv/lib/python3.12/site-packages/setuptools/_vendor/more_itertools/more.pyi]
2025-10-23 22:11:27,593 DEBUG    root            Added [.gcloud/virtenv/lib/python3.12/site-packages/setuptools/_vendor/more_itertools/__init__.py]
2025-10-23 22:11:27,607 DEBUG    root            Added [.gcloud/virtenv/lib/python3.12/site-packages/setuptools/_vendor/more_itertools/more.py]
2025-10-23 22:11:27,609 DEBUG    root            Added [.gcloud/virtenv/lib/python3.12/site-packages/setuptools/_vendor/more_itertools/recipes.py]
2025-10-23 22:11:27,609 DEBUG    root            Added [.gcloud/virtenv/lib/python3.12/site-packages/setuptools/_vendor/more_itertools/py.typed]
2025-10-23 22:11:27,611 DEBUG    root            Added [.gcloud/virtenv/lib/python3.12/site-packages/setuptools/_vendor/more_itertools/recipes.pyi]
2025-10-23 22:11:27,612 DEBUG    root            Added [.gcloud/virtenv/lib/python3.12/site-packages/setuptools/_vendor/backports/__init__.py]
2025-10-23 22:11:27,620 DEBUG    root            Added [.gcloud/virtenv/lib/python3.12/site-packages/setuptools/_vendor/backports/tarfile/__init__.py]
2025-10-23 22:11:27,620 DEBUG    root            Added [.gcloud/virtenv/lib/python3.12/site-packages/setuptools/_vendor/backports/tarfile/__main__.py]
2025-10-23 22:11:27,620 DEBUG    root            Added [.gcloud/virtenv/lib/python3.12/site-packages/setuptools/_vendor/backports/tarfile/compat/py38.py]
2025-10-23 22:11:27,621 DEBUG    root            Added [.gcloud/virtenv/lib/python3.12/site-packages/setuptools/_vendor/backports/tarfile/compat/__init__.py]
2025-10-23 22:11:27,624 DEBUG    root            Added [.gcloud/virtenv/lib/python3.12/site-packages/setuptools/_vendor/autocommand/__init__.py]
2025-10-23 22:11:27,624 DEBUG    root            Added [.gcloud/virtenv/lib/python3.12/site-packages/setuptools/_vendor/autocommand/automain.py]
2025-10-23 22:11:27,624 DEBUG    root            Added [.gcloud/virtenv/lib/python3.12/site-packages/setuptools/_vendor/autocommand/errors.py]
2025-10-23 22:11:27,624 DEBUG    root            Added [.gcloud/virtenv/lib/python3.12/site-packages/setuptools/_vendor/autocommand/autocommand.py]
2025-10-23 22:11:27,624 DEBUG    root            Added [.gcloud/virtenv/lib/python3.12/site-packages/setuptools/_vendor/autocommand/autoasync.py]
2025-10-23 22:11:27,625 DEBUG    root            Added [.gcloud/virtenv/lib/python3.12/site-packages/setuptools/_vendor/autocommand/autoparse.py]
2025-10-23 22:11:27,625 DEBUG    root            Added [.gcloud/virtenv/lib/python3.12/site-packages/setuptools/_vendor/tomli/_types.py]
2025-10-23 22:11:27,625 DEBUG    root            Added [.gcloud/virtenv/lib/python3.12/site-packages/setuptools/_vendor/tomli/__init__.py]
2025-10-23 22:11:27,626 DEBUG    root            Added [.gcloud/virtenv/lib/python3.12/site-packages/setuptools/_vendor/tomli/_parser.py]
2025-10-23 22:11:27,626 DEBUG    root            Added [.gcloud/virtenv/lib/python3.12/site-packages/setuptools/_vendor/tomli/_re.py]
2025-10-23 22:11:27,626 DEBUG    root            Added [.gcloud/virtenv/lib/python3.12/site-packages/setuptools/_vendor/tomli/py.typed]
2025-10-23 22:11:27,626 DEBUG    root            Added [.gcloud/virtenv/lib/python3.12/site-packages/setuptools/_vendor/backports.tarfile-1.2.0.dist-info/RECORD]
2025-10-23 22:11:27,629 DEBUG    root            Added [.gcloud/virtenv/lib/python3.12/site-packages/setuptools/_vendor/backports.tarfile-1.2.0.dist-info/LICENSE]
2025-10-23 22:11:27,629 DEBUG    root            Added [.gcloud/virtenv/lib/python3.12/site-packages/setuptools/_vendor/backports.tarfile-1.2.0.dist-info/WHEEL]
2025-10-23 22:11:27,629 DEBUG    root            Added [.gcloud/virtenv/lib/python3.12/site-packages/setuptools/_vendor/backports.tarfile-1.2.0.dist-info/top_level.txt]
2025-10-23 22:11:27,629 DEBUG    root            Added [.gcloud/virtenv/lib/python3.12/site-packages/setuptools/_vendor/backports.tarfile-1.2.0.dist-info/REQUESTED]
2025-10-23 22:11:27,629 DEBUG    root            Added [.gcloud/virtenv/lib/python3.12/site-packages/setuptools/_vendor/backports.tarfile-1.2.0.dist-info/INSTALLER]
2025-10-23 22:11:27,629 DEBUG    root            Added [.gcloud/virtenv/lib/python3.12/site-packages/setuptools/_vendor/backports.tarfile-1.2.0.dist-info/METADATA]
2025-10-23 22:11:27,629 DEBUG    root            Added [.gcloud/virtenv/lib/python3.12/site-packages/setuptools/_vendor/typeguard-4.3.0.dist-info/RECORD]
2025-10-23 22:11:27,629 DEBUG    root            Added [.gcloud/virtenv/lib/python3.12/site-packages/setuptools/_vendor/typeguard-4.3.0.dist-info/LICENSE]
2025-10-23 22:11:27,629 DEBUG    root            Added [.gcloud/virtenv/lib/python3.12/site-packages/setuptools/_vendor/typeguard-4.3.0.dist-info/WHEEL]
2025-10-23 22:11:27,629 DEBUG    root            Added [.gcloud/virtenv/lib/python3.12/site-packages/setuptools/_vendor/typeguard-4.3.0.dist-info/entry_points.txt]
2025-10-23 22:11:27,629 DEBUG    root            Added [.gcloud/virtenv/lib/python3.12/site-packages/setuptools/_vendor/typeguard-4.3.0.dist-info/top_level.txt]
2025-10-23 22:11:27,630 DEBUG    root            Added [.gcloud/virtenv/lib/python3.12/site-packages/setuptools/_vendor/typeguard-4.3.0.dist-info/INSTALLER]
2025-10-23 22:11:27,630 DEBUG    root            Added [.gcloud/virtenv/lib/python3.12/site-packages/setuptools/_vendor/typeguard-4.3.0.dist-info/METADATA]
2025-10-23 22:11:27,630 DEBUG    root            Added [.gcloud/virtenv/lib/python3.12/site-packages/setuptools/_vendor/packaging-24.2.dist-info/RECORD]
2025-10-23 22:11:27,630 DEBUG    root            Added [.gcloud/virtenv/lib/python3.12/site-packages/setuptools/_vendor/packaging-24.2.dist-info/LICENSE]
2025-10-23 22:11:27,630 DEBUG    root            Added [.gcloud/virtenv/lib/python3.12/site-packages/setuptools/_vendor/packaging-24.2.dist-info/LICENSE.APACHE]
2025-10-23 22:11:27,630 DEBUG    root            Added [.gcloud/virtenv/lib/python3.12/site-packages/setuptools/_vendor/packaging-24.2.dist-info/WHEEL]
2025-10-23 22:11:27,631 DEBUG    root            Added [.gcloud/virtenv/lib/python3.12/site-packages/setuptools/_vendor/packaging-24.2.dist-info/LICENSE.BSD]
2025-10-23 22:11:27,631 DEBUG    root            Added [.gcloud/virtenv/lib/python3.12/site-packages/setuptools/_vendor/packaging-24.2.dist-info/REQUESTED]
2025-10-23 22:11:27,631 DEBUG    root            Added [.gcloud/virtenv/lib/python3.12/site-packages/setuptools/_vendor/packaging-24.2.dist-info/INSTALLER]
2025-10-23 22:11:27,632 DEBUG    root            Added [.gcloud/virtenv/lib/python3.12/site-packages/setuptools/_vendor/packaging-24.2.dist-info/METADATA]
2025-10-23 22:11:27,632 DEBUG    root            Added [.gcloud/virtenv/lib/python3.12/site-packages/setuptools/_vendor/wheel-0.45.1.dist-info/RECORD]
2025-10-23 22:11:27,632 DEBUG    root            Added [.gcloud/virtenv/lib/python3.12/site-packages/setuptools/_vendor/wheel-0.45.1.dist-info/WHEEL]
2025-10-23 22:11:27,632 DEBUG    root            Added [.gcloud/virtenv/lib/python3.12/site-packages/setuptools/_vendor/wheel-0.45.1.dist-info/entry_points.txt]
2025-10-23 22:11:27,632 DEBUG    root            Added [.gcloud/virtenv/lib/python3.12/site-packages/setuptools/_vendor/wheel-0.45.1.dist-info/LICENSE.txt]
2025-10-23 22:11:27,632 DEBUG    root            Added [.gcloud/virtenv/lib/python3.12/site-packages/setuptools/_vendor/wheel-0.45.1.dist-info/REQUESTED]
2025-10-23 22:11:27,632 DEBUG    root            Added [.gcloud/virtenv/lib/python3.12/site-packages/setuptools/_vendor/wheel-0.45.1.dist-info/INSTALLER]
2025-10-23 22:11:27,632 DEBUG    root            Added [.gcloud/virtenv/lib/python3.12/site-packages/setuptools/_vendor/wheel-0.45.1.dist-info/METADATA]
2025-10-23 22:11:27,632 DEBUG    root            Added [.gcloud/virtenv/lib/python3.12/site-packages/setuptools/_vendor/zipp-3.19.2.dist-info/RECORD]
2025-10-23 22:11:27,632 DEBUG    root            Added [.gcloud/virtenv/lib/python3.12/site-packages/setuptools/_vendor/zipp-3.19.2.dist-info/LICENSE]
2025-10-23 22:11:27,632 DEBUG    root            Added [.gcloud/virtenv/lib/python3.12/site-packages/setuptools/_vendor/zipp-3.19.2.dist-info/WHEEL]
2025-10-23 22:11:27,633 DEBUG    root            Added [.gcloud/virtenv/lib/python3.12/site-packages/setuptools/_vendor/zipp-3.19.2.dist-info/top_level.txt]
2025-10-23 22:11:27,633 DEBUG    root            Added [.gcloud/virtenv/lib/python3.12/site-packages/setuptools/_vendor/zipp-3.19.2.dist-info/REQUESTED]
2025-10-23 22:11:27,633 DEBUG    root            Added [.gcloud/virtenv/lib/python3.12/site-packages/setuptools/_vendor/zipp-3.19.2.dist-info/INSTALLER]
2025-10-23 22:11:27,633 DEBUG    root            Added [.gcloud/virtenv/lib/python3.12/site-packages/setuptools/_vendor/zipp-3.19.2.dist-info/METADATA]
2025-10-23 22:11:27,633 DEBUG    root            Added [.gcloud/virtenv/lib/python3.12/site-packages/setuptools/_vendor/tomli-2.0.1.dist-info/RECORD]
2025-10-23 22:11:27,633 DEBUG    root            Added [.gcloud/virtenv/lib/python3.12/site-packages/setuptools/_vendor/tomli-2.0.1.dist-info/LICENSE]
2025-10-23 22:11:27,633 DEBUG    root            Added [.gcloud/virtenv/lib/python3.12/site-packages/setuptools/_vendor/tomli-2.0.1.dist-info/WHEEL]
2025-10-23 22:11:27,634 DEBUG    root            Added [.gcloud/virtenv/lib/python3.12/site-packages/setuptools/_vendor/tomli-2.0.1.dist-info/REQUESTED]
2025-10-23 22:11:27,634 DEBUG    root            Added [.gcloud/virtenv/lib/python3.12/site-packages/setuptools/_vendor/tomli-2.0.1.dist-info/INSTALLER]
2025-10-23 22:11:27,634 DEBUG    root            Added [.gcloud/virtenv/lib/python3.12/site-packages/setuptools/_vendor/tomli-2.0.1.dist-info/METADATA]
2025-10-23 22:11:27,634 DEBUG    root            Added [.gcloud/virtenv/lib/python3.12/site-packages/setuptools/_vendor/typing_extensions-4.12.2.dist-info/RECORD]
2025-10-23 22:11:27,634 DEBUG    root            Added [.gcloud/virtenv/lib/python3.12/site-packages/setuptools/_vendor/typing_extensions-4.12.2.dist-info/LICENSE]
2025-10-23 22:11:27,634 DEBUG    root            Added [.gcloud/virtenv/lib/python3.12/site-packages/setuptools/_vendor/typing_extensions-4.12.2.dist-info/WHEEL]
2025-10-23 22:11:27,635 DEBUG    root            Added [.gcloud/virtenv/lib/python3.12/site-packages/setuptools/_vendor/typing_extensions-4.12.2.dist-info/INSTALLER]
2025-10-23 22:11:27,635 DEBUG    root            Added [.gcloud/virtenv/lib/python3.12/site-packages/setuptools/_vendor/typing_extensions-4.12.2.dist-info/METADATA]
2025-10-23 22:11:27,635 DEBUG    root            Added [.gcloud/virtenv/lib/python3.12/site-packages/setuptools/_vendor/more_itertools-10.3.0.dist-info/RECORD]
2025-10-23 22:11:27,636 DEBUG    root            Added [.gcloud/virtenv/lib/python3.12/site-packages/setuptools/_vendor/more_itertools-10.3.0.dist-info/LICENSE]
2025-10-23 22:11:27,636 DEBUG    root            Added [.gcloud/virtenv/lib/python3.12/site-packages/setuptools/_vendor/more_itertools-10.3.0.dist-info/WHEEL]
2025-10-23 22:11:27,636 DEBUG    root            Added [.gcloud/virtenv/lib/python3.12/site-packages/setuptools/_vendor/more_itertools-10.3.0.dist-info/REQUESTED]
2025-10-23 22:11:27,636 DEBUG    root            Added [.gcloud/virtenv/lib/python3.12/site-packages/setuptools/_vendor/more_itertools-10.3.0.dist-info/INSTALLER]
2025-10-23 22:11:27,636 DEBUG    root            Added [.gcloud/virtenv/lib/python3.12/site-packages/setuptools/_vendor/more_itertools-10.3.0.dist-info/METADATA]
2025-10-23 22:11:27,636 DEBUG    root            Added [.gcloud/virtenv/lib/python3.12/site-packages/setuptools/_vendor/platformdirs-4.2.2.dist-info/RECORD]
2025-10-23 22:11:27,636 DEBUG    root            Added [.gcloud/virtenv/lib/python3.12/site-packages/setuptools/_vendor/platformdirs-4.2.2.dist-info/WHEEL]
2025-10-23 22:11:27,636 DEBUG    root            Added [.gcloud/virtenv/lib/python3.12/site-packages/setuptools/_vendor/platformdirs-4.2.2.dist-info/REQUESTED]
2025-10-23 22:11:27,637 DEBUG    root            Added [.gcloud/virtenv/lib/python3.12/site-packages/setuptools/_vendor/platformdirs-4.2.2.dist-info/INSTALLER]
2025-10-23 22:11:27,637 DEBUG    root            Added [.gcloud/virtenv/lib/python3.12/site-packages/setuptools/_vendor/platformdirs-4.2.2.dist-info/METADATA]
2025-10-23 22:11:27,637 DEBUG    root            Added [.gcloud/virtenv/lib/python3.12/site-packages/setuptools/_vendor/platformdirs-4.2.2.dist-info/licenses/LICENSE]
2025-10-23 22:11:27,639 DEBUG    root            Added [.gcloud/virtenv/lib/python3.12/site-packages/setuptools/_vendor/typeguard/_checkers.py]
2025-10-23 22:11:27,639 DEBUG    root            Added [.gcloud/virtenv/lib/python3.12/site-packages/setuptools/_vendor/typeguard/_suppression.py]
2025-10-23 22:11:27,639 DEBUG    root            Added [.gcloud/virtenv/lib/python3.12/site-packages/setuptools/_vendor/typeguard/_importhook.py]
2025-10-23 22:11:27,641 DEBUG    root            Added [.gcloud/virtenv/lib/python3.12/site-packages/setuptools/_vendor/typeguard/_pytest_plugin.py]
2025-10-23 22:11:27,641 DEBUG    root            Added [.gcloud/virtenv/lib/python3.12/site-packages/setuptools/_vendor/typeguard/_functions.py]
2025-10-23 22:11:27,641 DEBUG    root            Added [.gcloud/virtenv/lib/python3.12/site-packages/setuptools/_vendor/typeguard/__init__.py]
2025-10-23 22:11:27,641 DEBUG    root            Added [.gcloud/virtenv/lib/python3.12/site-packages/setuptools/_vendor/typeguard/_decorators.py]
2025-10-23 22:11:27,643 DEBUG    root            Added [.gcloud/virtenv/lib/python3.12/site-packages/setuptools/_vendor/typeguard/_memo.py]
2025-10-23 22:11:27,645 DEBUG    root            Added [.gcloud/virtenv/lib/python3.12/site-packages/setuptools/_vendor/typeguard/_transformer.py]
2025-10-23 22:11:27,645 DEBUG    root            Added [.gcloud/virtenv/lib/python3.12/site-packages/setuptools/_vendor/typeguard/py.typed]
2025-10-23 22:11:27,648 DEBUG    root            Added [.gcloud/virtenv/lib/python3.12/site-packages/setuptools/_vendor/typeguard/_union_transformer.py]
2025-10-23 22:11:27,649 DEBUG    root            Added [.gcloud/virtenv/lib/python3.12/site-packages/setuptools/_vendor/typeguard/_config.py]
2025-10-23 22:11:27,649 DEBUG    root            Added [.gcloud/virtenv/lib/python3.12/site-packages/setuptools/_vendor/typeguard/_exceptions.py]
2025-10-23 22:11:27,649 DEBUG    root            Added [.gcloud/virtenv/lib/python3.12/site-packages/setuptools/_vendor/typeguard/_utils.py]
2025-10-23 22:11:27,649 DEBUG    root            Added [.gcloud/virtenv/lib/python3.12/site-packages/setuptools/_vendor/platformdirs/macos.py]
2025-10-23 22:11:27,651 DEBUG    root            Added [.gcloud/virtenv/lib/python3.12/site-packages/setuptools/_vendor/platformdirs/unix.py]
2025-10-23 22:11:27,651 DEBUG    root            Added [.gcloud/virtenv/lib/python3.12/site-packages/setuptools/_vendor/platformdirs/version.py]
2025-10-23 22:11:27,652 DEBUG    root            Added [.gcloud/virtenv/lib/python3.12/site-packages/setuptools/_vendor/platformdirs/__init__.py]
2025-10-23 22:11:27,652 DEBUG    root            Added [.gcloud/virtenv/lib/python3.12/site-packages/setuptools/_vendor/platformdirs/api.py]
2025-10-23 22:11:27,652 DEBUG    root            Added [.gcloud/virtenv/lib/python3.12/site-packages/setuptools/_vendor/platformdirs/android.py]
2025-10-23 22:11:27,652 DEBUG    root            Added [.gcloud/virtenv/lib/python3.12/site-packages/setuptools/_vendor/platformdirs/py.typed]
2025-10-23 22:11:27,653 DEBUG    root            Added [.gcloud/virtenv/lib/python3.12/site-packages/setuptools/_vendor/platformdirs/windows.py]
2025-10-23 22:11:27,653 DEBUG    root            Added [.gcloud/virtenv/lib/python3.12/site-packages/setuptools/_vendor/platformdirs/__main__.py]
2025-10-23 22:11:27,653 DEBUG    root            Added [.gcloud/virtenv/lib/python3.12/site-packages/setuptools/config/__init__.py]
2025-10-23 22:11:27,653 DEBUG    root            Added [.gcloud/virtenv/lib/python3.12/site-packages/setuptools/config/NOTICE]
2025-10-23 22:11:27,654 DEBUG    root            Added [.gcloud/virtenv/lib/python3.12/site-packages/setuptools/config/setupcfg.py]
2025-10-23 22:11:27,656 DEBUG    root            Added [.gcloud/virtenv/lib/python3.12/site-packages/setuptools/config/setuptools.schema.json]
2025-10-23 22:11:27,657 DEBUG    root            Added [.gcloud/virtenv/lib/python3.12/site-packages/setuptools/config/_apply_pyprojecttoml.py]
2025-10-23 22:11:27,658 DEBUG    root            Added [.gcloud/virtenv/lib/python3.12/site-packages/setuptools/config/distutils.schema.json]
2025-10-23 22:11:27,659 DEBUG    root            Added [.gcloud/virtenv/lib/python3.12/site-packages/setuptools/config/pyprojecttoml.py]
2025-10-23 22:11:27,661 DEBUG    root            Added [.gcloud/virtenv/lib/python3.12/site-packages/setuptools/config/expand.py]
2025-10-23 22:11:27,661 DEBUG    root            Added [.gcloud/virtenv/lib/python3.12/site-packages/setuptools/config/_validate_pyproject/fastjsonschema_exceptions.py]
2025-10-23 22:11:27,661 DEBUG    root            Added [.gcloud/virtenv/lib/python3.12/site-packages/setuptools/config/_validate_pyproject/extra_validations.py]
2025-10-23 22:11:27,663 DEBUG    root            Added [.gcloud/virtenv/lib/python3.12/site-packages/setuptools/config/_validate_pyproject/error_reporting.py]
2025-10-23 22:11:27,663 DEBUG    root            Added [.gcloud/virtenv/lib/python3.12/site-packages/setuptools/config/_validate_pyproject/__init__.py]
2025-10-23 22:11:27,664 DEBUG    root            Added [.gcloud/virtenv/lib/python3.12/site-packages/setuptools/config/_validate_pyproject/NOTICE]
2025-10-23 22:11:27,671 DEBUG    root            Added [.gcloud/virtenv/lib/python3.12/site-packages/setuptools/config/_validate_pyproject/fastjsonschema_validations.py]
2025-10-23 22:11:27,672 DEBUG    root            Added [.gcloud/virtenv/lib/python3.12/site-packages/setuptools/config/_validate_pyproject/formats.py]
2025-10-23 22:11:27,672 DEBUG    root            Added [.gcloud/virtenv/lib/python3.12/site-packages/setuptools/tests/test_bdist_deprecations.py]
2025-10-23 22:11:27,672 DEBUG    root            Added [.gcloud/virtenv/lib/python3.12/site-packages/setuptools/tests/test_build_py.py]
2025-10-23 22:11:27,676 DEBUG    root            Added [.gcloud/virtenv/lib/python3.12/site-packages/setuptools/tests/test_build_meta.py]
2025-10-23 22:11:27,676 DEBUG    root            Added [.gcloud/virtenv/lib/python3.12/site-packages/setuptools/tests/test_warnings.py]
2025-10-23 22:11:27,676 DEBUG    root            Added [.gcloud/virtenv/lib/python3.12/site-packages/setuptools/tests/textwrap.py]
2025-10-23 22:11:27,676 DEBUG    root            Added [.gcloud/virtenv/lib/python3.12/site-packages/setuptools/tests/test_logging.py]
2025-10-23 22:11:27,678 DEBUG    root            Added [.gcloud/virtenv/lib/python3.12/site-packages/setuptools/tests/test_virtualenv.py]
2025-10-23 22:11:27,678 DEBUG    root            Added [.gcloud/virtenv/lib/python3.12/site-packages/setuptools/tests/test_namespaces.py]
2025-10-23 22:11:27,678 DEBUG    root            Added [.gcloud/virtenv/lib/python3.12/site-packages/setuptools/tests/test_shutil_wrapper.py]
2025-10-23 22:11:27,678 DEBUG    root            Added [.gcloud/virtenv/lib/python3.12/site-packages/setuptools/tests/script-with-bom.py]
2025-10-23 22:11:27,678 DEBUG    root            Added [.gcloud/virtenv/lib/python3.12/site-packages/setuptools/tests/test_distutils_adoption.py]
2025-10-23 22:11:27,678 DEBUG    root            Added [.gcloud/virtenv/lib/python3.12/site-packages/setuptools/tests/test_depends.py]
2025-10-23 22:11:27,679 DEBUG    root            Added [.gcloud/virtenv/lib/python3.12/site-packages/setuptools/tests/test_core_metadata.py]
2025-10-23 22:11:27,679 DEBUG    root            Added [.gcloud/virtenv/lib/python3.12/site-packages/setuptools/tests/test_extern.py]
2025-10-23 22:11:27,679 DEBUG    root            Added [.gcloud/virtenv/lib/python3.12/site-packages/setuptools/tests/__init__.py]
2025-10-23 22:11:27,681 DEBUG    root            Added [.gcloud/virtenv/lib/python3.12/site-packages/setuptools/tests/test_manifest.py]
2025-10-23 22:11:27,681 DEBUG    root            Added [.gcloud/virtenv/lib/python3.12/site-packages/setuptools/tests/test_build_clib.py]
2025-10-23 22:11:27,681 DEBUG    root            Added [.gcloud/virtenv/lib/python3.12/site-packages/setuptools/tests/test_setopt.py]
2025-10-23 22:11:27,683 DEBUG    root            Added [.gcloud/virtenv/lib/python3.12/site-packages/setuptools/tests/test_wheel.py]
2025-10-23 22:11:27,687 DEBUG    root            Added [.gcloud/virtenv/lib/python3.12/site-packages/setuptools/tests/test_egg_info.py]
2025-10-23 22:11:27,688 DEBUG    root            Added [.gcloud/virtenv/lib/python3.12/site-packages/setuptools/tests/test_build.py]
2025-10-23 22:11:27,688 DEBUG    root            Added [.gcloud/virtenv/lib/python3.12/site-packages/setuptools/tests/test_install_scripts.py]
2025-10-23 22:11:27,688 DEBUG    root            Added [.gcloud/virtenv/lib/python3.12/site-packages/setuptools/tests/test_find_py_modules.py]
2025-10-23 22:11:27,689 DEBUG    root            Added [.gcloud/virtenv/lib/python3.12/site-packages/setuptools/tests/test_build_ext.py]
2025-10-23 22:11:27,689 DEBUG    root            Added [.gcloud/virtenv/lib/python3.12/site-packages/setuptools/tests/test_unicode_utils.py]
2025-10-23 22:11:27,689 DEBUG    root            Added [.gcloud/virtenv/lib/python3.12/site-packages/setuptools/tests/text.py]
2025-10-23 22:11:27,689 DEBUG    root            Added [.gcloud/virtenv/lib/python3.12/site-packages/setuptools/tests/test_bdist_egg.py]
2025-10-23 22:11:27,689 DEBUG    root            Added [.gcloud/virtenv/lib/python3.12/site-packages/setuptools/tests/test_glob.py]
2025-10-23 22:11:27,690 DEBUG    root            Added [.gcloud/virtenv/lib/python3.12/site-packages/setuptools/tests/environment.py]
2025-10-23 22:11:27,691 DEBUG    root            Added [.gcloud/virtenv/lib/python3.12/site-packages/setuptools/tests/test_config_discovery.py]
2025-10-23 22:11:27,691 DEBUG    root            Added [.gcloud/virtenv/lib/python3.12/site-packages/setuptools/tests/test_windows_wrappers.py]
2025-10-23 22:11:27,694 DEBUG    root            Added [.gcloud/virtenv/lib/python3.12/site-packages/setuptools/tests/mod_with_constant.py]
2025-10-23 22:11:27,694 DEBUG    root            Added [.gcloud/virtenv/lib/python3.12/site-packages/setuptools/tests/test_find_packages.py]
2025-10-23 22:11:27,694 DEBUG    root            Added [.gcloud/virtenv/lib/python3.12/site-packages/setuptools/tests/contexts.py]
2025-10-23 22:11:27,694 DEBUG    root            Added [.gcloud/virtenv/lib/python3.12/site-packages/setuptools/tests/test_setuptools.py]
2025-10-23 22:11:27,695 DEBUG    root            Added [.gcloud/virtenv/lib/python3.12/site-packages/setuptools/tests/test_dist.py]
2025-10-23 22:11:27,695 DEBUG    root            Added [.gcloud/virtenv/lib/python3.12/site-packages/setuptools/tests/test_scripts.py]
2025-10-23 22:11:27,697 DEBUG    root            Added [.gcloud/virtenv/lib/python3.12/site-packages/setuptools/tests/test_bdist_wheel.py]
2025-10-23 22:11:27,697 DEBUG    root            Added [.gcloud/virtenv/lib/python3.12/site-packages/setuptools/tests/test_develop.py]
2025-10-23 22:11:27,700 DEBUG    root            Added [.gcloud/virtenv/lib/python3.12/site-packages/setuptools/tests/test_editable_install.py]
2025-10-23 22:11:27,702 DEBUG    root            Added [.gcloud/virtenv/lib/python3.12/site-packages/setuptools/tests/fixtures.py]
2025-10-23 22:11:27,702 DEBUG    root            Added [.gcloud/virtenv/lib/python3.12/site-packages/setuptools/tests/namespaces.py]
2025-10-23 22:11:27,706 DEBUG    root            Added [.gcloud/virtenv/lib/python3.12/site-packages/setuptools/tests/test_sdist.py]
2025-10-23 22:11:27,706 DEBUG    root            Added [.gcloud/virtenv/lib/python3.12/site-packages/setuptools/tests/test_archive_util.py]
2025-10-23 22:11:27,707 DEBUG    root            Added [.gcloud/virtenv/lib/python3.12/site-packages/setuptools/tests/test_dist_info.py]
2025-10-23 22:11:27,707 DEBUG    root            Added [.gcloud/virtenv/lib/python3.12/site-packages/setuptools/tests/compat/py39.py]
2025-10-23 22:11:27,707 DEBUG    root            Added [.gcloud/virtenv/lib/python3.12/site-packages/setuptools/tests/compat/__init__.py]
2025-10-23 22:11:27,707 DEBUG    root            Added [.gcloud/virtenv/lib/python3.12/site-packages/setuptools/tests/config/test_pyprojecttoml_dynamic_deps.py]
2025-10-23 22:11:27,707 DEBUG    root            Added [.gcloud/virtenv/lib/python3.12/site-packages/setuptools/tests/config/__init__.py]
2025-10-23 22:11:27,707 DEBUG    root            Added [.gcloud/virtenv/lib/python3.12/site-packages/setuptools/tests/config/test_expand.py]
2025-10-23 22:11:27,709 DEBUG    root            Added [.gcloud/virtenv/lib/python3.12/site-packages/setuptools/tests/config/setupcfg_examples.txt]
2025-10-23 22:11:27,710 DEBUG    root            Added [.gcloud/virtenv/lib/python3.12/site-packages/setuptools/tests/config/test_setupcfg.py]
2025-10-23 22:11:27,710 DEBUG    root            Added [.gcloud/virtenv/lib/python3.12/site-packages/setuptools/tests/config/test_pyprojecttoml.py]
2025-10-23 22:11:27,712 DEBUG    root            Added [.gcloud/virtenv/lib/python3.12/site-packages/setuptools/tests/config/test_apply_pyprojecttoml.py]
2025-10-23 22:11:27,712 DEBUG    root            Added [.gcloud/virtenv/lib/python3.12/site-packages/setuptools/tests/config/downloads/preload.py]
2025-10-23 22:11:27,714 DEBUG    root            Added [.gcloud/virtenv/lib/python3.12/site-packages/setuptools/tests/config/downloads/__init__.py]
2025-10-23 22:11:27,714 DEBUG    root            Added [.gcloud/virtenv/lib/python3.12/site-packages/setuptools/tests/integration/__init__.py]
2025-10-23 22:11:27,714 DEBUG    root            Added [.gcloud/virtenv/lib/python3.12/site-packages/setuptools/tests/integration/test_pbr.py]
2025-10-23 22:11:27,715 DEBUG    root            Added [.gcloud/virtenv/lib/python3.12/site-packages/setuptools/tests/integration/helpers.py]
2025-10-23 22:11:27,715 DEBUG    root            Added [.gcloud/virtenv/lib/python3.12/site-packages/setuptools/tests/integration/test_pip_install_sdist.py]
2025-10-23 22:11:27,715 DEBUG    root            Added [.gcloud/virtenv/lib/python3.12/site-packages/setuptools/tests/indexes/test_links_priority/external.html]
2025-10-23 22:11:27,715 DEBUG    root            Added [.gcloud/virtenv/lib/python3.12/site-packages/setuptools/tests/indexes/test_links_priority/simple/foobar/index.html]
2025-10-23 22:11:27,716 DEBUG    root            Added [.gcloud/virtenv/lib/python3.12/site-packages/setuptools/command/build.py]
2025-10-23 22:11:27,716 DEBUG    root            Added [.gcloud/virtenv/lib/python3.12/site-packages/setuptools/command/bdist_egg.py]
2025-10-23 22:11:27,716 DEBUG    root            Added [.gcloud/virtenv/lib/python3.12/site-packages/setuptools/command/alias.py]
2025-10-23 22:11:27,718 DEBUG    root            Added [.gcloud/virtenv/lib/python3.12/site-packages/setuptools/command/build_ext.py]
2025-10-23 22:11:27,718 DEBUG    root            Added [.gcloud/virtenv/lib/python3.12/site-packages/setuptools/command/easy_install.py]
2025-10-23 22:11:27,723 DEBUG    root            Added [.gcloud/virtenv/lib/python3.12/site-packages/setuptools/command/editable_wheel.py]
2025-10-23 22:11:27,723 DEBUG    root            Added [.gcloud/virtenv/lib/python3.12/site-packages/setuptools/command/launcher manifest.xml]
2025-10-23 22:11:27,723 DEBUG    root            Added [.gcloud/virtenv/lib/python3.12/site-packages/setuptools/command/install_scripts.py]
2025-10-23 22:11:27,723 DEBUG    root            Added [.gcloud/virtenv/lib/python3.12/site-packages/setuptools/command/dist_info.py]
2025-10-23 22:11:27,723 DEBUG    root            Added [.gcloud/virtenv/lib/python3.12/site-packages/setuptools/command/install_lib.py]
2025-10-23 22:11:27,725 DEBUG    root            Added [.gcloud/virtenv/lib/python3.12/site-packages/setuptools/command/build_py.py]
2025-10-23 22:11:27,725 DEBUG    root            Added [.gcloud/virtenv/lib/python3.12/site-packages/setuptools/command/__init__.py]
2025-10-23 22:11:27,725 DEBUG    root            Added [.gcloud/virtenv/lib/python3.12/site-packages/setuptools/command/sdist.py]
2025-10-23 22:11:27,725 DEBUG    root            Added [.gcloud/virtenv/lib/python3.12/site-packages/setuptools/command/test.py]
2025-10-23 22:11:27,727 DEBUG    root            Added [.gcloud/virtenv/lib/python3.12/site-packages/setuptools/command/saveopts.py]
2025-10-23 22:11:27,727 DEBUG    root            Added [.gcloud/virtenv/lib/python3.12/site-packages/setuptools/command/bdist_rpm.py]
2025-10-23 22:11:27,727 DEBUG    root            Added [.gcloud/virtenv/lib/python3.12/site-packages/setuptools/command/build_clib.py]
2025-10-23 22:11:27,730 DEBUG    root            Added [.gcloud/virtenv/lib/python3.12/site-packages/setuptools/command/bdist_wheel.py]
2025-10-23 22:11:27,732 DEBUG    root            Added [.gcloud/virtenv/lib/python3.12/site-packages/setuptools/command/egg_info.py]
2025-10-23 22:11:27,732 DEBUG    root            Added [.gcloud/virtenv/lib/python3.12/site-packages/setuptools/command/_requirestxt.py]
2025-10-23 22:11:27,732 DEBUG    root            Added [.gcloud/virtenv/lib/python3.12/site-packages/setuptools/command/install.py]
2025-10-23 22:11:27,733 DEBUG    root            Added [.gcloud/virtenv/lib/python3.12/site-packages/setuptools/command/develop.py]
2025-10-23 22:11:27,733 DEBUG    root            Added [.gcloud/virtenv/lib/python3.12/site-packages/setuptools/command/rotate.py]
2025-10-23 22:11:27,735 DEBUG    root            Added [.gcloud/virtenv/lib/python3.12/site-packages/setuptools/command/install_egg_info.py]
2025-10-23 22:11:27,735 DEBUG    root            Added [.gcloud/virtenv/lib/python3.12/site-packages/setuptools/command/setopt.py]
2025-10-23 22:11:27,735 DEBUG    root            Added [.gcloud/virtenv/lib/python3.12/site-packages/setuptools/_distutils/_msvccompiler.py]
2025-10-23 22:11:27,735 DEBUG    root            Added [.gcloud/virtenv/lib/python3.12/site-packages/setuptools/_distutils/_modified.py]
2025-10-23 22:11:27,735 DEBUG    root            Added [.gcloud/virtenv/lib/python3.12/site-packages/setuptools/_distutils/unixccompiler.py]
2025-10-23 22:11:27,736 DEBUG    root            Added [.gcloud/virtenv/lib/python3.12/site-packages/setuptools/_distutils/filelist.py]
2025-10-23 22:11:27,736 DEBUG    root            Added [.gcloud/virtenv/lib/python3.12/site-packages/setuptools/_distutils/ccompiler.py]
2025-10-23 22:11:27,736 DEBUG    root            Added [.gcloud/virtenv/lib/python3.12/site-packages/setuptools/_distutils/archive_util.py]
2025-10-23 22:11:27,738 DEBUG    root            Added [.gcloud/virtenv/lib/python3.12/site-packages/setuptools/_distutils/cmd.py]
2025-10-23 22:11:27,741 DEBUG    root            Added [.gcloud/virtenv/lib/python3.12/site-packages/setuptools/_distutils/version.py]
2025-10-23 22:11:27,741 DEBUG    root            Added [.gcloud/virtenv/lib/python3.12/site-packages/setuptools/_distutils/log.py]
2025-10-23 22:11:27,742 DEBUG    root            Added [.gcloud/virtenv/lib/python3.12/site-packages/setuptools/_distutils/util.py]
2025-10-23 22:11:27,744 DEBUG    root            Added [.gcloud/virtenv/lib/python3.12/site-packages/setuptools/_distutils/fancy_getopt.py]
2025-10-23 22:11:27,744 DEBUG    root            Added [.gcloud/virtenv/lib/python3.12/site-packages/setuptools/_distutils/versionpredicate.py]
2025-10-23 22:11:27,744 DEBUG    root            Added [.gcloud/virtenv/lib/python3.12/site-packages/setuptools/_distutils/__init__.py]
2025-10-23 22:11:27,747 DEBUG    root            Added [.gcloud/virtenv/lib/python3.12/site-packages/setuptools/_distutils/file_util.py]
2025-10-23 22:11:27,747 DEBUG    root            Added [.gcloud/virtenv/lib/python3.12/site-packages/setuptools/_distutils/core.py]
2025-10-23 22:11:27,747 DEBUG    root            Added [.gcloud/virtenv/lib/python3.12/site-packages/setuptools/_distutils/cygwinccompiler.py]
2025-10-23 22:11:27,747 DEBUG    root            Added [.gcloud/virtenv/lib/python3.12/site-packages/setuptools/_distutils/zosccompiler.py]
2025-10-23 22:11:27,749 DEBUG    root            Added [.gcloud/virtenv/lib/python3.12/site-packages/setuptools/_distutils/extension.py]
2025-10-23 22:11:27,749 DEBUG    root            Added [.gcloud/virtenv/lib/python3.12/site-packages/setuptools/_distutils/debug.py]
2025-10-23 22:11:27,749 DEBUG    root            Added [.gcloud/virtenv/lib/python3.12/site-packages/setuptools/_distutils/spawn.py]
2025-10-23 22:11:27,749 DEBUG    root            Added [.gcloud/virtenv/lib/python3.12/site-packages/setuptools/_distutils/text_file.py]
2025-10-23 22:11:27,752 DEBUG    root            Added [.gcloud/virtenv/lib/python3.12/site-packages/setuptools/_distutils/errors.py]
2025-10-23 22:11:27,752 DEBUG    root            Added [.gcloud/virtenv/lib/python3.12/site-packages/setuptools/_distutils/dep_util.py]
2025-10-23 22:11:27,752 DEBUG    root            Added [.gcloud/virtenv/lib/python3.12/site-packages/setuptools/_distutils/dir_util.py]
2025-10-23 22:11:27,753 DEBUG    root            Added [.gcloud/virtenv/lib/python3.12/site-packages/setuptools/_distutils/sysconfig.py]
2025-10-23 22:11:27,753 DEBUG    root            Added [.gcloud/virtenv/lib/python3.12/site-packages/setuptools/_distutils/_macos_compat.py]
2025-10-23 22:11:27,759 DEBUG    root            Added [.gcloud/virtenv/lib/python3.12/site-packages/setuptools/_distutils/dist.py]
2025-10-23 22:11:27,759 DEBUG    root            Added [.gcloud/virtenv/lib/python3.12/site-packages/setuptools/_distutils/_log.py]
2025-10-23 22:11:27,759 DEBUG    root            Added [.gcloud/virtenv/lib/python3.12/site-packages/setuptools/_distutils/compat/py39.py]
2025-10-23 22:11:27,759 DEBUG    root            Added [.gcloud/virtenv/lib/python3.12/site-packages/setuptools/_distutils/compat/__init__.py]
2025-10-23 22:11:27,761 DEBUG    root            Added [.gcloud/virtenv/lib/python3.12/site-packages/setuptools/_distutils/compat/numpy.py]
2025-10-23 22:11:27,761 DEBUG    root            Added [.gcloud/virtenv/lib/python3.12/site-packages/setuptools/_distutils/tests/test_bdist.py]
2025-10-23 22:11:27,761 DEBUG    root            Added [.gcloud/virtenv/lib/python3.12/site-packages/setuptools/_distutils/tests/test_text_file.py]
2025-10-23 22:11:27,762 DEBUG    root            Added [.gcloud/virtenv/lib/python3.12/site-packages/setuptools/_distutils/tests/test_version.py]
2025-10-23 22:11:27,762 DEBUG    root            Added [.gcloud/virtenv/lib/python3.12/site-packages/setuptools/_distutils/tests/test_install_lib.py]
2025-10-23 22:11:27,762 DEBUG    root            Added [.gcloud/virtenv/lib/python3.12/site-packages/setuptools/_distutils/tests/test_build_py.py]
2025-10-23 22:11:27,763 DEBUG    root            Added [.gcloud/virtenv/lib/python3.12/site-packages/setuptools/_distutils/tests/test_extension.py]
2025-10-23 22:11:27,763 DEBUG    root            Added [.gcloud/virtenv/lib/python3.12/site-packages/setuptools/_distutils/tests/test_spawn.py]
2025-10-23 22:11:27,763 DEBUG    root            Added [.gcloud/virtenv/lib/python3.12/site-packages/setuptools/_distutils/tests/support.py]
2025-10-23 22:11:27,763 DEBUG    root            Added [.gcloud/virtenv/lib/python3.12/site-packages/setuptools/_distutils/tests/test_bdist_rpm.py]
2025-10-23 22:11:27,764 DEBUG    root            Added [.gcloud/virtenv/lib/python3.12/site-packages/setuptools/_distutils/tests/test_install_data.py]
2025-10-23 22:11:27,765 DEBUG    root            Added [.gcloud/virtenv/lib/python3.12/site-packages/setuptools/_distutils/tests/test_filelist.py]
2025-10-23 22:11:27,765 DEBUG    root            Added [.gcloud/virtenv/lib/python3.12/site-packages/setuptools/_distutils/tests/test_core.py]
2025-10-23 22:11:27,765 DEBUG    root            Added [.gcloud/virtenv/lib/python3.12/site-packages/setuptools/_distutils/tests/test_cmd.py]
2025-10-23 22:11:27,765 DEBUG    root            Added [.gcloud/virtenv/lib/python3.12/site-packages/setuptools/_distutils/tests/__init__.py]
2025-10-23 22:11:27,766 DEBUG    root            Added [.gcloud/virtenv/lib/python3.12/site-packages/setuptools/_distutils/tests/test_sysconfig.py]
2025-10-23 22:11:27,766 DEBUG    root            Added [.gcloud/virtenv/lib/python3.12/site-packages/setuptools/_distutils/tests/test_util.py]
2025-10-23 22:11:27,766 DEBUG    root            Added [.gcloud/virtenv/lib/python3.12/site-packages/setuptools/_distutils/tests/test_modified.py]
2025-10-23 22:11:27,768 DEBUG    root            Added [.gcloud/virtenv/lib/python3.12/site-packages/setuptools/_distutils/tests/test_build_clib.py]
2025-10-23 22:11:27,768 DEBUG    root            Added [.gcloud/virtenv/lib/python3.12/site-packages/setuptools/_distutils/tests/test_log.py]
2025-10-23 22:11:27,769 DEBUG    root            Added [.gcloud/virtenv/lib/python3.12/site-packages/setuptools/_distutils/tests/test_build.py]
2025-10-23 22:11:27,769 DEBUG    root            Added [.gcloud/virtenv/lib/python3.12/site-packages/setuptools/_distutils/tests/test_install_scripts.py]
2025-10-23 22:11:27,770 DEBUG    root            Added [.gcloud/virtenv/lib/python3.12/site-packages/setuptools/_distutils/tests/test_build_ext.py]
2025-10-23 22:11:27,771 DEBUG    root            Added [.gcloud/virtenv/lib/python3.12/site-packages/setuptools/_distutils/tests/test_dir_util.py]
2025-10-23 22:11:27,771 DEBUG    root            Added [.gcloud/virtenv/lib/python3.12/site-packages/setuptools/_distutils/tests/unix_compat.py]
2025-10-23 22:11:27,771 DEBUG    root            Added [.gcloud/virtenv/lib/python3.12/site-packages/setuptools/_distutils/tests/test_install_headers.py]
2025-10-23 22:11:27,771 DEBUG    root            Added [.gcloud/virtenv/lib/python3.12/site-packages/setuptools/_distutils/tests/test_clean.py]
2025-10-23 22:11:27,771 DEBUG    root            Added [.gcloud/virtenv/lib/python3.12/site-packages/setuptools/_distutils/tests/test_check.py]
2025-10-23 22:11:27,771 DEBUG    root            Added [.gcloud/virtenv/lib/python3.12/site-packages/setuptools/_distutils/tests/test_versionpredicate.py]
2025-10-23 22:11:27,773 DEBUG    root            Added [.gcloud/virtenv/lib/python3.12/site-packages/setuptools/_distutils/tests/test_build_scripts.py]
2025-10-23 22:11:27,773 DEBUG    root            Added [.gcloud/virtenv/lib/python3.12/site-packages/setuptools/_distutils/tests/test_bdist_dumb.py]
2025-10-23 22:11:27,773 DEBUG    root            Added [.gcloud/virtenv/lib/python3.12/site-packages/setuptools/_distutils/tests/test_file_util.py]
2025-10-23 22:11:27,773 DEBUG    root            Added [.gcloud/virtenv/lib/python3.12/site-packages/setuptools/_distutils/tests/test_dist.py]
2025-10-23 22:11:27,775 DEBUG    root            Added [.gcloud/virtenv/lib/python3.12/site-packages/setuptools/_distutils/tests/test_install.py]
2025-10-23 22:11:27,775 DEBUG    root            Added [.gcloud/virtenv/lib/python3.12/site-packages/setuptools/_distutils/tests/test_config_cmd.py]
2025-10-23 22:11:27,775 DEBUG    root            Added [.gcloud/virtenv/lib/python3.12/site-packages/setuptools/_distutils/tests/test_sdist.py]
2025-10-23 22:11:27,777 DEBUG    root            Added [.gcloud/virtenv/lib/python3.12/site-packages/setuptools/_distutils/tests/test_archive_util.py]
2025-10-23 22:11:27,778 DEBUG    root            Added [.gcloud/virtenv/lib/python3.12/site-packages/setuptools/_distutils/tests/compat/py39.py]
2025-10-23 22:11:27,778 DEBUG    root            Added [.gcloud/virtenv/lib/python3.12/site-packages/setuptools/_distutils/tests/compat/__init__.py]
2025-10-23 22:11:27,778 DEBUG    root            Added [.gcloud/virtenv/lib/python3.12/site-packages/setuptools/_distutils/command/build.py]
2025-10-23 22:11:27,780 DEBUG    root            Added [.gcloud/virtenv/lib/python3.12/site-packages/setuptools/_distutils/command/build_ext.py]
2025-10-23 22:11:27,783 DEBUG    root            Added [.gcloud/virtenv/lib/python3.12/site-packages/setuptools/_distutils/command/config.py]
2025-10-23 22:11:27,783 DEBUG    root            Added [.gcloud/virtenv/lib/python3.12/site-packages/setuptools/_distutils/command/clean.py]
2025-10-23 22:11:27,783 DEBUG    root            Added [.gcloud/virtenv/lib/python3.12/site-packages/setuptools/_distutils/command/check.py]
2025-10-23 22:11:27,783 DEBUG    root            Added [.gcloud/virtenv/lib/python3.12/site-packages/setuptools/_distutils/command/install_scripts.py]
2025-10-23 22:11:27,783 DEBUG    root            Added [.gcloud/virtenv/lib/python3.12/site-packages/setuptools/_distutils/command/_framework_compat.py]
2025-10-23 22:11:27,785 DEBUG    root            Added [.gcloud/virtenv/lib/python3.12/site-packages/setuptools/_distutils/command/install_headers.py]
2025-10-23 22:11:27,786 DEBUG    root            Added [.gcloud/virtenv/lib/python3.12/site-packages/setuptools/_distutils/command/install_lib.py]
2025-10-23 22:11:27,786 DEBUG    root            Added [.gcloud/virtenv/lib/python3.12/site-packages/setuptools/_distutils/command/build_py.py]
2025-10-23 22:11:27,789 DEBUG    root            Added [.gcloud/virtenv/lib/python3.12/site-packages/setuptools/_distutils/command/bdist_dumb.py]
2025-10-23 22:11:27,789 DEBUG    root            Added [.gcloud/virtenv/lib/python3.12/site-packages/setuptools/_distutils/command/__init__.py]
2025-10-23 22:11:27,789 DEBUG    root            Added [.gcloud/virtenv/lib/python3.12/site-packages/setuptools/_distutils/command/sdist.py]
2025-10-23 22:11:27,791 DEBUG    root            Added [.gcloud/virtenv/lib/python3.12/site-packages/setuptools/_distutils/command/bdist.py]
2025-10-23 22:11:27,791 DEBUG    root            Added [.gcloud/virtenv/lib/python3.12/site-packages/setuptools/_distutils/command/build_scripts.py]
2025-10-23 22:11:27,794 DEBUG    root            Added [.gcloud/virtenv/lib/python3.12/site-packages/setuptools/_distutils/command/bdist_rpm.py]
2025-10-23 22:11:27,794 DEBUG    root            Added [.gcloud/virtenv/lib/python3.12/site-packages/setuptools/_distutils/command/build_clib.py]
2025-10-23 22:11:27,795 DEBUG    root            Added [.gcloud/virtenv/lib/python3.12/site-packages/setuptools/_distutils/command/install.py]
2025-10-23 22:11:27,798 DEBUG    root            Added [.gcloud/virtenv/lib/python3.12/site-packages/setuptools/_distutils/command/install_egg_info.py]
2025-10-23 22:11:27,798 DEBUG    root            Added [.gcloud/virtenv/lib/python3.12/site-packages/setuptools/_distutils/command/install_data.py]
2025-10-23 22:11:27,798 DEBUG    root            Added [.gcloud/virtenv/lib/python3.12/site-packages/setuptools/_distutils/compilers/C/unix.py]
2025-10-23 22:11:27,800 DEBUG    root            Added [.gcloud/virtenv/lib/python3.12/site-packages/setuptools/_distutils/compilers/C/zos.py]
2025-10-23 22:11:27,801 DEBUG    root            Added [.gcloud/virtenv/lib/python3.12/site-packages/setuptools/_distutils/compilers/C/cygwin.py]
2025-10-23 22:11:27,801 DEBUG    root            Added [.gcloud/virtenv/lib/python3.12/site-packages/setuptools/_distutils/compilers/C/errors.py]
2025-10-23 22:11:27,803 DEBUG    root            Added [.gcloud/virtenv/lib/python3.12/site-packages/setuptools/_distutils/compilers/C/msvc.py]
2025-10-23 22:11:27,808 DEBUG    root            Added [.gcloud/virtenv/lib/python3.12/site-packages/setuptools/_distutils/compilers/C/base.py]
2025-10-23 22:11:27,810 DEBUG    root            Added [.gcloud/virtenv/lib/python3.12/site-packages/setuptools/_distutils/compilers/C/tests/test_unix.py]
2025-10-23 22:11:27,810 DEBUG    root            Added [.gcloud/virtenv/lib/python3.12/site-packages/setuptools/_distutils/compilers/C/tests/test_cygwin.py]
2025-10-23 22:11:27,811 DEBUG    root            Added [.gcloud/virtenv/lib/python3.12/site-packages/setuptools/_distutils/compilers/C/tests/test_mingw.py]
2025-10-23 22:11:27,811 DEBUG    root            Added [.gcloud/virtenv/lib/python3.12/site-packages/setuptools/_distutils/compilers/C/tests/test_base.py]
2025-10-23 22:11:27,813 DEBUG    root            Added [.gcloud/virtenv/lib/python3.12/site-packages/setuptools/_distutils/compilers/C/tests/test_msvc.py]
2025-10-23 22:11:27,824 DEBUG    root            Added [.gcloud/virtenv/lib/python3.12/site-packages/pkg_resources/__init__.py]
2025-10-23 22:11:27,824 DEBUG    root            Added [.gcloud/virtenv/lib/python3.12/site-packages/pkg_resources/py.typed]
2025-10-23 22:11:27,825 DEBUG    root            Added [.gcloud/virtenv/lib/python3.12/site-packages/pkg_resources/api_tests.txt]
2025-10-23 22:11:27,827 DEBUG    root            Added [.gcloud/virtenv/lib/python3.12/site-packages/pkg_resources/tests/test_resources.py]
2025-10-23 22:11:27,829 DEBUG    root            Added [.gcloud/virtenv/lib/python3.12/site-packages/pkg_resources/tests/test_integration_zope_interface.py]
2025-10-23 22:11:27,829 DEBUG    root            Added [.gcloud/virtenv/lib/python3.12/site-packages/pkg_resources/tests/__init__.py]
2025-10-23 22:11:27,829 DEBUG    root            Added [.gcloud/virtenv/lib/python3.12/site-packages/pkg_resources/tests/test_markers.py]
2025-10-23 22:11:27,830 DEBUG    root            Added [.gcloud/virtenv/lib/python3.12/site-packages/pkg_resources/tests/test_working_set.py]
2025-10-23 22:11:27,830 DEBUG    root            Added [.gcloud/virtenv/lib/python3.12/site-packages/pkg_resources/tests/test_find_distributions.py]
2025-10-23 22:11:27,831 DEBUG    root            Added [.gcloud/virtenv/lib/python3.12/site-packages/pkg_resources/tests/test_pkg_resources.py]
2025-10-23 22:11:27,831 DEBUG    root            Added [.gcloud/virtenv/lib/python3.12/site-packages/pkg_resources/tests/data/my-test-package-zip/my-test-package.zip]
2025-10-23 22:11:27,831 DEBUG    root            Added [.gcloud/virtenv/lib/python3.12/site-packages/pkg_resources/tests/data/my-test-package_zipped-egg/my_test_package-1.0-py3.7.egg]
2025-10-23 22:11:27,832 DEBUG    root            Added [.gcloud/virtenv/lib/python3.12/site-packages/pkg_resources/tests/data/my-test-package_unpacked-egg/my_test_package-1.0-py3.7.egg/EGG-INFO/PKG-INFO]
2025-10-23 22:11:27,832 DEBUG    root            Added [.gcloud/virtenv/lib/python3.12/site-packages/pkg_resources/tests/data/my-test-package_unpacked-egg/my_test_package-1.0-py3.7.egg/EGG-INFO/zip-safe]
2025-10-23 22:11:27,832 DEBUG    root            Added [.gcloud/virtenv/lib/python3.12/site-packages/pkg_resources/tests/data/my-test-package_unpacked-egg/my_test_package-1.0-py3.7.egg/EGG-INFO/SOURCES.txt]
2025-10-23 22:11:27,832 DEBUG    root            Added [.gcloud/virtenv/lib/python3.12/site-packages/pkg_resources/tests/data/my-test-package_unpacked-egg/my_test_package-1.0-py3.7.egg/EGG-INFO/top_level.txt]
2025-10-23 22:11:27,834 DEBUG    root            Added [.gcloud/virtenv/lib/python3.12/site-packages/pkg_resources/tests/data/my-test-package_unpacked-egg/my_test_package-1.0-py3.7.egg/EGG-INFO/dependency_links.txt]
2025-10-23 22:11:27,834 DEBUG    root            Added [.gcloud/virtenv/lib/python3.12/site-packages/pkg_resources/tests/data/my-test-package-source/setup.py]
2025-10-23 22:11:27,834 DEBUG    root            Added [.gcloud/virtenv/lib/python3.12/site-packages/pkg_resources/tests/data/my-test-package-source/setup.cfg]
2025-10-23 22:11:27,835 DEBUG    root            Added [.gcloud/virtenv/lib/python3.12/site-packages/_distutils_hack/__init__.py]
2025-10-23 22:11:27,835 DEBUG    root            Added [.gcloud/virtenv/lib/python3.12/site-packages/_distutils_hack/override.py]
2025-10-23 22:11:27,835 DEBUG    root            Added [.gcloud/virtenv/lib/python3.12/site-packages/grpcio-1.76.0.dist-info/RECORD]
2025-10-23 22:11:27,836 DEBUG    root            Added [.gcloud/virtenv/lib/python3.12/site-packages/grpcio-1.76.0.dist-info/LICENSE]
2025-10-23 22:11:27,836 DEBUG    root            Added [.gcloud/virtenv/lib/python3.12/site-packages/grpcio-1.76.0.dist-info/WHEEL]
2025-10-23 22:11:27,838 DEBUG    root            Added [.gcloud/virtenv/lib/python3.12/site-packages/grpcio-1.76.0.dist-info/top_level.txt]
2025-10-23 22:11:27,838 DEBUG    root            Added [.gcloud/virtenv/lib/python3.12/site-packages/grpcio-1.76.0.dist-info/REQUESTED]
2025-10-23 22:11:27,838 DEBUG    root            Added [.gcloud/virtenv/lib/python3.12/site-packages/grpcio-1.76.0.dist-info/INSTALLER]
2025-10-23 22:11:27,838 DEBUG    root            Added [.gcloud/virtenv/lib/python3.12/site-packages/grpcio-1.76.0.dist-info/METADATA]
2025-10-23 22:11:27,838 DEBUG    root            Added [.gcloud/virtenv/lib/python3.12/site-packages/pyOpenSSL-24.2.1.dist-info/RECORD]
2025-10-23 22:11:27,838 DEBUG    root            Added [.gcloud/virtenv/lib/python3.12/site-packages/pyOpenSSL-24.2.1.dist-info/LICENSE]
2025-10-23 22:11:27,838 DEBUG    root            Added [.gcloud/virtenv/lib/python3.12/site-packages/pyOpenSSL-24.2.1.dist-info/WHEEL]
2025-10-23 22:11:27,838 DEBUG    root            Added [.gcloud/virtenv/lib/python3.12/site-packages/pyOpenSSL-24.2.1.dist-info/top_level.txt]
2025-10-23 22:11:27,839 DEBUG    root            Added [.gcloud/virtenv/lib/python3.12/site-packages/pyOpenSSL-24.2.1.dist-info/REQUESTED]
2025-10-23 22:11:27,839 DEBUG    root            Added [.gcloud/virtenv/lib/python3.12/site-packages/pyOpenSSL-24.2.1.dist-info/INSTALLER]
2025-10-23 22:11:27,840 DEBUG    root            Added [.gcloud/virtenv/lib/python3.12/site-packages/pyOpenSSL-24.2.1.dist-info/METADATA]
2025-10-23 22:11:27,840 DEBUG    root            Added [.gcloud/virtenv/lib/python3.12/site-packages/OpenSSL/version.py]
2025-10-23 22:11:27,840 DEBUG    root            Added [.gcloud/virtenv/lib/python3.12/site-packages/OpenSSL/__init__.py]
2025-10-23 22:11:27,840 DEBUG    root            Added [.gcloud/virtenv/lib/python3.12/site-packages/OpenSSL/rand.py]
2025-10-23 22:11:27,848 DEBUG    root            Added [.gcloud/virtenv/lib/python3.12/site-packages/OpenSSL/crypto.py]
2025-10-23 22:11:27,848 DEBUG    root            Added [.gcloud/virtenv/lib/python3.12/site-packages/OpenSSL/debug.py]
2025-10-23 22:11:27,848 DEBUG    root            Added [.gcloud/virtenv/lib/python3.12/site-packages/OpenSSL/_util.py]
2025-10-23 22:11:27,848 DEBUG    root            Added [.gcloud/virtenv/lib/python3.12/site-packages/OpenSSL/py.typed]
2025-10-23 22:11:27,855 DEBUG    root            Added [.gcloud/virtenv/lib/python3.12/site-packages/OpenSSL/SSL.py]
2025-10-23 22:11:27,855 DEBUG    root            Added [.gcloud/virtenv/lib/python3.12/site-packages/pycparser-2.23.dist-info/RECORD]
2025-10-23 22:11:27,857 DEBUG    root            Added [.gcloud/virtenv/lib/python3.12/site-packages/pycparser-2.23.dist-info/LICENSE]
2025-10-23 22:11:27,857 DEBUG    root            Added [.gcloud/virtenv/lib/python3.12/site-packages/pycparser-2.23.dist-info/WHEEL]
2025-10-23 22:11:27,857 DEBUG    root            Added [.gcloud/virtenv/lib/python3.12/site-packages/pycparser-2.23.dist-info/top_level.txt]
2025-10-23 22:11:27,857 DEBUG    root            Added [.gcloud/virtenv/lib/python3.12/site-packages/pycparser-2.23.dist-info/INSTALLER]
2025-10-23 22:11:27,858 DEBUG    root            Added [.gcloud/virtenv/lib/python3.12/site-packages/pycparser-2.23.dist-info/METADATA]
2025-10-23 22:11:27,858 DEBUG    root            Added [.gcloud/legacy_credentials/magnus.lundstein@kli.oslo.kommune.no/.boto]
2025-10-23 22:11:27,858 DEBUG    root            Added [.gcloud/legacy_credentials/magnus.lundstein@kli.oslo.kommune.no/adc.json]
2025-10-23 22:11:27,858 DEBUG    root            Added [deploy/gcp/cloudbuild.yaml]
2025-10-23 22:11:27,858 DEBUG    root            Added [deploy/gcp/cloudrun.yaml]
2025-10-23 22:11:27,858 DEBUG    root            Added [deploy/marvin/servicemonitor.yaml]
2025-10-23 22:11:27,859 DEBUG    root            Added [deploy/marvin/deployment.yaml]
2025-10-23 22:11:27,859 DEBUG    root            Added [deploy/marvin/kustomization.yaml]
2025-10-23 22:11:27,859 DEBUG    root            Added [deploy/marvin/service.yaml]
2025-10-23 22:11:27,859 DEBUG    root            Added [deploy/marvin/README.md]
2025-10-23 22:11:27,859 DEBUG    root            Added [deploy/marvin/namespace.yaml]
2025-10-23 22:11:27,860 DEBUG    root            Added [deploy/marvin/secretstore.yaml]
2025-10-23 22:11:27,860 DEBUG    root            Added [deploy/marvin/applicationset.yaml]
2025-10-23 22:11:27,860 DEBUG    root            Added [deploy/marvin/configmap.yaml]
2025-10-23 22:11:27,860 DEBUG    root            Added [deploy/marvin/externalsecret.yaml]
2025-10-23 22:11:27,860 DEBUG    root            Added [deploy/marvin/argocd-application.yaml]
2025-10-23 22:11:27,863 DEBUG    root            Added [Dokumentasjon/Brukerstøtte matrikkel API 3.docx]
2025-10-23 22:11:27,864 DEBUG    root            Added [Dokumentasjon/Brukerstøtte matrikkel API 2.docx]
2025-10-23 22:11:27,870 DEBUG    root            Added [Dokumentasjon/Brukerstøtte matrikkel API 5.docx]
2025-10-23 22:11:27,887 DEBUG    root            Added [Dokumentasjon/Brukerstøtte matrikkel API 1.rtf]
2025-10-23 22:11:27,907 DEBUG    root            Added [Dokumentasjon/Brukerstøtte matrikkel API 2.rtf]
2025-10-23 22:11:27,937 DEBUG    root            Added [Dokumentasjon/Brukerstøtte matrikkel API 3.rtf]
2025-10-23 22:11:27,956 DEBUG    root            Added [Dokumentasjon/Brukerstøtte matrikkel API 4.rtf]
2025-10-23 22:11:27,980 DEBUG    root            Added [Dokumentasjon/Brukerstøtte matrikkel API 5.rtf]
2025-10-23 22:11:27,981 DEBUG    root            Added [Dokumentasjon/Brukerstøtte matrikkel API 4.docx]
2025-10-23 22:11:27,984 DEBUG    root            Added [Dokumentasjon/APIs_ Details - Enova - Data- og API-portal.rtf]
2025-10-23 22:11:27,984 DEBUG    root            Added [Dokumentasjon/deploy-plan-gcp.md]
2025-10-23 22:11:27,987 DEBUG    root            Added [Dokumentasjon/Brukerstøtte matrikkel API 1.docx]
2025-10-23 22:11:27,988 DEBUG    root            Added [Dokumentasjon/APIs_ Details - Enova - Data- og API-portal.docx]
2025-10-23 22:11:27,988 DEBUG    root            Added [Dokumentasjon/Utvikling/prometheus-metrikker.md]
2025-10-23 22:11:27,990 DEBUG    root            Added [Dokumentasjon/Utvikling/refaktor-oversikt.md]
2025-10-23 22:11:27,990 DEBUG    root            Added [Dokumentasjon/Utvikling/refaktor-plan.rtf]
2025-10-23 22:11:27,990 DEBUG    root            Added [Overlevering/bygningstype-logikk-og-datakvalitet.md]
2025-10-23 22:11:27,991 DEBUG    root            Added [Overlevering/UI-prosess-dokumentasjon.md]
2025-10-23 22:11:27,991 DEBUG    root            Added [content/app.json]
2025-10-23 22:11:27,991 DEBUG    root            Added [server/index.ts]
2025-10-23 22:11:27,991 DEBUG    root            Added [public/vite.svg]
2025-10-23 22:11:27,992 DEBUG    root            Added [scripts/test-full-chain.ts]
2025-10-23 22:11:27,993 DEBUG    root            Added [scripts/testMatrikkel.cjs]
2025-10-23 22:11:27,993 DEBUG    root            Added [scripts/test-simple-address.ts]
2025-10-23 22:11:27,993 DEBUG    root            Added [scripts/test-kapellveien-156c-focused.ts]
2025-10-23 22:11:27,993 DEBUG    root            Added [scripts/test-testdata.ts]
2025-10-23 22:11:27,993 DEBUG    root            Added [scripts/test-contract-matrikkel.ts]
2025-10-23 22:11:27,993 DEBUG    root            Added [scripts/test-borettslag-strategy.ts]
2025-10-23 22:11:27,994 DEBUG    root            Added [scripts/test-single-improved.ts]
2025-10-23 22:11:27,994 DEBUG    root            Added [scripts/test-improved-selection-refactored.ts]
2025-10-23 22:11:27,994 DEBUG    root            Added [scripts/test-kapellveien-sections.ts]
2025-10-23 22:11:27,995 DEBUG    root            Added [scripts/test-section-lookup-fixed.ts]
2025-10-23 22:11:27,995 DEBUG    root            Added [scripts/test-final-accuracy.ts]
2025-10-23 22:11:27,995 DEBUG    root            Added [scripts/test-enova-lyseveien.ts]
2025-10-23 22:11:27,995 DEBUG    root            Added [scripts/test-single-address-improved.ts]
2025-10-23 22:11:27,996 DEBUG    root            Added [scripts/test-improved-with-env.ts]
2025-10-23 22:11:27,996 DEBUG    root            Added [scripts/compare-spreadsheet-api.js]
2025-10-23 22:11:27,996 DEBUG    root            Added [scripts/test-contract-resultAssembler.ts]
2025-10-23 22:11:27,996 DEBUG    root            Added [scripts/test-kjelsasveien-summary.ts]
2025-10-23 22:11:27,996 DEBUG    root            Added [scripts/test-kapellveien-seksjoner.ts]
2025-10-23 22:11:27,997 DEBUG    root            Added [scripts/dump-xml-for-analysis.ts]
2025-10-23 22:11:27,998 DEBUG    root            Added [scripts/test-api-vs-csv-buildings.ts]
2025-10-23 22:11:27,998 DEBUG    root            Added [scripts/test-improved-filtering.ts]
2025-10-23 22:11:27,998 DEBUG    root            Added [scripts/test-robust-selection-all-100.ts]
2025-10-23 22:11:27,999 DEBUG    root            Added [scripts/test-robust-section-logic.ts]
2025-10-23 22:11:27,999 DEBUG    root            Added [scripts/analyze-building-mismatches.ts]
2025-10-23 22:11:27,999 DEBUG    root            Added [scripts/compare-csv-api-building-numbers.ts]
2025-10-23 22:11:28,000 DEBUG    root            Added [scripts/test-matrikkel.ts]
2025-10-23 22:11:28,001 DEBUG    root            Added [scripts/test-utils.ts]
2025-10-23 22:11:28,001 DEBUG    root            Added [scripts/test-api-vs-csv-sample.ts]
2025-10-23 22:11:28,001 DEBUG    root            Added [scripts/test-kjelsasveien-97b-complete.ts]
2025-10-23 22:11:28,001 DEBUG    root            Added [scripts/test-store-object-types.ts]
2025-10-23 22:11:28,002 DEBUG    root            Added [scripts/test-kapellveien-156c-detailed.ts]
2025-10-23 22:11:28,002 DEBUG    root            Added [scripts/test-ombygdaar-storeservice.ts]
2025-10-23 22:11:28,002 DEBUG    root            Added [scripts/compare-csv-api-corrected.cjs]
2025-10-23 22:11:28,003 DEBUG    root            Added [scripts/analyze-building-types-simple.ts]
2025-10-23 22:11:28,003 DEBUG    root            Added [scripts/test-ombygdaar-getBygning.ts]
2025-10-23 22:11:28,004 DEBUG    root            Added [scripts/build-backend.mjs]
2025-10-23 22:11:28,004 DEBUG    root            Added [scripts/find-real-addresses.ts]
2025-10-23 22:11:28,004 DEBUG    root            Added [scripts/test-error-addresses.ts]
2025-10-23 22:11:28,004 DEBUG    root            Added [scripts/test-api-smoke.ts]
2025-10-23 22:11:28,004 DEBUG    root            Added [scripts/test-section-final.ts]
2025-10-23 22:11:28,004 DEBUG    root            Added [scripts/test-bygg.ts]
2025-10-23 22:11:28,005 DEBUG    root            Added [scripts/test-garage-filtering.ts]
2025-10-23 22:11:28,005 DEBUG    root            Added [scripts/test-matrikkel-sections.ts]
2025-10-23 22:11:28,005 DEBUG    root            Added [scripts/test-direct-testdata.ts]
2025-10-23 22:11:28,005 DEBUG    root            Added [scripts/analyze-remaining-errors.ts]
2025-10-23 22:11:28,006 DEBUG    root            Added [scripts/verify-kapellveien-total.ts]
2025-10-23 22:11:28,007 DEBUG    root            Added [scripts/test-improved-comprehensive.ts]
2025-10-23 22:11:28,007 DEBUG    root            Added [scripts/analyze-building-types-detailed.ts]
2025-10-23 22:11:28,007 DEBUG    root            Added [scripts/test-matrikkel-direct.ts]
2025-10-23 22:11:28,007 DEBUG    root            Added [scripts/test-156c-quick.ts]
2025-10-23 22:11:28,007 DEBUG    root            Added [scripts/test-adresse.ts]
2025-10-23 22:11:28,007 DEBUG    root            Added [scripts/test-pt-mallings-variations.ts]
2025-10-23 22:11:28,008 DEBUG    root            Added [scripts/compare-spreadsheet-api.cjs]
2025-10-23 22:11:28,008 DEBUG    root            Added [scripts/check-csv-vs-api-logic.cjs]
2025-10-23 22:11:28,008 DEBUG    root            Added [scripts/test-xml-parsing.ts]
2025-10-23 22:11:28,008 DEBUG    root            Added [scripts/test-kjelsasveien-seksjon2.ts]
2025-10-23 22:11:28,009 DEBUG    root            Added [scripts/test-fixed-error-addresses.ts]
2025-10-23 22:11:28,010 DEBUG    root            Added [scripts/verify-kapellveien-156c.ts]
2025-10-23 22:11:28,010 DEBUG    root            Added [scripts/test-all-100-addresses-improved.ts]
2025-10-23 22:11:28,010 DEBUG    root            Added [scripts/extract-residential-addresses.cjs]
2025-10-23 22:11:28,012 DEBUG    root            Added [scripts/test-e2e-building.ts]
2025-10-23 22:11:28,012 DEBUG    root            Added [scripts/test-fallanveien.ts]
2025-10-23 22:11:28,012 DEBUG    root            Added [scripts/test-improved-building-selection.ts]
2025-10-23 22:11:28,012 DEBUG    root            Added [scripts/start-ui-only.sh]
2025-10-23 22:11:28,012 DEBUG    root            Added [scripts/test-real-testdata.ts]
2025-10-23 22:11:28,012 DEBUG    root            Added [scripts/test-section-inference.ts]
2025-10-23 22:11:28,012 DEBUG    root            Added [scripts/cleanup-soap-dumps.ts]
2025-10-23 22:11:28,013 DEBUG    root            Added [scripts/test-known-addresses.ts]
2025-10-23 22:11:28,013 DEBUG    root            Added [scripts/test-seksjon-sammenligning.ts]
2025-10-23 22:11:28,014 DEBUG    root            Added [scripts/python/hent_alle_stotteordninger_api_google.py]
2025-10-23 22:11:28,014 DEBUG    root            Added [scripts/python/hent_stotteordninger_api_google.py]
2025-10-23 22:11:28,014 DEBUG    root            Added [scripts/python/stotteordning_cache.py]
2025-10-23 22:11:28,014 DEBUG    root            Added [scripts/python/__init__.py]
2025-10-23 22:11:28,015 DEBUG    root            Added [scripts/python/hent_stotteordninger_google.py]
2025-10-23 22:11:28,015 DEBUG    root            Added [scripts/python/hent_stotteordninger_direkte_google.py]
2025-10-23 22:11:28,015 DEBUG    root            Added [packages/config/src/runtime.ts]
2025-10-23 22:11:28,015 DEBUG    root            Added [packages/config/src/index.ts]
2025-10-23 22:11:28,015 DEBUG    root            Added [.github/CODEOWNERS]
2025-10-23 22:11:28,016 DEBUG    root            Added [.github/workflows/verify.yml]
2025-10-23 22:11:28,018 DEBUG    root            Added [data/generated/stotteordninger_data.json]
2025-10-23 22:11:28,018 DEBUG    root            Added [data/raw/(2) Matrise_Energitiltak og relevante støtteordninger.xlsx]
2025-10-23 22:11:28,019 DEBUG    root            Added [data/raw/energimerke-grenser.json]
2025-10-23 22:11:28,658 DEBUG    root            Added [data/raw/Matrikkel 2023.csv]
2025-10-23 22:11:28,658 DEBUG    root            Added [services/subsidy-service/index.js]
2025-10-23 22:11:28,658 DEBUG    root            Added [services/solar-service/index.js]
2025-10-23 22:11:28,659 DEBUG    root            Added [services/building-info-service/matrikkel.ts]
2025-10-23 22:11:28,661 DEBUG    root            Added [services/building-info-service/context.ts]
2025-10-23 22:11:28,661 DEBUG    root            Added [services/building-info-service/improved-building-selection.ts]
2025-10-23 22:11:28,661 DEBUG    root            Added [services/building-info-service/improved-building-selection-v2.ts]
2025-10-23 22:11:28,661 DEBUG    root            Added [services/building-info-service/index.ts]
2025-10-23 22:11:28,662 DEBUG    root            Added [services/building-info-service/resultAssembler.ts]
2025-10-23 22:11:28,662 DEBUG    root            Added [services/building-info-service/metrics.ts]
2025-10-23 22:11:28,663 DEBUG    root            Added [services/building-info-service/logging.ts]
2025-10-23 22:11:28,664 DEBUG    root            Added [src/App.tsx]
2025-10-23 22:11:28,664 DEBUG    root            Added [src/main.tsx]
2025-10-23 22:11:28,664 DEBUG    root            Added [src/runtimeConfig.ts]
2025-10-23 22:11:28,665 DEBUG    root            Added [src/api-server.ts]
2025-10-23 22:11:28,665 DEBUG    root            Added [src/punkt.scss]
2025-10-23 22:11:28,665 DEBUG    root            Added [src/index.css]
2025-10-23 22:11:28,666 DEBUG    root            Added [src/vite-env.d.ts]
2025-10-23 22:11:28,666 DEBUG    root            Added [src/clients/StoreClient.ts]
2025-10-23 22:11:28,667 DEBUG    root            Added [src/clients/MatrikkelClient.ts]
2025-10-23 22:11:28,667 DEBUG    root            Added [src/clients/adresseClient.ts]
2025-10-23 22:11:28,667 DEBUG    root            Added [src/clients/BruksenhetClient.ts]
2025-10-23 22:11:28,669 DEBUG    root            Added [src/clients/BygningClient.ts]
2025-10-23 22:11:28,669 DEBUG    root            Added [src/testData/theresegate44a.ts]
2025-10-23 22:11:28,669 DEBUG    root            Added [src/testData/lyseveien3.ts]
2025-10-23 22:11:28,669 DEBUG    root            Added [src/testData/theresegate11a.ts]
2025-10-23 22:11:28,669 DEBUG    root            Added [src/types/react-augmentations.d.ts]
2025-10-23 22:11:28,669 DEBUG    root            Added [src/types/energy.ts]
2025-10-23 22:11:28,670 DEBUG    root            Added [src/utils/bygningstypeMapping.ts]
2025-10-23 22:11:28,670 DEBUG    root            Added [src/utils/endpoints.ts]
2025-10-23 22:11:28,670 DEBUG    root            Added [src/utils/buildingTypeUtils.ts]
2025-10-23 22:11:28,670 DEBUG    root            Added [src/utils/tekEnergyCalculations.ts]
2025-10-23 22:11:28,671 DEBUG    root            Added [src/utils/soapDump.ts]
2025-10-23 22:11:28,671 DEBUG    root            Added [src/styles/components.css]
2025-10-23 22:11:28,672 DEBUG    root            Added [src/components/EnergyRatingCalculator.tsx]
2025-10-23 22:11:28,673 DEBUG    root            Added [src/components/ResultsTable.tsx]
2025-10-23 22:11:28,673 DEBUG    root            Added [src/components/ErrorDisplay.tsx]
2025-10-23 22:11:28,674 DEBUG    root            Added [src/components/FigmaMainScript.tsx]
2025-10-23 22:11:28,674 DEBUG    root            Added [src/components/LoadingSpinner.tsx]
2025-10-23 22:11:28,674 DEBUG    root            Added [src/components/GulListeStatus.tsx]
2025-10-23 22:11:28,676 DEBUG    root            Added [src/components/EnergyRatingEstimator.tsx]
2025-10-23 22:11:28,676 DEBUG    root            Added [src/components/AddressSearch.tsx]
2025-10-23 22:11:28,676 DEBUG    root            Added [src/components/FigmaBlokk/styles.ts]
2025-10-23 22:11:28,676 DEBUG    root            Added [src/components/FigmaBlokk/constants.ts]
2025-10-23 22:11:28,678 DEBUG    root            Added [src/components/FigmaBlokk/index.ts]
2025-10-23 22:11:28,678 DEBUG    root            Added [src/components/FigmaBlokk/animations.ts]
2025-10-23 22:11:28,679 DEBUG    root            Added [src/components/FigmaBlokk/utils/calculations.ts]
2025-10-23 22:11:28,679 DEBUG    root            Added [src/components/FigmaBlokk/components/EnergySolutionButtons.tsx]
2025-10-23 22:11:28,681 DEBUG    root            Added [src/components/FigmaBlokk/components/OsloSkyline.tsx]
2025-10-23 22:11:28,681 DEBUG    root            Added [src/components/FigmaBlokk/components/OsloLogo.tsx]
2025-10-23 22:11:28,681 DEBUG    root            Added [src/components/FigmaBlokk/components/LocationPin.tsx]
2025-10-23 22:11:28,684 DEBUG    root            Added [src/components/FigmaBlokk/components/WhiteInfoBox.tsx]
2025-10-23 22:11:28,685 DEBUG    root            Added [src/components/FigmaBlokk/components/Tiltak/index.tsx]
2025-10-23 22:11:28,688 DEBUG    root            Added [src/components/FigmaBlokk/components/Tiltak/UtskiftningAvVindu.tsx]
2025-10-23 22:11:28,692 DEBUG    root            Added [src/components/FigmaBlokk/components/Tiltak/IsoleringAvKjellerOgLoft.tsx]
2025-10-23 22:11:28,694 DEBUG    root            Added [src/components/FigmaBlokk/components/Tiltak/Temperaturstyring.tsx]
2025-10-23 22:11:28,696 DEBUG    root            Added [src/components/FigmaBlokk/components/Tiltak/shared.ts]
2025-10-23 22:11:28,697 DEBUG    root            Added [src/components/FigmaBlokk/components/Tiltak/Ventilasjon.tsx]
2025-10-23 22:11:28,697 DEBUG    root            Added [src/components/FigmaBlokk/components/Tiltak/fordelsbokser.tsx]
2025-10-23 22:11:28,701 DEBUG    root            Added [src/components/FigmaBlokk/components/Tiltak/Tetting.tsx]
2025-10-23 22:11:28,703 DEBUG    root            Added [src/components/FigmaBlokk/components/Tiltak/Varmepumpe.tsx]
2025-10-23 22:11:28,705 DEBUG    root            Added [src/components/FigmaBlokk/components/Tiltak/Solenergi.tsx]
2025-10-23 22:11:28,708 DEBUG    root            Added [src/components/FigmaBlokk/components/Tiltak/EtterisoleringYttervegg.tsx]
2025-10-23 22:11:28,712 DEBUG    root            Added [src/components/FigmaBlokk/components/Tiltak/GulListeTiltak/VentilasjonGul.tsx]
2025-10-23 22:11:28,714 DEBUG    root            Added [src/components/FigmaBlokk/components/Tiltak/GulListeTiltak/TemperaturstyringGul.tsx]
2025-10-23 22:11:28,717 DEBUG    root            Added [src/components/FigmaBlokk/components/Tiltak/GulListeTiltak/TettingGul.tsx]
2025-10-23 22:11:28,720 DEBUG    root            Added [src/components/FigmaBlokk/components/Tiltak/GulListeTiltak/VarmepumpeGul.tsx]
2025-10-23 22:11:28,726 DEBUG    root            Added [src/components/FigmaBlokk/components/Tiltak/GulListeTiltak/UtskiftningAvVinduGul.tsx]
2025-10-23 22:11:28,729 DEBUG    root            Added [src/components/FigmaBlokk/components/Tiltak/GulListeTiltak/EtterisoleringYtterveggGul.tsx]
2025-10-23 22:11:28,733 DEBUG    root            Added [src/components/FigmaBlokk/components/Tiltak/GulListeTiltak/SolenergiGul.tsx]
2025-10-23 22:11:28,736 DEBUG    root            Added [src/components/FigmaBlokk/components/Tiltak/GulListeTiltak/IsoleringAvKjellerOgLoftGul.tsx]
2025-10-23 22:11:28,736 DEBUG    root            Added [src/components/FigmaBlokk/components/ProsessenVidere/ProsessenVidere.tsx]
2025-10-23 22:11:28,737 DEBUG    root            Added [src/components/FigmaBlokk/components/ProsessenVidere/CircleWithHover.tsx]
2025-10-23 22:11:28,737 DEBUG    root            Added [src/components/FigmaBlokk/components/ProsessenVidere/index.ts]
2025-10-23 22:11:28,738 DEBUG    root            Added [src/components/FigmaBlokk/components/ProsessenVidere/Ikoner.tsx]
2025-10-23 22:11:28,738 DEBUG    root            Added [src/components/FigmaBlokk/components/ProsessenVidere/Ikoner/ProsessIkoner.tsx]
2025-10-23 22:11:28,738 DEBUG    root            Added [src/components/FigmaBlokk/components/ProsessenVidere/Ikoner/index.ts]
2025-10-23 22:11:28,738 DEBUG    root            Added [src/components/FigmaBlokk/hooks/useAddressCoordinates.ts]
2025-10-23 22:11:28,738 DEBUG    root            Added [src/components/FigmaBlokk/hooks/useAnimation.ts]
2025-10-23 22:11:28,739 DEBUG    root            Added [src/hooks/useFigmaAddressSearch.ts]
2025-10-23 22:11:28,739 DEBUG    root            Added [src/hooks/useGulListeStatus.ts]
2025-10-23 22:11:28,739 DEBUG    root            Added [src/hooks/useMatrikkelenheter.ts]
2025-10-23 22:11:28,739 DEBUG    root            Added [src/hooks/useEnergyRatingEstimator.ts]
2025-10-23 22:11:28,741 DEBUG    root            Added [src/api/gul-liste-endpoint.ts]
2025-10-23 22:11:28,741 DEBUG    root            Added [src/data/stotteordningData.js]
2025-10-23 22:11:28,742 DEBUG    root            Added [src/data/residential-building-cache.ts]
2025-10-23 22:11:28,742 DEBUG    root            Added [src/services/buildingApi.ts]
2025-10-23 22:11:28,742 DEBUG    root            Added [src/services/stotteordning-service.ts]
2025-10-23 22:11:28,743 DEBUG    root            Added [src/services/solarEnergyService.ts]
2025-10-23 22:11:28,743 DEBUG    root            Added [src/services/energyRatingService.ts]
2025-10-23 22:11:28,743 DEBUG    root            Added [src/services/gul-liste-service.ts]
2025-10-23 22:11:28,743 DEBUG    root            Added [src/services/csvService.ts]
2025-10-23 22:11:28,744 DEBUG    root            Added [src/services/gul-liste-integration.ts]
2025-10-23 22:11:28,745 INFO     ___FILE_ONLY___ Some files were not included in the source upload.

Check the gcloud log [/Users/magnuslundstein/PoC_Energir-dgivning/.gcloud/logs/2025.10.23/22.11.20.735128.log] to see which files and the contents of the
default gcloudignore file used (see `$ gcloud topic gcloudignore` to learn
more).


2025-10-23 22:11:28,745 INFO     ___FILE_ONLY___ Uploading tarball of [.] to [gs://energiverktoy-poc-1234_cloudbuild/source/1761250280.813074-4a1b52332e634955888b0b8962097699.tgz]

2025-10-23 22:11:28,747 INFO     root            Uploading [/var/folders/fd/pyhx78hn4wjbzcmyhc3d9w080000gn/T/tmpa4x6il6y/file.tgz] to [energiverktoy-poc-1234_cloudbuild/source/1761250280.813074-4a1b52332e634955888b0b8962097699.tgz]
2025-10-23 22:11:28,916 DEBUG    urllib3.connectionpool https://storage.googleapis.com:443 "POST /resumable/upload/storage/v1/b/energiverktoy-poc-1234_cloudbuild/o?alt=json&name=source%2F1761250280.813074-4a1b52332e634955888b0b8962097699.tgz&uploadType=resumable HTTP/1.1" 200 0
2025-10-23 22:11:48,133 DEBUG    urllib3.connectionpool https://storage.googleapis.com:443 "PUT /resumable/upload/storage/v1/b/energiverktoy-poc-1234_cloudbuild/o?alt=json&name=source%2F1761250280.813074-4a1b52332e634955888b0b8962097699.tgz&uploadType=resumable&upload_id=AAwnv3JKNHt5Mq5ivAN1Oc6XY0xLh-A5_rWS7yYVwxLRZNssle7YUvcqByMXeZnukxWfuhM8qcy6E-Au1wJMtrYtq0SF8x5rO-umjirCsdIQVw HTTP/1.1" 200 1081
2025-10-23 22:11:48,138 DEBUG    root            submitting build: <Build
 dependencies: []
 images: ['${_REGION}-docker.pkg.dev/$PROJECT_ID/${_REPOSITORY}/app:${SHORT_SHA}']
 options: <BuildOptions
 env: []
 logging: LoggingValueValuesEnum(CLOUD_LOGGING_ONLY, 4)
 secretEnv: []
 sourceProvenanceHash: []
 volumes: []>
 secrets: []
 source: <Source
 storageSource: <StorageSource
 bucket: 'energiverktoy-poc-1234_cloudbuild'
 generation: 1761250307952311
 object: 'source/1761250280.813074-4a1b52332e634955888b0b8962097699.tgz'>>
 steps: [<BuildStep
 allowExitCodes: []
 args: ['ci']
 env: []
 id: 'Install dependencies'
 name: 'gcr.io/cloud-builders/npm'
 results: []
 secretEnv: []
 volumes: []
 waitFor: []>, <BuildStep
 allowExitCodes: []
 args: ['run', 'verify']
 env: []
 id: 'Verify'
 name: 'gcr.io/cloud-builders/npm'
 results: []
 secretEnv: []
 volumes: []
 waitFor: []>, <BuildStep
 allowExitCodes: []
 args: ['run', 'build:prod']
 env: []
 id: 'Build production bundle'
 name: 'gcr.io/cloud-builders/npm'
 results: []
 secretEnv: []
 volumes: []
 waitFor: []>, <BuildStep
 allowExitCodes: []
 args: ['-c', 'set -eo pipefail\nIMAGE_URI="${_REGION}-docker.pkg.dev/${PROJECT_ID}/${_REPOSITORY}/app:${SHORT_SHA}"\necho "$IMAGE_URI" > /workspace/image-uri.txt\ndocker build --file Dockerfile --tag "$IMAGE_URI" .\n']
 entrypoint: 'bash'
 env: []
 id: 'Build container image'
 name: 'gcr.io/cloud-builders/docker'
 results: []
 secretEnv: []
 volumes: []
 waitFor: []>, <BuildStep
 allowExitCodes: []
 args: ['-c', 'set -eo pipefail\nIMAGE_URI=$(cat /workspace/image-uri.txt)\ndocker push "$IMAGE_URI"\n']
 entrypoint: 'bash'
 env: []
 id: 'Push container image'
 name: 'gcr.io/cloud-builders/docker'
 results: []
 secretEnv: []
 volumes: []
 waitFor: []>, <BuildStep
 allowExitCodes: []
 args: ['-c', 'set -eo pipefail\ngsutil -m rsync -d -r dist "${FRONTEND_BUCKET}"\ngsutil -m rsync -d -r content "${CONTENT_BUCKET}"\n']
 entrypoint: 'bash'
 env: ['FRONTEND_BUCKET=${_FRONTEND_BUCKET}', 'CONTENT_BUCKET=${_CONTENT_BUCKET}']
 id: 'Sync frontend & content buckets'
 name: 'gcr.io/google.com/cloudsdktool/cloud-sdk'
 results: []
 secretEnv: []
 volumes: []
 waitFor: []>, <BuildStep
 allowExitCodes: []
 args: ['-c', 'set -eo pipefail\nIMAGE_URI=$(cat /workspace/image-uri.txt)\nCLOUD_RUN_CONFIG="${_CLOUD_RUN_CONFIG}"\nexport IMAGE_URI="$IMAGE_URI"\nexport PROJECT_ID="$PROJECT_ID"\nexport API_ENV="${_API_ENV}"\nexport CLOUD_RUN_CONFIG\npython - <<\'PY\'\n  import os, pathlib\n  config_path = pathlib.Path(os.environ["CLOUD_RUN_CONFIG"])\n  content = config_path.read_text()\n  for placeholder, value in {\n      "__IMAGE_URI__": os.environ["IMAGE_URI"],\n      "__PROJECT_ID__": os.environ["PROJECT_ID"],\n      "__API_ENV__": os.environ["API_ENV"],\n  }.items():\n      content = content.replace(placeholder, value)\n  out_path = pathlib.Path("/workspace/cloudrun-rendered.yaml")\n  out_path.write_text(content)\n  print(content)\nPY\n']
 entrypoint: 'bash'
 env: []
 id: 'Render Cloud Run config'
 name: 'gcr.io/google.com/cloudsdktool/cloud-sdk'
 results: []
 secretEnv: []
 volumes: []
 waitFor: []>, <BuildStep
 allowExitCodes: []
 args: ['-c', 'set -eo pipefail\nif [[ "${_DEPLOY}" != "true" ]]; then\n  echo "Skipping Cloud Run deploy (DEPLOY=${_DEPLOY})."\n  exit 0\nfi\ngcloud run services replace /workspace/cloudrun-rendered.yaml --region "${_REGION}" --project "${PROJECT_ID}"\n']
 entrypoint: 'bash'
 env: []
 id: 'Deploy Cloud Run (conditional)'
 name: 'gcr.io/google.com/cloudsdktool/cloud-sdk'
 results: []
 secretEnv: []
 volumes: []
 waitFor: []>]
 substitutions: <SubstitutionsValue
 additionalProperties: [<AdditionalProperty
 key: '_API_ENV'
 value: 'test'>, <AdditionalProperty
 key: '_CLOUD_RUN_CONFIG'
 value: 'deploy/gcp/cloudrun.yaml'>, <AdditionalProperty
 key: '_CONTENT_BUCKET'
 value: 'gs://energinokkelen-content'>, <AdditionalProperty
 key: '_DEPLOY'
 value: 'false'>, <AdditionalProperty
 key: '_FRONTEND_BUCKET'
 value: 'gs://energinokkelen-frontend'>, <AdditionalProperty
 key: '_REGION'
 value: 'europe-north1'>, <AdditionalProperty
 key: '_REPOSITORY'
 value: 'energinokkelen'>]>
 tags: []
 warnings: []>
2025-10-23 22:11:48,145 DEBUG    urllib3.connectionpool Starting new HTTPS connection (1): cloudbuild.googleapis.com:443
2025-10-23 22:11:49,010 DEBUG    urllib3.connectionpool https://cloudbuild.googleapis.com:443 "POST /v1/projects/energiverktoy-poc-1234/locations/global/builds?alt=json HTTP/1.1" 400 None
2025-10-23 22:11:49,013 DEBUG    root            (gcloud.builds.submit) INVALID_ARGUMENT: generic::invalid_argument: invalid value for 'build.substitutions': key in the template "IMAGE_URI" is not a valid built-in substitution
Traceback (most recent call last):
  File "/Users/magnuslundstein/Desktop/Innholdsproduksjon/Tjenester/Google Cloud/google-cloud-sdk/lib/googlecloudsdk/calliope/cli.py", line 944, in Execute
    resources = calliope_command.Run(cli=self, args=args)
                ^^^^^^^^^^^^^^^^^^^^^^^^^^^^^^^^^^^^^^^^^
  File "/Users/magnuslundstein/Desktop/Innholdsproduksjon/Tjenester/Google Cloud/google-cloud-sdk/lib/googlecloudsdk/calliope/backend.py", line 955, in Run
    resources = command_instance.Run(args)
                ^^^^^^^^^^^^^^^^^^^^^^^^^^
  File "/Users/magnuslundstein/Desktop/Innholdsproduksjon/Tjenester/Google Cloud/google-cloud-sdk/lib/surface/builds/submit.py", line 272, in Run
    build, _ = submit_util.Build(
               ^^^^^^^^^^^^^^^^^^
  File "/Users/magnuslundstein/Desktop/Innholdsproduksjon/Tjenester/Google Cloud/google-cloud-sdk/lib/googlecloudsdk/command_lib/builds/submit_util.py", line 856, in Build
    op = client.projects_locations_builds.Create(
         ^^^^^^^^^^^^^^^^^^^^^^^^^^^^^^^^^^^^^^^^
  File "/Users/magnuslundstein/Desktop/Innholdsproduksjon/Tjenester/Google Cloud/google-cloud-sdk/lib/googlecloudsdk/generated_clients/apis/cloudbuild/v1/cloudbuild_v1_client.py", line 1310, in Create
    return self._RunMethod(
           ^^^^^^^^^^^^^^^^
  File "/Users/magnuslundstein/Desktop/Innholdsproduksjon/Tjenester/Google Cloud/google-cloud-sdk/lib/third_party/apitools/base/py/base_api.py", line 747, in _RunMethod
    return self.ProcessHttpResponse(method_config, http_response, request)
           ^^^^^^^^^^^^^^^^^^^^^^^^^^^^^^^^^^^^^^^^^^^^^^^^^^^^^^^^^^^^^^^
  File "/Users/magnuslundstein/Desktop/Innholdsproduksjon/Tjenester/Google Cloud/google-cloud-sdk/lib/third_party/apitools/base/py/base_api.py", line 753, in ProcessHttpResponse
    self.__ProcessHttpResponse(method_config, http_response, request))
    ^^^^^^^^^^^^^^^^^^^^^^^^^^^^^^^^^^^^^^^^^^^^^^^^^^^^^^^^^^^^^^^^^
  File "/Users/magnuslundstein/Desktop/Innholdsproduksjon/Tjenester/Google Cloud/google-cloud-sdk/lib/third_party/apitools/base/py/base_api.py", line 612, in __ProcessHttpResponse
    raise exceptions.HttpError.FromResponse(
apitools.base.py.exceptions.HttpBadRequestError: HttpError accessing <https://cloudbuild.googleapis.com/v1/projects/energiverktoy-poc-1234/locations/global/builds?alt=json>: response: <{'vary': 'Origin, X-Origin, Referer', 'content-type': 'application/json; charset=UTF-8', 'content-encoding': 'gzip', 'date': 'Thu, 23 Oct 2025 20:11:48 GMT', 'server': 'ESF', 'x-xss-protection': '0', 'x-frame-options': 'SAMEORIGIN', 'x-content-type-options': 'nosniff', 'alt-svc': 'h3=":443"; ma=2592000,h3-29=":443"; ma=2592000', 'transfer-encoding': 'chunked', 'status': 400}>, content <{
  "error": {
    "code": 400,
    "message": "generic::invalid_argument: invalid value for 'build.substitutions': key in the template \"IMAGE_URI\" is not a valid built-in substitution",
    "status": "INVALID_ARGUMENT"
  }
}
>
2025-10-23 22:11:49,015 ERROR    root            (gcloud.builds.submit) INVALID_ARGUMENT: generic::invalid_argument: invalid value for 'build.substitutions': key in the template "IMAGE_URI" is not a valid built-in substitution
2025-10-23 22:11:49,023 DEBUG    root            Metrics reporting process started...
