2025-10-23 22:26:02,786 DEBUG    root            Loaded Command Group: ['gcloud', 'builds']
2025-10-23 22:26:02,810 DEBUG    root            Loaded Command Group: ['gcloud', 'builds', 'submit']
2025-10-23 22:26:02,817 DEBUG    root            Running [gcloud.builds.submit] with arguments: [--config: "deploy/gcp/cloudbuild.yaml", --substitutions: "OrderedDict({'_DEPLOY': 'false', '_TAG': 'manual-test'})"]
2025-10-23 22:26:02,838 DEBUG    urllib3.connectionpool Starting new HTTPS connection (1): storage.googleapis.com:443
2025-10-23 22:26:03,098 DEBUG    urllib3.connectionpool https://storage.googleapis.com:443 "GET /storage/v1/b/energiverktoy-poc-1234_cloudbuild?alt=json HTTP/1.1" 200 831
2025-10-23 22:26:03,471 DEBUG    urllib3.connectionpool https://storage.googleapis.com:443 "GET /storage/v1/b?alt=json&maxResults=1000&prefix=energiverktoy-poc-1234_cloudbuild&project=energiverktoy-poc-1234 HTTP/1.1" 200 997
2025-10-23 22:26:03,475 INFO     root            Using default gcloudignore file:
--------------------------------------------------
# This file specifies files that are *not* uploaded to Google Cloud
# using gcloud. It follows the same syntax as .gitignore, with the addition of
# "#!include" directives (which insert the entries of the given .gitignore-style
# file at that point).
#
# For more information, run:
#   $ gcloud topic gcloudignore
#
.gcloudignore
# If you would like to upload your .git directory, .gitignore file or files
# from your .gitignore file, remove the corresponding line
# below:
.git
.gitignore
#!include:.gitignore

--------------------------------------------------
2025-10-23 22:26:03,479 DEBUG    root            Skipping file [.DS_Store]
2025-10-23 22:26:03,479 DEBUG    root            Skipping file [.gitignore]
2025-10-23 22:26:03,479 DEBUG    root            Skipping file [.env]
2025-10-23 22:26:03,479 DEBUG    root            Skipping file [soap-dumps]
2025-10-23 22:26:03,479 DEBUG    root            Skipping file [dist]
2025-10-23 22:26:03,480 DEBUG    root            Skipping file [node_modules]
2025-10-23 22:26:03,480 DEBUG    root            Skipping file [workspace-archive]
2025-10-23 22:26:03,480 DEBUG    root            Skipping file [.git]
2025-10-23 22:26:03,507 DEBUG    root            Skipping file [.gcloud/virtenv/lib/python3.12/site-packages/__pycache__]
2025-10-23 22:26:03,514 DEBUG    root            Skipping file [.gcloud/virtenv/lib/python3.12/site-packages/google_crc32c/__pycache__]
2025-10-23 22:26:03,523 DEBUG    root            Skipping file [.gcloud/virtenv/lib/python3.12/site-packages/pycparser/__pycache__]
2025-10-23 22:26:03,525 DEBUG    root            Skipping file [.gcloud/virtenv/lib/python3.12/site-packages/pycparser/ply/__pycache__]
2025-10-23 22:26:03,530 DEBUG    root            Skipping file [.gcloud/virtenv/lib/python3.12/site-packages/grpc/__pycache__]
2025-10-23 22:26:03,533 DEBUG    root            Skipping file [.gcloud/virtenv/lib/python3.12/site-packages/grpc/beta/__pycache__]
2025-10-23 22:26:03,535 DEBUG    root            Skipping file [.gcloud/virtenv/lib/python3.12/site-packages/grpc/experimental/__pycache__]
2025-10-23 22:26:03,535 DEBUG    root            Skipping file [.gcloud/virtenv/lib/python3.12/site-packages/grpc/experimental/aio/__pycache__]
2025-10-23 22:26:03,537 DEBUG    root            Skipping file [.gcloud/virtenv/lib/python3.12/site-packages/grpc/framework/__pycache__]
2025-10-23 22:26:03,540 DEBUG    root            Skipping file [.gcloud/virtenv/lib/python3.12/site-packages/grpc/framework/foundation/__pycache__]
2025-10-23 22:26:03,541 DEBUG    root            Skipping file [.gcloud/virtenv/lib/python3.12/site-packages/grpc/framework/common/__pycache__]
2025-10-23 22:26:03,542 DEBUG    root            Skipping file [.gcloud/virtenv/lib/python3.12/site-packages/grpc/framework/interfaces/__pycache__]
2025-10-23 22:26:03,544 DEBUG    root            Skipping file [.gcloud/virtenv/lib/python3.12/site-packages/grpc/framework/interfaces/face/__pycache__]
2025-10-23 22:26:03,546 DEBUG    root            Skipping file [.gcloud/virtenv/lib/python3.12/site-packages/grpc/framework/interfaces/base/__pycache__]
2025-10-23 22:26:03,549 DEBUG    root            Skipping file [.gcloud/virtenv/lib/python3.12/site-packages/grpc/aio/__pycache__]
2025-10-23 22:26:03,550 DEBUG    root            Skipping file [.gcloud/virtenv/lib/python3.12/site-packages/grpc/_cython/__pycache__]
2025-10-23 22:26:03,552 DEBUG    root            Skipping file [.gcloud/virtenv/lib/python3.12/site-packages/grpc/_cython/_cygrpc/__pycache__]
2025-10-23 22:26:03,554 DEBUG    root            Skipping file [.gcloud/virtenv/lib/python3.12/site-packages/cryptography/__pycache__]
2025-10-23 22:26:03,556 DEBUG    root            Skipping file [.gcloud/virtenv/lib/python3.12/site-packages/cryptography/hazmat/__pycache__]
2025-10-23 22:26:03,557 DEBUG    root            Skipping file [.gcloud/virtenv/lib/python3.12/site-packages/cryptography/hazmat/backends/__pycache__]
2025-10-23 22:26:03,559 DEBUG    root            Skipping file [.gcloud/virtenv/lib/python3.12/site-packages/cryptography/hazmat/backends/openssl/__pycache__]
2025-10-23 22:26:03,564 DEBUG    root            Skipping file [.gcloud/virtenv/lib/python3.12/site-packages/cryptography/hazmat/primitives/__pycache__]
2025-10-23 22:26:03,568 DEBUG    root            Skipping file [.gcloud/virtenv/lib/python3.12/site-packages/cryptography/hazmat/primitives/kdf/__pycache__]
2025-10-23 22:26:03,570 DEBUG    root            Skipping file [.gcloud/virtenv/lib/python3.12/site-packages/cryptography/hazmat/primitives/twofactor/__pycache__]
2025-10-23 22:26:03,572 DEBUG    root            Skipping file [.gcloud/virtenv/lib/python3.12/site-packages/cryptography/hazmat/primitives/serialization/__pycache__]
2025-10-23 22:26:03,574 DEBUG    root            Skipping file [.gcloud/virtenv/lib/python3.12/site-packages/cryptography/hazmat/primitives/ciphers/__pycache__]
2025-10-23 22:26:03,579 DEBUG    root            Skipping file [.gcloud/virtenv/lib/python3.12/site-packages/cryptography/hazmat/primitives/asymmetric/__pycache__]
2025-10-23 22:26:03,580 DEBUG    root            Skipping file [.gcloud/virtenv/lib/python3.12/site-packages/cryptography/hazmat/bindings/__pycache__]
2025-10-23 22:26:03,591 DEBUG    root            Skipping file [.gcloud/virtenv/lib/python3.12/site-packages/cryptography/hazmat/bindings/openssl/__pycache__]
2025-10-23 22:26:03,594 DEBUG    root            Skipping file [.gcloud/virtenv/lib/python3.12/site-packages/cryptography/x509/__pycache__]
2025-10-23 22:26:03,599 DEBUG    root            Skipping file [.gcloud/virtenv/lib/python3.12/site-packages/cffi/__pycache__]
2025-10-23 22:26:03,607 DEBUG    root            Skipping file [.gcloud/virtenv/lib/python3.12/site-packages/crcmod/__pycache__]
2025-10-23 22:26:03,609 DEBUG    root            Skipping file [.gcloud/virtenv/lib/python3.12/site-packages/pip/__pycache__]
2025-10-23 22:26:03,613 DEBUG    root            Skipping file [.gcloud/virtenv/lib/python3.12/site-packages/pip/_internal/__pycache__]
2025-10-23 22:26:03,618 DEBUG    root            Skipping file [.gcloud/virtenv/lib/python3.12/site-packages/pip/_internal/network/__pycache__]
2025-10-23 22:26:03,627 DEBUG    root            Skipping file [.gcloud/virtenv/lib/python3.12/site-packages/pip/_internal/utils/__pycache__]
2025-10-23 22:26:03,631 DEBUG    root            Skipping file [.gcloud/virtenv/lib/python3.12/site-packages/pip/_internal/models/__pycache__]
2025-10-23 22:26:03,636 DEBUG    root            Skipping file [.gcloud/virtenv/lib/python3.12/site-packages/pip/_internal/cli/__pycache__]
2025-10-23 22:26:03,638 DEBUG    root            Skipping file [.gcloud/virtenv/lib/python3.12/site-packages/pip/_internal/operations/__pycache__]
2025-10-23 22:26:03,640 DEBUG    root            Skipping file [.gcloud/virtenv/lib/python3.12/site-packages/pip/_internal/operations/install/__pycache__]
2025-10-23 22:26:03,643 DEBUG    root            Skipping file [.gcloud/virtenv/lib/python3.12/site-packages/pip/_internal/operations/build/__pycache__]
2025-10-23 22:26:03,646 DEBUG    root            Skipping file [.gcloud/virtenv/lib/python3.12/site-packages/pip/_internal/req/__pycache__]
2025-10-23 22:26:03,647 DEBUG    root            Skipping file [.gcloud/virtenv/lib/python3.12/site-packages/pip/_internal/resolution/__pycache__]
2025-10-23 22:26:03,648 DEBUG    root            Skipping file [.gcloud/virtenv/lib/python3.12/site-packages/pip/_internal/resolution/legacy/__pycache__]
2025-10-23 22:26:03,652 DEBUG    root            Skipping file [.gcloud/virtenv/lib/python3.12/site-packages/pip/_internal/resolution/resolvelib/__pycache__]
2025-10-23 22:26:03,654 DEBUG    root            Skipping file [.gcloud/virtenv/lib/python3.12/site-packages/pip/_internal/vcs/__pycache__]
2025-10-23 22:26:03,656 DEBUG    root            Skipping file [.gcloud/virtenv/lib/python3.12/site-packages/pip/_internal/locations/__pycache__]
2025-10-23 22:26:03,658 DEBUG    root            Skipping file [.gcloud/virtenv/lib/python3.12/site-packages/pip/_internal/index/__pycache__]
2025-10-23 22:26:03,664 DEBUG    root            Skipping file [.gcloud/virtenv/lib/python3.12/site-packages/pip/_internal/commands/__pycache__]
2025-10-23 22:26:03,665 DEBUG    root            Skipping file [.gcloud/virtenv/lib/python3.12/site-packages/pip/_internal/metadata/__pycache__]
2025-10-23 22:26:03,667 DEBUG    root            Skipping file [.gcloud/virtenv/lib/python3.12/site-packages/pip/_internal/metadata/importlib/__pycache__]
2025-10-23 22:26:03,670 DEBUG    root            Skipping file [.gcloud/virtenv/lib/python3.12/site-packages/pip/_internal/distributions/__pycache__]
2025-10-23 22:26:03,673 DEBUG    root            Skipping file [.gcloud/virtenv/lib/python3.12/site-packages/pip/_vendor/__pycache__]
2025-10-23 22:26:03,681 DEBUG    root            Skipping file [.gcloud/virtenv/lib/python3.12/site-packages/pip/_vendor/packaging/__pycache__]
2025-10-23 22:26:03,683 DEBUG    root            Skipping file [.gcloud/virtenv/lib/python3.12/site-packages/pip/_vendor/truststore/__pycache__]
2025-10-23 22:26:03,685 DEBUG    root            Skipping file [.gcloud/virtenv/lib/python3.12/site-packages/pip/_vendor/msgpack/__pycache__]
2025-10-23 22:26:03,692 DEBUG    root            Skipping file [.gcloud/virtenv/lib/python3.12/site-packages/pip/_vendor/pygments/__pycache__]
2025-10-23 22:26:03,693 DEBUG    root            Skipping file [.gcloud/virtenv/lib/python3.12/site-packages/pip/_vendor/pygments/filters/__pycache__]
2025-10-23 22:26:03,694 DEBUG    root            Skipping file [.gcloud/virtenv/lib/python3.12/site-packages/pip/_vendor/pygments/lexers/__pycache__]
2025-10-23 22:26:03,700 DEBUG    root            Skipping file [.gcloud/virtenv/lib/python3.12/site-packages/pip/_vendor/pygments/formatters/__pycache__]
2025-10-23 22:26:03,701 DEBUG    root            Skipping file [.gcloud/virtenv/lib/python3.12/site-packages/pip/_vendor/pygments/styles/__pycache__]
2025-10-23 22:26:03,707 DEBUG    root            Skipping file [.gcloud/virtenv/lib/python3.12/site-packages/pip/_vendor/distlib/__pycache__]
2025-10-23 22:26:03,709 DEBUG    root            Skipping file [.gcloud/virtenv/lib/python3.12/site-packages/pip/_vendor/distro/__pycache__]
2025-10-23 22:26:03,713 DEBUG    root            Skipping file [.gcloud/virtenv/lib/python3.12/site-packages/pip/_vendor/cachecontrol/__pycache__]
2025-10-23 22:26:03,715 DEBUG    root            Skipping file [.gcloud/virtenv/lib/python3.12/site-packages/pip/_vendor/cachecontrol/caches/__pycache__]
2025-10-23 22:26:03,718 DEBUG    root            Skipping file [.gcloud/virtenv/lib/python3.12/site-packages/pip/_vendor/idna/__pycache__]
2025-10-23 22:26:03,724 DEBUG    root            Skipping file [.gcloud/virtenv/lib/python3.12/site-packages/pip/_vendor/requests/__pycache__]
2025-10-23 22:26:03,726 DEBUG    root            Skipping file [.gcloud/virtenv/lib/python3.12/site-packages/pip/_vendor/tomli/__pycache__]
2025-10-23 22:26:03,728 DEBUG    root            Skipping file [.gcloud/virtenv/lib/python3.12/site-packages/pip/_vendor/certifi/__pycache__]
2025-10-23 22:26:03,730 DEBUG    root            Skipping file [.gcloud/virtenv/lib/python3.12/site-packages/pip/_vendor/pyproject_hooks/__pycache__]
2025-10-23 22:26:03,731 DEBUG    root            Skipping file [.gcloud/virtenv/lib/python3.12/site-packages/pip/_vendor/pyproject_hooks/_in_process/__pycache__]
2025-10-23 22:26:03,756 DEBUG    root            Skipping file [.gcloud/virtenv/lib/python3.12/site-packages/pip/_vendor/rich/__pycache__]
2025-10-23 22:26:03,760 DEBUG    root            Skipping file [.gcloud/virtenv/lib/python3.12/site-packages/pip/_vendor/urllib3/__pycache__]
2025-10-23 22:26:03,766 DEBUG    root            Skipping file [.gcloud/virtenv/lib/python3.12/site-packages/pip/_vendor/urllib3/util/__pycache__]
2025-10-23 22:26:03,768 DEBUG    root            Skipping file [.gcloud/virtenv/lib/python3.12/site-packages/pip/_vendor/urllib3/contrib/__pycache__]
2025-10-23 22:26:03,770 DEBUG    root            Skipping file [.gcloud/virtenv/lib/python3.12/site-packages/pip/_vendor/urllib3/contrib/_securetransport/__pycache__]
2025-10-23 22:26:03,772 DEBUG    root            Skipping file [.gcloud/virtenv/lib/python3.12/site-packages/pip/_vendor/urllib3/packages/__pycache__]
2025-10-23 22:26:03,774 DEBUG    root            Skipping file [.gcloud/virtenv/lib/python3.12/site-packages/pip/_vendor/urllib3/packages/backports/__pycache__]
2025-10-23 22:26:03,774 DEBUG    root            Skipping file [.gcloud/virtenv/lib/python3.12/site-packages/pip/_vendor/pkg_resources/__pycache__]
2025-10-23 22:26:03,777 DEBUG    root            Skipping file [.gcloud/virtenv/lib/python3.12/site-packages/pip/_vendor/resolvelib/__pycache__]
2025-10-23 22:26:03,778 DEBUG    root            Skipping file [.gcloud/virtenv/lib/python3.12/site-packages/pip/_vendor/resolvelib/compat/__pycache__]
2025-10-23 22:26:03,781 DEBUG    root            Skipping file [.gcloud/virtenv/lib/python3.12/site-packages/pip/_vendor/platformdirs/__pycache__]
2025-10-23 22:26:03,788 DEBUG    root            Skipping file [.gcloud/virtenv/lib/python3.12/site-packages/certifi/__pycache__]
2025-10-23 22:26:03,801 DEBUG    root            Skipping file [.gcloud/virtenv/lib/python3.12/site-packages/setuptools/__pycache__]
2025-10-23 22:26:03,803 DEBUG    root            Skipping file [.gcloud/virtenv/lib/python3.12/site-packages/setuptools/compat/__pycache__]
2025-10-23 22:26:03,808 DEBUG    root            Skipping file [.gcloud/virtenv/lib/python3.12/site-packages/setuptools/_vendor/__pycache__]
2025-10-23 22:26:03,817 DEBUG    root            Skipping file [.gcloud/virtenv/lib/python3.12/site-packages/setuptools/_vendor/packaging/__pycache__]
2025-10-23 22:26:03,819 DEBUG    root            Skipping file [.gcloud/virtenv/lib/python3.12/site-packages/setuptools/_vendor/packaging/licenses/__pycache__]
2025-10-23 22:26:03,827 DEBUG    root            Skipping file [.gcloud/virtenv/lib/python3.12/site-packages/setuptools/_vendor/inflect/__pycache__]
2025-10-23 22:26:03,828 DEBUG    root            Skipping file [.gcloud/virtenv/lib/python3.12/site-packages/setuptools/_vendor/inflect/compat/__pycache__]
2025-10-23 22:26:03,829 DEBUG    root            Skipping file [.gcloud/virtenv/lib/python3.12/site-packages/setuptools/_vendor/jaraco/__pycache__]
2025-10-23 22:26:03,831 DEBUG    root            Skipping file [.gcloud/virtenv/lib/python3.12/site-packages/setuptools/_vendor/jaraco/functools/__pycache__]
2025-10-23 22:26:03,834 DEBUG    root            Skipping file [.gcloud/virtenv/lib/python3.12/site-packages/setuptools/_vendor/jaraco/text/__pycache__]
2025-10-23 22:26:03,835 DEBUG    root            Skipping file [.gcloud/virtenv/lib/python3.12/site-packages/setuptools/_vendor/jaraco/collections/__pycache__]
2025-10-23 22:26:03,845 DEBUG    root            Skipping file [.gcloud/virtenv/lib/python3.12/site-packages/setuptools/_vendor/importlib_metadata/__pycache__]
2025-10-23 22:26:03,846 DEBUG    root            Skipping file [.gcloud/virtenv/lib/python3.12/site-packages/setuptools/_vendor/importlib_metadata/compat/__pycache__]
2025-10-23 22:26:03,850 DEBUG    root            Skipping file [.gcloud/virtenv/lib/python3.12/site-packages/setuptools/_vendor/wheel/__pycache__]
2025-10-23 22:26:03,853 DEBUG    root            Skipping file [.gcloud/virtenv/lib/python3.12/site-packages/setuptools/_vendor/wheel/cli/__pycache__]
2025-10-23 22:26:03,854 DEBUG    root            Skipping file [.gcloud/virtenv/lib/python3.12/site-packages/setuptools/_vendor/wheel/vendored/__pycache__]
2025-10-23 22:26:03,861 DEBUG    root            Skipping file [.gcloud/virtenv/lib/python3.12/site-packages/setuptools/_vendor/wheel/vendored/packaging/__pycache__]
2025-10-23 22:26:03,862 DEBUG    root            Skipping file [.gcloud/virtenv/lib/python3.12/site-packages/setuptools/_vendor/zipp/__pycache__]
2025-10-23 22:26:03,863 DEBUG    root            Skipping file [.gcloud/virtenv/lib/python3.12/site-packages/setuptools/_vendor/zipp/compat/__pycache__]
2025-10-23 22:26:03,868 DEBUG    root            Skipping file [.gcloud/virtenv/lib/python3.12/site-packages/setuptools/_vendor/more_itertools/__pycache__]
2025-10-23 22:26:03,869 DEBUG    root            Skipping file [.gcloud/virtenv/lib/python3.12/site-packages/setuptools/_vendor/backports/__pycache__]
2025-10-23 22:26:03,870 DEBUG    root            Skipping file [.gcloud/virtenv/lib/python3.12/site-packages/setuptools/_vendor/backports/tarfile/__pycache__]
2025-10-23 22:26:03,871 DEBUG    root            Skipping file [.gcloud/virtenv/lib/python3.12/site-packages/setuptools/_vendor/backports/tarfile/compat/__pycache__]
2025-10-23 22:26:03,874 DEBUG    root            Skipping file [.gcloud/virtenv/lib/python3.12/site-packages/setuptools/_vendor/autocommand/__pycache__]
2025-10-23 22:26:03,876 DEBUG    root            Skipping file [.gcloud/virtenv/lib/python3.12/site-packages/setuptools/_vendor/tomli/__pycache__]
2025-10-23 22:26:03,900 DEBUG    root            Skipping file [.gcloud/virtenv/lib/python3.12/site-packages/setuptools/_vendor/typeguard/__pycache__]
2025-10-23 22:26:03,903 DEBUG    root            Skipping file [.gcloud/virtenv/lib/python3.12/site-packages/setuptools/_vendor/platformdirs/__pycache__]
2025-10-23 22:26:03,906 DEBUG    root            Skipping file [.gcloud/virtenv/lib/python3.12/site-packages/setuptools/config/__pycache__]
2025-10-23 22:26:03,909 DEBUG    root            Skipping file [.gcloud/virtenv/lib/python3.12/site-packages/setuptools/config/_validate_pyproject/__pycache__]
2025-10-23 22:26:03,923 DEBUG    root            Skipping file [.gcloud/virtenv/lib/python3.12/site-packages/setuptools/tests/__pycache__]
2025-10-23 22:26:03,925 DEBUG    root            Skipping file [.gcloud/virtenv/lib/python3.12/site-packages/setuptools/tests/compat/__pycache__]
2025-10-23 22:26:03,927 DEBUG    root            Skipping file [.gcloud/virtenv/lib/python3.12/site-packages/setuptools/tests/config/__pycache__]
2025-10-23 22:26:03,929 DEBUG    root            Skipping file [.gcloud/virtenv/lib/python3.12/site-packages/setuptools/tests/config/downloads/__pycache__]
2025-10-23 22:26:03,930 DEBUG    root            Skipping file [.gcloud/virtenv/lib/python3.12/site-packages/setuptools/tests/integration/__pycache__]
2025-10-23 22:26:03,939 DEBUG    root            Skipping file [.gcloud/virtenv/lib/python3.12/site-packages/setuptools/command/__pycache__]
2025-10-23 22:26:03,948 DEBUG    root            Skipping file [.gcloud/virtenv/lib/python3.12/site-packages/setuptools/_distutils/__pycache__]
2025-10-23 22:26:03,950 DEBUG    root            Skipping file [.gcloud/virtenv/lib/python3.12/site-packages/setuptools/_distutils/compat/__pycache__]
2025-10-23 22:26:03,961 DEBUG    root            Skipping file [.gcloud/virtenv/lib/python3.12/site-packages/setuptools/_distutils/tests/__pycache__]
2025-10-23 22:26:03,962 DEBUG    root            Skipping file [.gcloud/virtenv/lib/python3.12/site-packages/setuptools/_distutils/tests/compat/__pycache__]
2025-10-23 22:26:03,969 DEBUG    root            Skipping file [.gcloud/virtenv/lib/python3.12/site-packages/setuptools/_distutils/command/__pycache__]
2025-10-23 22:26:03,972 DEBUG    root            Skipping file [.gcloud/virtenv/lib/python3.12/site-packages/setuptools/_distutils/compilers/C/__pycache__]
2025-10-23 22:26:03,975 DEBUG    root            Skipping file [.gcloud/virtenv/lib/python3.12/site-packages/setuptools/_distutils/compilers/C/tests/__pycache__]
2025-10-23 22:26:03,976 DEBUG    root            Skipping file [.gcloud/virtenv/lib/python3.12/site-packages/pkg_resources/__pycache__]
2025-10-23 22:26:03,979 DEBUG    root            Skipping file [.gcloud/virtenv/lib/python3.12/site-packages/pkg_resources/tests/__pycache__]
2025-10-23 22:26:03,985 DEBUG    root            Skipping file [.gcloud/virtenv/lib/python3.12/site-packages/pkg_resources/tests/data/my-test-package-source/__pycache__]
2025-10-23 22:26:03,986 DEBUG    root            Skipping file [.gcloud/virtenv/lib/python3.12/site-packages/_distutils_hack/__pycache__]
2025-10-23 22:26:03,992 DEBUG    root            Skipping file [.gcloud/virtenv/lib/python3.12/site-packages/OpenSSL/__pycache__]
2025-10-23 22:26:04,001 DEBUG    root            Skipping file [scripts/python/__pycache__]
2025-10-23 22:26:04,002 DEBUG    root            Skipping file [data/.DS_Store]
2025-10-23 22:26:04,003 DEBUG    root            Skipping file [services/.DS_Store]
2025-10-23 22:26:04,005 DEBUG    root            Skipping file [src/.DS_Store]
2025-10-23 22:26:04,018 INFO     ___FILE_ONLY___ Creating temporary archive of 1633 file(s) totalling 110.9 MiB before compression.

2025-10-23 22:26:04,020 DEBUG    root            Added dir [.gcloud]
2025-10-23 22:26:04,020 DEBUG    root            Added dir [deploy]
2025-10-23 22:26:04,020 DEBUG    root            Added dir [Dokumentasjon]
2025-10-23 22:26:04,020 DEBUG    root            Added dir [Overlevering]
2025-10-23 22:26:04,020 DEBUG    root            Added dir [content]
2025-10-23 22:26:04,020 DEBUG    root            Added dir [server]
2025-10-23 22:26:04,020 DEBUG    root            Added dir [public]
2025-10-23 22:26:04,020 DEBUG    root            Added dir [scripts]
2025-10-23 22:26:04,020 DEBUG    root            Added dir [packages]
2025-10-23 22:26:04,020 DEBUG    root            Added dir [.github]
2025-10-23 22:26:04,020 DEBUG    root            Added dir [data]
2025-10-23 22:26:04,020 DEBUG    root            Added dir [services]
2025-10-23 22:26:04,020 DEBUG    root            Added dir [src]
2025-10-23 22:26:04,021 DEBUG    root            Added dir [.gcloud/configurations]
2025-10-23 22:26:04,021 DEBUG    root            Added dir [.gcloud/logs]
2025-10-23 22:26:04,021 DEBUG    root            Added dir [.gcloud/virtenv]
2025-10-23 22:26:04,021 DEBUG    root            Added dir [.gcloud/legacy_credentials]
2025-10-23 22:26:04,021 DEBUG    root            Added dir [.gcloud/logs/2025.10.23]
2025-10-23 22:26:04,021 DEBUG    root            Added dir [.gcloud/virtenv/bin]
2025-10-23 22:26:04,021 DEBUG    root            Added dir [.gcloud/virtenv/include]
2025-10-23 22:26:04,021 DEBUG    root            Added dir [.gcloud/virtenv/lib]
2025-10-23 22:26:04,021 DEBUG    root            Added dir [.gcloud/virtenv/include/python3.12]
2025-10-23 22:26:04,022 DEBUG    root            Added dir [.gcloud/virtenv/lib/python3.12]
2025-10-23 22:26:04,022 DEBUG    root            Added dir [.gcloud/virtenv/lib/python3.12/site-packages]
2025-10-23 22:26:04,022 DEBUG    root            Added dir [.gcloud/virtenv/lib/python3.12/site-packages/google_crc32c]
2025-10-23 22:26:04,022 DEBUG    root            Added dir [.gcloud/virtenv/lib/python3.12/site-packages/pip-24.3.1.dist-info]
2025-10-23 22:26:04,022 DEBUG    root            Added dir [.gcloud/virtenv/lib/python3.12/site-packages/crcmod-1.7.dist-info]
2025-10-23 22:26:04,022 DEBUG    root            Added dir [.gcloud/virtenv/lib/python3.12/site-packages/pycparser]
2025-10-23 22:26:04,022 DEBUG    root            Added dir [.gcloud/virtenv/lib/python3.12/site-packages/grpc]
2025-10-23 22:26:04,022 DEBUG    root            Added dir [.gcloud/virtenv/lib/python3.12/site-packages/cryptography]
2025-10-23 22:26:04,022 DEBUG    root            Added dir [.gcloud/virtenv/lib/python3.12/site-packages/cffi]
2025-10-23 22:26:04,022 DEBUG    root            Added dir [.gcloud/virtenv/lib/python3.12/site-packages/certifi-2025.10.5.dist-info]
2025-10-23 22:26:04,022 DEBUG    root            Added dir [.gcloud/virtenv/lib/python3.12/site-packages/cffi-2.0.0.dist-info]
2025-10-23 22:26:04,022 DEBUG    root            Added dir [.gcloud/virtenv/lib/python3.12/site-packages/cryptography-42.0.7.dist-info]
2025-10-23 22:26:04,022 DEBUG    root            Added dir [.gcloud/virtenv/lib/python3.12/site-packages/crcmod]
2025-10-23 22:26:04,022 DEBUG    root            Added dir [.gcloud/virtenv/lib/python3.12/site-packages/pip]
2025-10-23 22:26:04,022 DEBUG    root            Added dir [.gcloud/virtenv/lib/python3.12/site-packages/google_crc32c-1.7.1.dist-info]
2025-10-23 22:26:04,022 DEBUG    root            Added dir [.gcloud/virtenv/lib/python3.12/site-packages/setuptools-80.9.0.dist-info]
2025-10-23 22:26:04,022 DEBUG    root            Added dir [.gcloud/virtenv/lib/python3.12/site-packages/certifi]
2025-10-23 22:26:04,022 DEBUG    root            Added dir [.gcloud/virtenv/lib/python3.12/site-packages/typing_extensions-4.15.0.dist-info]
2025-10-23 22:26:04,022 DEBUG    root            Added dir [.gcloud/virtenv/lib/python3.12/site-packages/setuptools]
2025-10-23 22:26:04,023 DEBUG    root            Added dir [.gcloud/virtenv/lib/python3.12/site-packages/pkg_resources]
2025-10-23 22:26:04,023 DEBUG    root            Added dir [.gcloud/virtenv/lib/python3.12/site-packages/_distutils_hack]
2025-10-23 22:26:04,023 DEBUG    root            Added dir [.gcloud/virtenv/lib/python3.12/site-packages/grpcio-1.76.0.dist-info]
2025-10-23 22:26:04,023 DEBUG    root            Added dir [.gcloud/virtenv/lib/python3.12/site-packages/pyOpenSSL-24.2.1.dist-info]
2025-10-23 22:26:04,023 DEBUG    root            Added dir [.gcloud/virtenv/lib/python3.12/site-packages/OpenSSL]
2025-10-23 22:26:04,023 DEBUG    root            Added dir [.gcloud/virtenv/lib/python3.12/site-packages/pycparser-2.23.dist-info]
2025-10-23 22:26:04,024 DEBUG    root            Added dir [.gcloud/virtenv/lib/python3.12/site-packages/google_crc32c/.dylibs]
2025-10-23 22:26:04,024 DEBUG    root            Added dir [.gcloud/virtenv/lib/python3.12/site-packages/crcmod-1.7.dist-info/licenses]
2025-10-23 22:26:04,024 DEBUG    root            Added dir [.gcloud/virtenv/lib/python3.12/site-packages/pycparser/ply]
2025-10-23 22:26:04,024 DEBUG    root            Added dir [.gcloud/virtenv/lib/python3.12/site-packages/grpc/beta]
2025-10-23 22:26:04,024 DEBUG    root            Added dir [.gcloud/virtenv/lib/python3.12/site-packages/grpc/experimental]
2025-10-23 22:26:04,024 DEBUG    root            Added dir [.gcloud/virtenv/lib/python3.12/site-packages/grpc/framework]
2025-10-23 22:26:04,024 DEBUG    root            Added dir [.gcloud/virtenv/lib/python3.12/site-packages/grpc/aio]
2025-10-23 22:26:04,024 DEBUG    root            Added dir [.gcloud/virtenv/lib/python3.12/site-packages/grpc/_cython]
2025-10-23 22:26:04,024 DEBUG    root            Added dir [.gcloud/virtenv/lib/python3.12/site-packages/grpc/experimental/aio]
2025-10-23 22:26:04,024 DEBUG    root            Added dir [.gcloud/virtenv/lib/python3.12/site-packages/grpc/framework/foundation]
2025-10-23 22:26:04,024 DEBUG    root            Added dir [.gcloud/virtenv/lib/python3.12/site-packages/grpc/framework/common]
2025-10-23 22:26:04,024 DEBUG    root            Added dir [.gcloud/virtenv/lib/python3.12/site-packages/grpc/framework/interfaces]
2025-10-23 22:26:04,024 DEBUG    root            Added dir [.gcloud/virtenv/lib/python3.12/site-packages/grpc/framework/interfaces/face]
2025-10-23 22:26:04,024 DEBUG    root            Added dir [.gcloud/virtenv/lib/python3.12/site-packages/grpc/framework/interfaces/base]
2025-10-23 22:26:04,024 DEBUG    root            Added dir [.gcloud/virtenv/lib/python3.12/site-packages/grpc/_cython/_cygrpc]
2025-10-23 22:26:04,024 DEBUG    root            Added dir [.gcloud/virtenv/lib/python3.12/site-packages/grpc/_cython/_credentials]
2025-10-23 22:26:04,025 DEBUG    root            Added dir [.gcloud/virtenv/lib/python3.12/site-packages/cryptography/hazmat]
2025-10-23 22:26:04,025 DEBUG    root            Added dir [.gcloud/virtenv/lib/python3.12/site-packages/cryptography/x509]
2025-10-23 22:26:04,025 DEBUG    root            Added dir [.gcloud/virtenv/lib/python3.12/site-packages/cryptography/hazmat/backends]
2025-10-23 22:26:04,025 DEBUG    root            Added dir [.gcloud/virtenv/lib/python3.12/site-packages/cryptography/hazmat/primitives]
2025-10-23 22:26:04,025 DEBUG    root            Added dir [.gcloud/virtenv/lib/python3.12/site-packages/cryptography/hazmat/bindings]
2025-10-23 22:26:04,025 DEBUG    root            Added dir [.gcloud/virtenv/lib/python3.12/site-packages/cryptography/hazmat/backends/openssl]
2025-10-23 22:26:04,025 DEBUG    root            Added dir [.gcloud/virtenv/lib/python3.12/site-packages/cryptography/hazmat/primitives/kdf]
2025-10-23 22:26:04,025 DEBUG    root            Added dir [.gcloud/virtenv/lib/python3.12/site-packages/cryptography/hazmat/primitives/twofactor]
2025-10-23 22:26:04,025 DEBUG    root            Added dir [.gcloud/virtenv/lib/python3.12/site-packages/cryptography/hazmat/primitives/serialization]
2025-10-23 22:26:04,025 DEBUG    root            Added dir [.gcloud/virtenv/lib/python3.12/site-packages/cryptography/hazmat/primitives/ciphers]
2025-10-23 22:26:04,025 DEBUG    root            Added dir [.gcloud/virtenv/lib/python3.12/site-packages/cryptography/hazmat/primitives/asymmetric]
2025-10-23 22:26:04,025 DEBUG    root            Added dir [.gcloud/virtenv/lib/python3.12/site-packages/cryptography/hazmat/bindings/_rust]
2025-10-23 22:26:04,025 DEBUG    root            Added dir [.gcloud/virtenv/lib/python3.12/site-packages/cryptography/hazmat/bindings/openssl]
2025-10-23 22:26:04,025 DEBUG    root            Added dir [.gcloud/virtenv/lib/python3.12/site-packages/cryptography/hazmat/bindings/_rust/openssl]
2025-10-23 22:26:04,025 DEBUG    root            Added dir [.gcloud/virtenv/lib/python3.12/site-packages/certifi-2025.10.5.dist-info/licenses]
2025-10-23 22:26:04,026 DEBUG    root            Added dir [.gcloud/virtenv/lib/python3.12/site-packages/cffi-2.0.0.dist-info/licenses]
2025-10-23 22:26:04,026 DEBUG    root            Added dir [.gcloud/virtenv/lib/python3.12/site-packages/pip/_internal]
2025-10-23 22:26:04,026 DEBUG    root            Added dir [.gcloud/virtenv/lib/python3.12/site-packages/pip/_vendor]
2025-10-23 22:26:04,026 DEBUG    root            Added dir [.gcloud/virtenv/lib/python3.12/site-packages/pip/_internal/network]
2025-10-23 22:26:04,026 DEBUG    root            Added dir [.gcloud/virtenv/lib/python3.12/site-packages/pip/_internal/utils]
2025-10-23 22:26:04,026 DEBUG    root            Added dir [.gcloud/virtenv/lib/python3.12/site-packages/pip/_internal/models]
2025-10-23 22:26:04,026 DEBUG    root            Added dir [.gcloud/virtenv/lib/python3.12/site-packages/pip/_internal/cli]
2025-10-23 22:26:04,026 DEBUG    root            Added dir [.gcloud/virtenv/lib/python3.12/site-packages/pip/_internal/operations]
2025-10-23 22:26:04,026 DEBUG    root            Added dir [.gcloud/virtenv/lib/python3.12/site-packages/pip/_internal/req]
2025-10-23 22:26:04,026 DEBUG    root            Added dir [.gcloud/virtenv/lib/python3.12/site-packages/pip/_internal/resolution]
2025-10-23 22:26:04,027 DEBUG    root            Added dir [.gcloud/virtenv/lib/python3.12/site-packages/pip/_internal/vcs]
2025-10-23 22:26:04,027 DEBUG    root            Added dir [.gcloud/virtenv/lib/python3.12/site-packages/pip/_internal/locations]
2025-10-23 22:26:04,027 DEBUG    root            Added dir [.gcloud/virtenv/lib/python3.12/site-packages/pip/_internal/index]
2025-10-23 22:26:04,027 DEBUG    root            Added dir [.gcloud/virtenv/lib/python3.12/site-packages/pip/_internal/commands]
2025-10-23 22:26:04,027 DEBUG    root            Added dir [.gcloud/virtenv/lib/python3.12/site-packages/pip/_internal/metadata]
2025-10-23 22:26:04,027 DEBUG    root            Added dir [.gcloud/virtenv/lib/python3.12/site-packages/pip/_internal/distributions]
2025-10-23 22:26:04,027 DEBUG    root            Added dir [.gcloud/virtenv/lib/python3.12/site-packages/pip/_internal/operations/install]
2025-10-23 22:26:04,027 DEBUG    root            Added dir [.gcloud/virtenv/lib/python3.12/site-packages/pip/_internal/operations/build]
2025-10-23 22:26:04,027 DEBUG    root            Added dir [.gcloud/virtenv/lib/python3.12/site-packages/pip/_internal/resolution/legacy]
2025-10-23 22:26:04,027 DEBUG    root            Added dir [.gcloud/virtenv/lib/python3.12/site-packages/pip/_internal/resolution/resolvelib]
2025-10-23 22:26:04,027 DEBUG    root            Added dir [.gcloud/virtenv/lib/python3.12/site-packages/pip/_internal/metadata/importlib]
2025-10-23 22:26:04,027 DEBUG    root            Added dir [.gcloud/virtenv/lib/python3.12/site-packages/pip/_vendor/packaging]
2025-10-23 22:26:04,027 DEBUG    root            Added dir [.gcloud/virtenv/lib/python3.12/site-packages/pip/_vendor/truststore]
2025-10-23 22:26:04,027 DEBUG    root            Added dir [.gcloud/virtenv/lib/python3.12/site-packages/pip/_vendor/msgpack]
2025-10-23 22:26:04,027 DEBUG    root            Added dir [.gcloud/virtenv/lib/python3.12/site-packages/pip/_vendor/pygments]
2025-10-23 22:26:04,027 DEBUG    root            Added dir [.gcloud/virtenv/lib/python3.12/site-packages/pip/_vendor/distlib]
2025-10-23 22:26:04,027 DEBUG    root            Added dir [.gcloud/virtenv/lib/python3.12/site-packages/pip/_vendor/distro]
2025-10-23 22:26:04,028 DEBUG    root            Added dir [.gcloud/virtenv/lib/python3.12/site-packages/pip/_vendor/cachecontrol]
2025-10-23 22:26:04,028 DEBUG    root            Added dir [.gcloud/virtenv/lib/python3.12/site-packages/pip/_vendor/idna]
2025-10-23 22:26:04,028 DEBUG    root            Added dir [.gcloud/virtenv/lib/python3.12/site-packages/pip/_vendor/requests]
2025-10-23 22:26:04,028 DEBUG    root            Added dir [.gcloud/virtenv/lib/python3.12/site-packages/pip/_vendor/tomli]
2025-10-23 22:26:04,028 DEBUG    root            Added dir [.gcloud/virtenv/lib/python3.12/site-packages/pip/_vendor/certifi]
2025-10-23 22:26:04,028 DEBUG    root            Added dir [.gcloud/virtenv/lib/python3.12/site-packages/pip/_vendor/pyproject_hooks]
2025-10-23 22:26:04,028 DEBUG    root            Added dir [.gcloud/virtenv/lib/python3.12/site-packages/pip/_vendor/rich]
2025-10-23 22:26:04,028 DEBUG    root            Added dir [.gcloud/virtenv/lib/python3.12/site-packages/pip/_vendor/urllib3]
2025-10-23 22:26:04,028 DEBUG    root            Added dir [.gcloud/virtenv/lib/python3.12/site-packages/pip/_vendor/pkg_resources]
2025-10-23 22:26:04,028 DEBUG    root            Added dir [.gcloud/virtenv/lib/python3.12/site-packages/pip/_vendor/resolvelib]
2025-10-23 22:26:04,028 DEBUG    root            Added dir [.gcloud/virtenv/lib/python3.12/site-packages/pip/_vendor/platformdirs]
2025-10-23 22:26:04,028 DEBUG    root            Added dir [.gcloud/virtenv/lib/python3.12/site-packages/pip/_vendor/pygments/filters]
2025-10-23 22:26:04,028 DEBUG    root            Added dir [.gcloud/virtenv/lib/python3.12/site-packages/pip/_vendor/pygments/lexers]
2025-10-23 22:26:04,028 DEBUG    root            Added dir [.gcloud/virtenv/lib/python3.12/site-packages/pip/_vendor/pygments/formatters]
2025-10-23 22:26:04,028 DEBUG    root            Added dir [.gcloud/virtenv/lib/python3.12/site-packages/pip/_vendor/pygments/styles]
2025-10-23 22:26:04,029 DEBUG    root            Added dir [.gcloud/virtenv/lib/python3.12/site-packages/pip/_vendor/cachecontrol/caches]
2025-10-23 22:26:04,029 DEBUG    root            Added dir [.gcloud/virtenv/lib/python3.12/site-packages/pip/_vendor/pyproject_hooks/_in_process]
2025-10-23 22:26:04,029 DEBUG    root            Added dir [.gcloud/virtenv/lib/python3.12/site-packages/pip/_vendor/urllib3/util]
2025-10-23 22:26:04,029 DEBUG    root            Added dir [.gcloud/virtenv/lib/python3.12/site-packages/pip/_vendor/urllib3/contrib]
2025-10-23 22:26:04,029 DEBUG    root            Added dir [.gcloud/virtenv/lib/python3.12/site-packages/pip/_vendor/urllib3/packages]
2025-10-23 22:26:04,029 DEBUG    root            Added dir [.gcloud/virtenv/lib/python3.12/site-packages/pip/_vendor/urllib3/contrib/_securetransport]
2025-10-23 22:26:04,029 DEBUG    root            Added dir [.gcloud/virtenv/lib/python3.12/site-packages/pip/_vendor/urllib3/packages/backports]
2025-10-23 22:26:04,029 DEBUG    root            Added dir [.gcloud/virtenv/lib/python3.12/site-packages/pip/_vendor/resolvelib/compat]
2025-10-23 22:26:04,029 DEBUG    root            Added dir [.gcloud/virtenv/lib/python3.12/site-packages/google_crc32c-1.7.1.dist-info/licenses]
2025-10-23 22:26:04,029 DEBUG    root            Added dir [.gcloud/virtenv/lib/python3.12/site-packages/setuptools-80.9.0.dist-info/licenses]
2025-10-23 22:26:04,029 DEBUG    root            Added dir [.gcloud/virtenv/lib/python3.12/site-packages/typing_extensions-4.15.0.dist-info/licenses]
2025-10-23 22:26:04,029 DEBUG    root            Added dir [.gcloud/virtenv/lib/python3.12/site-packages/setuptools/compat]
2025-10-23 22:26:04,030 DEBUG    root            Added dir [.gcloud/virtenv/lib/python3.12/site-packages/setuptools/_vendor]
2025-10-23 22:26:04,030 DEBUG    root            Added dir [.gcloud/virtenv/lib/python3.12/site-packages/setuptools/config]
2025-10-23 22:26:04,030 DEBUG    root            Added dir [.gcloud/virtenv/lib/python3.12/site-packages/setuptools/tests]
2025-10-23 22:26:04,030 DEBUG    root            Added dir [.gcloud/virtenv/lib/python3.12/site-packages/setuptools/command]
2025-10-23 22:26:04,030 DEBUG    root            Added dir [.gcloud/virtenv/lib/python3.12/site-packages/setuptools/_distutils]
2025-10-23 22:26:04,030 DEBUG    root            Added dir [.gcloud/virtenv/lib/python3.12/site-packages/setuptools/_vendor/packaging]
2025-10-23 22:26:04,030 DEBUG    root            Added dir [.gcloud/virtenv/lib/python3.12/site-packages/setuptools/_vendor/jaraco.text-3.12.1.dist-info]
2025-10-23 22:26:04,030 DEBUG    root            Added dir [.gcloud/virtenv/lib/python3.12/site-packages/setuptools/_vendor/jaraco.collections-5.1.0.dist-info]
2025-10-23 22:26:04,030 DEBUG    root            Added dir [.gcloud/virtenv/lib/python3.12/site-packages/setuptools/_vendor/importlib_metadata-8.0.0.dist-info]
2025-10-23 22:26:04,030 DEBUG    root            Added dir [.gcloud/virtenv/lib/python3.12/site-packages/setuptools/_vendor/inflect]
2025-10-23 22:26:04,030 DEBUG    root            Added dir [.gcloud/virtenv/lib/python3.12/site-packages/setuptools/_vendor/jaraco]
2025-10-23 22:26:04,030 DEBUG    root            Added dir [.gcloud/virtenv/lib/python3.12/site-packages/setuptools/_vendor/jaraco.functools-4.0.1.dist-info]
2025-10-23 22:26:04,030 DEBUG    root            Added dir [.gcloud/virtenv/lib/python3.12/site-packages/setuptools/_vendor/jaraco.context-5.3.0.dist-info]
2025-10-23 22:26:04,030 DEBUG    root            Added dir [.gcloud/virtenv/lib/python3.12/site-packages/setuptools/_vendor/inflect-7.3.1.dist-info]
2025-10-23 22:26:04,031 DEBUG    root            Added dir [.gcloud/virtenv/lib/python3.12/site-packages/setuptools/_vendor/importlib_metadata]
2025-10-23 22:26:04,031 DEBUG    root            Added dir [.gcloud/virtenv/lib/python3.12/site-packages/setuptools/_vendor/wheel]
2025-10-23 22:26:04,031 DEBUG    root            Added dir [.gcloud/virtenv/lib/python3.12/site-packages/setuptools/_vendor/zipp]
2025-10-23 22:26:04,031 DEBUG    root            Added dir [.gcloud/virtenv/lib/python3.12/site-packages/setuptools/_vendor/autocommand-2.2.2.dist-info]
2025-10-23 22:26:04,031 DEBUG    root            Added dir [.gcloud/virtenv/lib/python3.12/site-packages/setuptools/_vendor/more_itertools]
2025-10-23 22:26:04,031 DEBUG    root            Added dir [.gcloud/virtenv/lib/python3.12/site-packages/setuptools/_vendor/backports]
2025-10-23 22:26:04,031 DEBUG    root            Added dir [.gcloud/virtenv/lib/python3.12/site-packages/setuptools/_vendor/autocommand]
2025-10-23 22:26:04,031 DEBUG    root            Added dir [.gcloud/virtenv/lib/python3.12/site-packages/setuptools/_vendor/tomli]
2025-10-23 22:26:04,032 DEBUG    root            Added dir [.gcloud/virtenv/lib/python3.12/site-packages/setuptools/_vendor/backports.tarfile-1.2.0.dist-info]
2025-10-23 22:26:04,032 DEBUG    root            Added dir [.gcloud/virtenv/lib/python3.12/site-packages/setuptools/_vendor/typeguard-4.3.0.dist-info]
2025-10-23 22:26:04,032 DEBUG    root            Added dir [.gcloud/virtenv/lib/python3.12/site-packages/setuptools/_vendor/packaging-24.2.dist-info]
2025-10-23 22:26:04,032 DEBUG    root            Added dir [.gcloud/virtenv/lib/python3.12/site-packages/setuptools/_vendor/wheel-0.45.1.dist-info]
2025-10-23 22:26:04,032 DEBUG    root            Added dir [.gcloud/virtenv/lib/python3.12/site-packages/setuptools/_vendor/zipp-3.19.2.dist-info]
2025-10-23 22:26:04,032 DEBUG    root            Added dir [.gcloud/virtenv/lib/python3.12/site-packages/setuptools/_vendor/tomli-2.0.1.dist-info]
2025-10-23 22:26:04,032 DEBUG    root            Added dir [.gcloud/virtenv/lib/python3.12/site-packages/setuptools/_vendor/typing_extensions-4.12.2.dist-info]
2025-10-23 22:26:04,032 DEBUG    root            Added dir [.gcloud/virtenv/lib/python3.12/site-packages/setuptools/_vendor/more_itertools-10.3.0.dist-info]
2025-10-23 22:26:04,032 DEBUG    root            Added dir [.gcloud/virtenv/lib/python3.12/site-packages/setuptools/_vendor/platformdirs-4.2.2.dist-info]
2025-10-23 22:26:04,032 DEBUG    root            Added dir [.gcloud/virtenv/lib/python3.12/site-packages/setuptools/_vendor/typeguard]
2025-10-23 22:26:04,032 DEBUG    root            Added dir [.gcloud/virtenv/lib/python3.12/site-packages/setuptools/_vendor/platformdirs]
2025-10-23 22:26:04,032 DEBUG    root            Added dir [.gcloud/virtenv/lib/python3.12/site-packages/setuptools/_vendor/packaging/licenses]
2025-10-23 22:26:04,032 DEBUG    root            Added dir [.gcloud/virtenv/lib/python3.12/site-packages/setuptools/_vendor/inflect/compat]
2025-10-23 22:26:04,032 DEBUG    root            Added dir [.gcloud/virtenv/lib/python3.12/site-packages/setuptools/_vendor/jaraco/functools]
2025-10-23 22:26:04,033 DEBUG    root            Added dir [.gcloud/virtenv/lib/python3.12/site-packages/setuptools/_vendor/jaraco/text]
2025-10-23 22:26:04,033 DEBUG    root            Added dir [.gcloud/virtenv/lib/python3.12/site-packages/setuptools/_vendor/jaraco/collections]
2025-10-23 22:26:04,033 DEBUG    root            Added dir [.gcloud/virtenv/lib/python3.12/site-packages/setuptools/_vendor/importlib_metadata/compat]
2025-10-23 22:26:04,033 DEBUG    root            Added dir [.gcloud/virtenv/lib/python3.12/site-packages/setuptools/_vendor/wheel/cli]
2025-10-23 22:26:04,033 DEBUG    root            Added dir [.gcloud/virtenv/lib/python3.12/site-packages/setuptools/_vendor/wheel/vendored]
2025-10-23 22:26:04,033 DEBUG    root            Added dir [.gcloud/virtenv/lib/python3.12/site-packages/setuptools/_vendor/wheel/vendored/packaging]
2025-10-23 22:26:04,033 DEBUG    root            Added dir [.gcloud/virtenv/lib/python3.12/site-packages/setuptools/_vendor/zipp/compat]
2025-10-23 22:26:04,033 DEBUG    root            Added dir [.gcloud/virtenv/lib/python3.12/site-packages/setuptools/_vendor/backports/tarfile]
2025-10-23 22:26:04,033 DEBUG    root            Added dir [.gcloud/virtenv/lib/python3.12/site-packages/setuptools/_vendor/backports/tarfile/compat]
2025-10-23 22:26:04,033 DEBUG    root            Added dir [.gcloud/virtenv/lib/python3.12/site-packages/setuptools/_vendor/platformdirs-4.2.2.dist-info/licenses]
2025-10-23 22:26:04,033 DEBUG    root            Added dir [.gcloud/virtenv/lib/python3.12/site-packages/setuptools/config/_validate_pyproject]
2025-10-23 22:26:04,033 DEBUG    root            Added dir [.gcloud/virtenv/lib/python3.12/site-packages/setuptools/tests/compat]
2025-10-23 22:26:04,033 DEBUG    root            Added dir [.gcloud/virtenv/lib/python3.12/site-packages/setuptools/tests/config]
2025-10-23 22:26:04,033 DEBUG    root            Added dir [.gcloud/virtenv/lib/python3.12/site-packages/setuptools/tests/integration]
2025-10-23 22:26:04,033 DEBUG    root            Added dir [.gcloud/virtenv/lib/python3.12/site-packages/setuptools/tests/indexes]
2025-10-23 22:26:04,033 DEBUG    root            Added dir [.gcloud/virtenv/lib/python3.12/site-packages/setuptools/tests/config/downloads]
2025-10-23 22:26:04,033 DEBUG    root            Added dir [.gcloud/virtenv/lib/python3.12/site-packages/setuptools/tests/indexes/test_links_priority]
2025-10-23 22:26:04,034 DEBUG    root            Added dir [.gcloud/virtenv/lib/python3.12/site-packages/setuptools/tests/indexes/test_links_priority/simple]
2025-10-23 22:26:04,034 DEBUG    root            Added dir [.gcloud/virtenv/lib/python3.12/site-packages/setuptools/tests/indexes/test_links_priority/simple/foobar]
2025-10-23 22:26:04,034 DEBUG    root            Added dir [.gcloud/virtenv/lib/python3.12/site-packages/setuptools/_distutils/compat]
2025-10-23 22:26:04,034 DEBUG    root            Added dir [.gcloud/virtenv/lib/python3.12/site-packages/setuptools/_distutils/tests]
2025-10-23 22:26:04,034 DEBUG    root            Added dir [.gcloud/virtenv/lib/python3.12/site-packages/setuptools/_distutils/command]
2025-10-23 22:26:04,034 DEBUG    root            Added dir [.gcloud/virtenv/lib/python3.12/site-packages/setuptools/_distutils/compilers]
2025-10-23 22:26:04,034 DEBUG    root            Added dir [.gcloud/virtenv/lib/python3.12/site-packages/setuptools/_distutils/tests/compat]
2025-10-23 22:26:04,034 DEBUG    root            Added dir [.gcloud/virtenv/lib/python3.12/site-packages/setuptools/_distutils/compilers/C]
2025-10-23 22:26:04,034 DEBUG    root            Added dir [.gcloud/virtenv/lib/python3.12/site-packages/setuptools/_distutils/compilers/C/tests]
2025-10-23 22:26:04,034 DEBUG    root            Added dir [.gcloud/virtenv/lib/python3.12/site-packages/pkg_resources/tests]
2025-10-23 22:26:04,035 DEBUG    root            Added dir [.gcloud/virtenv/lib/python3.12/site-packages/pkg_resources/tests/data]
2025-10-23 22:26:04,035 DEBUG    root            Added dir [.gcloud/virtenv/lib/python3.12/site-packages/pkg_resources/tests/data/my-test-package-zip]
2025-10-23 22:26:04,035 DEBUG    root            Added dir [.gcloud/virtenv/lib/python3.12/site-packages/pkg_resources/tests/data/my-test-package_zipped-egg]
2025-10-23 22:26:04,035 DEBUG    root            Added dir [.gcloud/virtenv/lib/python3.12/site-packages/pkg_resources/tests/data/my-test-package_unpacked-egg]
2025-10-23 22:26:04,035 DEBUG    root            Added dir [.gcloud/virtenv/lib/python3.12/site-packages/pkg_resources/tests/data/my-test-package-source]
2025-10-23 22:26:04,035 DEBUG    root            Added dir [.gcloud/virtenv/lib/python3.12/site-packages/pkg_resources/tests/data/my-test-package_unpacked-egg/my_test_package-1.0-py3.7.egg]
2025-10-23 22:26:04,035 DEBUG    root            Added dir [.gcloud/virtenv/lib/python3.12/site-packages/pkg_resources/tests/data/my-test-package_unpacked-egg/my_test_package-1.0-py3.7.egg/EGG-INFO]
2025-10-23 22:26:04,035 DEBUG    root            Added dir [.gcloud/legacy_credentials/magnus.lundstein@kli.oslo.kommune.no]
2025-10-23 22:26:04,035 DEBUG    root            Added dir [deploy/gcp]
2025-10-23 22:26:04,035 DEBUG    root            Added dir [deploy/marvin]
2025-10-23 22:26:04,035 DEBUG    root            Added dir [Dokumentasjon/Utvikling]
2025-10-23 22:26:04,035 DEBUG    root            Added dir [scripts/python]
2025-10-23 22:26:04,035 DEBUG    root            Added dir [packages/config]
2025-10-23 22:26:04,035 DEBUG    root            Added dir [packages/config/src]
2025-10-23 22:26:04,035 DEBUG    root            Added dir [.github/workflows]
2025-10-23 22:26:04,036 DEBUG    root            Added dir [data/generated]
2025-10-23 22:26:04,036 DEBUG    root            Added dir [data/raw]
2025-10-23 22:26:04,036 DEBUG    root            Added dir [services/subsidy-service]
2025-10-23 22:26:04,036 DEBUG    root            Added dir [services/solar-service]
2025-10-23 22:26:04,036 DEBUG    root            Added dir [services/building-info-service]
2025-10-23 22:26:04,036 DEBUG    root            Added dir [src/clients]
2025-10-23 22:26:04,036 DEBUG    root            Added dir [src/testData]
2025-10-23 22:26:04,036 DEBUG    root            Added dir [src/types]
2025-10-23 22:26:04,036 DEBUG    root            Added dir [src/utils]
2025-10-23 22:26:04,036 DEBUG    root            Added dir [src/styles]
2025-10-23 22:26:04,036 DEBUG    root            Added dir [src/components]
2025-10-23 22:26:04,036 DEBUG    root            Added dir [src/hooks]
2025-10-23 22:26:04,036 DEBUG    root            Added dir [src/api]
2025-10-23 22:26:04,036 DEBUG    root            Added dir [src/data]
2025-10-23 22:26:04,037 DEBUG    root            Added dir [src/services]
2025-10-23 22:26:04,037 DEBUG    root            Added dir [src/components/FigmaBlokk]
2025-10-23 22:26:04,037 DEBUG    root            Added dir [src/components/FigmaBlokk/utils]
2025-10-23 22:26:04,037 DEBUG    root            Added dir [src/components/FigmaBlokk/components]
2025-10-23 22:26:04,037 DEBUG    root            Added dir [src/components/FigmaBlokk/hooks]
2025-10-23 22:26:04,037 DEBUG    root            Added dir [src/components/FigmaBlokk/components/Tiltak]
2025-10-23 22:26:04,037 DEBUG    root            Added dir [src/components/FigmaBlokk/components/ProsessenVidere]
2025-10-23 22:26:04,037 DEBUG    root            Added dir [src/components/FigmaBlokk/components/Tiltak/GulListeTiltak]
2025-10-23 22:26:04,038 DEBUG    root            Added dir [src/components/FigmaBlokk/components/ProsessenVidere/Ikoner]
2025-10-23 22:26:04,038 DEBUG    root            Added [tsconfig.node.json]
2025-10-23 22:26:04,038 DEBUG    root            Added [index.html]
2025-10-23 22:26:04,038 DEBUG    root            Added [tailwind.config.js]
2025-10-23 22:26:04,038 DEBUG    root            Added [Dockerfile]
2025-10-23 22:26:04,038 DEBUG    root            Added [tsconfig.contract.json]
2025-10-23 22:26:04,038 DEBUG    root            Added [loadEnv.ts]
2025-10-23 22:26:04,038 DEBUG    root            Added [README.md]
2025-10-23 22:26:04,038 DEBUG    root            Added [.dockerignore]
2025-10-23 22:26:04,047 DEBUG    root            Added [package-lock.json]
2025-10-23 22:26:04,047 DEBUG    root            Added [package.json]
2025-10-23 22:26:04,047 DEBUG    root            Added [tsconfig.json]
2025-10-23 22:26:04,048 DEBUG    root            Added [eslint.config.js]
2025-10-23 22:26:04,048 DEBUG    root            Added [vite.config.ts]
2025-10-23 22:26:04,048 DEBUG    root            Added [postcss.config.js]
2025-10-23 22:26:04,049 DEBUG    root            Added [.gcloud/default_configs.db]
2025-10-23 22:26:04,049 DEBUG    root            Added [.gcloud/application_default_credentials.json]
2025-10-23 22:26:04,049 DEBUG    root            Added [.gcloud/.metricsUUID]
2025-10-23 22:26:04,049 DEBUG    root            Added [.gcloud/access_tokens.db]
2025-10-23 22:26:04,049 DEBUG    root            Added [.gcloud/active_config]
2025-10-23 22:26:04,050 DEBUG    root            Added [.gcloud/gce]
2025-10-23 22:26:04,050 DEBUG    root            Added [.gcloud/.last_survey_prompt.yaml]
2025-10-23 22:26:04,050 DEBUG    root            Added [.gcloud/credentials.db]
2025-10-23 22:26:04,050 DEBUG    root            Added [.gcloud/hidden_gcloud_config_universe_descriptor_data_cache_configs.db]
2025-10-23 22:26:04,051 DEBUG    root            Added [.gcloud/.last_update_check.json]
2025-10-23 22:26:04,051 DEBUG    root            Added [.gcloud/config_sentinel]
2025-10-23 22:26:04,051 DEBUG    root            Added [.gcloud/configurations/config_default]
2025-10-23 22:26:04,051 DEBUG    root            Added [.gcloud/logs/2025.10.23/22.19.36.188839.log]
2025-10-23 22:26:04,055 DEBUG    root            Added [.gcloud/logs/2025.10.23/22.23.58.865974.log]
2025-10-23 22:26:04,055 DEBUG    root            Added [.gcloud/logs/2025.10.23/16.11.14.344427.log]
2025-10-23 22:26:04,058 DEBUG    root            Added [.gcloud/logs/2025.10.23/22.05.10.253234.log]
2025-10-23 22:26:04,058 DEBUG    root            Added [.gcloud/logs/2025.10.23/16.08.28.517048.log]
2025-10-23 22:26:04,058 DEBUG    root            Added [.gcloud/logs/2025.10.23/16.11.20.501474.log]
2025-10-23 22:26:04,058 DEBUG    root            Added [.gcloud/logs/2025.10.23/12.59.33.883690.log]
2025-10-23 22:26:04,058 DEBUG    root            Added [.gcloud/logs/2025.10.23/16.11.51.975509.log]
2025-10-23 22:26:04,059 DEBUG    root            Added [.gcloud/logs/2025.10.23/16.06.14.702123.log]
2025-10-23 22:26:04,059 DEBUG    root            Added [.gcloud/logs/2025.10.23/16.11.26.937341.log]
2025-10-23 22:26:04,059 DEBUG    root            Added [.gcloud/logs/2025.10.23/12.52.52.951605.log]
2025-10-23 22:26:04,059 DEBUG    root            Added [.gcloud/logs/2025.10.23/16.04.00.058655.log]
2025-10-23 22:26:04,060 DEBUG    root            Added [.gcloud/logs/2025.10.23/16.09.29.327603.log]
2025-10-23 22:26:04,063 DEBUG    root            Added [.gcloud/logs/2025.10.23/22.14.11.242573.log]
2025-10-23 22:26:04,063 DEBUG    root            Added [.gcloud/logs/2025.10.23/16.05.52.010268.log]
2025-10-23 22:26:04,063 DEBUG    root            Added [.gcloud/logs/2025.10.23/16.08.56.324379.log]
2025-10-23 22:26:04,063 DEBUG    root            Added [.gcloud/logs/2025.10.23/13.09.46.049103.log]
2025-10-23 22:26:04,063 DEBUG    root            Added [.gcloud/logs/2025.10.23/12.55.04.604777.log]
2025-10-23 22:26:04,064 DEBUG    root            Added [.gcloud/logs/2025.10.23/21.38.00.141006.log]
2025-10-23 22:26:04,064 DEBUG    root            Added [.gcloud/logs/2025.10.23/13.03.20.160548.log]
2025-10-23 22:26:04,064 DEBUG    root            Added [.gcloud/logs/2025.10.23/12.34.55.017068.log]
2025-10-23 22:26:04,065 DEBUG    root            Added [.gcloud/logs/2025.10.23/11.35.35.077329.log]
2025-10-23 22:26:04,068 DEBUG    root            Added [.gcloud/logs/2025.10.23/22.22.53.739958.log]
2025-10-23 22:26:04,069 DEBUG    root            Added [.gcloud/logs/2025.10.23/22.08.43.457677.log]
2025-10-23 22:26:04,069 DEBUG    root            Added [.gcloud/logs/2025.10.23/16.10.46.065403.log]
2025-10-23 22:26:04,069 DEBUG    root            Added [.gcloud/logs/2025.10.23/16.09.37.674948.log]
2025-10-23 22:26:04,069 DEBUG    root            Added [.gcloud/logs/2025.10.23/12.37.46.914384.log]
2025-10-23 22:26:04,070 DEBUG    root            Added [.gcloud/logs/2025.10.23/22.23.45.540130.log]
2025-10-23 22:26:04,071 DEBUG    root            Added [.gcloud/logs/2025.10.23/22.26.02.751325.log]
2025-10-23 22:26:04,071 DEBUG    root            Added [.gcloud/logs/2025.10.23/16.07.46.522344.log]
2025-10-23 22:26:04,071 DEBUG    root            Added [.gcloud/logs/2025.10.23/12.54.25.596831.log]
2025-10-23 22:26:04,071 DEBUG    root            Added [.gcloud/logs/2025.10.23/16.08.38.301022.log]
2025-10-23 22:26:04,071 DEBUG    root            Added [.gcloud/logs/2025.10.23/13.09.57.771201.log]
2025-10-23 22:26:04,075 DEBUG    root            Added [.gcloud/logs/2025.10.23/22.09.58.258775.log]
2025-10-23 22:26:04,075 DEBUG    root            Added [.gcloud/logs/2025.10.23/16.11.13.969258.log]
2025-10-23 22:26:04,075 DEBUG    root            Added [.gcloud/logs/2025.10.23/22.23.58.432791.log]
2025-10-23 22:26:04,076 DEBUG    root            Added [.gcloud/logs/2025.10.23/22.08.43.028345.log]
2025-10-23 22:26:04,076 DEBUG    root            Added [.gcloud/logs/2025.10.23/16.11.05.823347.log]
2025-10-23 22:26:04,076 DEBUG    root            Added [.gcloud/logs/2025.10.23/16.25.27.246311.log]
2025-10-23 22:26:04,076 DEBUG    root            Added [.gcloud/logs/2025.10.23/13.09.58.236423.log]
2025-10-23 22:26:04,076 DEBUG    root            Added [.gcloud/logs/2025.10.23/16.11.34.582875.log]
2025-10-23 22:26:04,076 DEBUG    root            Added [.gcloud/logs/2025.10.23/16.05.58.480887.log]
2025-10-23 22:26:04,076 DEBUG    root            Added [.gcloud/logs/2025.10.23/16.11.00.148413.log]
2025-10-23 22:26:04,077 DEBUG    root            Added [.gcloud/logs/2025.10.23/16.09.38.060143.log]
2025-10-23 22:26:04,077 DEBUG    root            Added [.gcloud/logs/2025.10.23/16.09.12.262179.log]
2025-10-23 22:26:04,077 DEBUG    root            Added [.gcloud/logs/2025.10.23/12.33.07.324422.log]
2025-10-23 22:26:04,077 DEBUG    root            Added [.gcloud/logs/2025.10.23/22.25.33.859281.log]
2025-10-23 22:26:04,078 DEBUG    root            Added [.gcloud/logs/2025.10.23/12.35.50.977398.log]
2025-10-23 22:26:04,078 DEBUG    root            Added [.gcloud/logs/2025.10.23/12.37.36.446960.log]
2025-10-23 22:26:04,078 DEBUG    root            Added [.gcloud/logs/2025.10.23/16.07.26.337138.log]
2025-10-23 22:26:04,078 DEBUG    root            Added [.gcloud/logs/2025.10.23/12.33.33.339874.log]
2025-10-23 22:26:04,079 DEBUG    root            Added [.gcloud/logs/2025.10.23/16.09.46.953720.log]
2025-10-23 22:26:04,079 DEBUG    root            Added [.gcloud/logs/2025.10.23/22.02.34.910079.log]
2025-10-23 22:26:04,079 DEBUG    root            Added [.gcloud/logs/2025.10.23/22.25.49.262495.log]
2025-10-23 22:26:04,079 DEBUG    root            Added [.gcloud/logs/2025.10.23/16.08.28.157600.log]
2025-10-23 22:26:04,079 DEBUG    root            Added [.gcloud/logs/2025.10.23/16.11.52.339027.log]
2025-10-23 22:26:04,080 DEBUG    root            Added [.gcloud/logs/2025.10.23/16.10.53.155331.log]
2025-10-23 22:26:04,080 DEBUG    root            Added [.gcloud/logs/2025.10.23/16.09.04.049683.log]
2025-10-23 22:26:04,080 DEBUG    root            Added [.gcloud/logs/2025.10.23/16.10.22.601411.log]
2025-10-23 22:26:04,080 DEBUG    root            Added [.gcloud/logs/2025.10.23/22.11.20.310282.log]
2025-10-23 22:26:04,080 DEBUG    root            Added [.gcloud/logs/2025.10.23/22.22.53.285940.log]
2025-10-23 22:26:04,081 DEBUG    root            Added [.gcloud/logs/2025.10.23/16.10.14.501176.log]
2025-10-23 22:26:04,081 DEBUG    root            Added [.gcloud/logs/2025.10.23/16.10.22.120732.log]
2025-10-23 22:26:04,081 DEBUG    root            Added [.gcloud/logs/2025.10.23/13.05.51.736589.log]
2025-10-23 22:26:04,081 DEBUG    root            Added [.gcloud/logs/2025.10.23/16.07.25.978181.log]
2025-10-23 22:26:04,081 DEBUG    root            Added [.gcloud/logs/2025.10.23/13.06.46.004744.log]
2025-10-23 22:26:04,082 DEBUG    root            Added [.gcloud/logs/2025.10.23/22.09.19.461532.log]
2025-10-23 22:26:04,082 DEBUG    root            Added [.gcloud/logs/2025.10.23/16.08.46.636817.log]
2025-10-23 22:26:04,082 DEBUG    root            Added [.gcloud/logs/2025.10.23/16.10.37.458213.log]
2025-10-23 22:26:04,082 DEBUG    root            Added [.gcloud/logs/2025.10.23/16.09.56.340445.log]
2025-10-23 22:26:04,082 DEBUG    root            Added [.gcloud/logs/2025.10.23/16.09.03.669761.log]
2025-10-23 22:26:04,083 DEBUG    root            Added [.gcloud/logs/2025.10.23/16.05.51.624441.log]
2025-10-23 22:26:04,083 DEBUG    root            Added [.gcloud/logs/2025.10.23/13.10.03.461795.log]
2025-10-23 22:26:04,083 DEBUG    root            Added [.gcloud/logs/2025.10.23/22.25.33.455005.log]
2025-10-23 22:26:04,083 DEBUG    root            Added [.gcloud/logs/2025.10.23/16.03.59.630216.log]
2025-10-23 22:26:04,083 DEBUG    root            Added [.gcloud/logs/2025.10.23/16.09.20.383389.log]
2025-10-23 22:26:04,084 DEBUG    root            Added [.gcloud/logs/2025.10.23/16.10.59.657919.log]
2025-10-23 22:26:04,084 DEBUG    root            Added [.gcloud/logs/2025.10.23/22.14.10.803111.log]
2025-10-23 22:26:04,084 DEBUG    root            Added [.gcloud/logs/2025.10.23/21.38.07.951105.log]
2025-10-23 22:26:04,084 DEBUG    root            Added [.gcloud/logs/2025.10.23/12.36.34.179122.log]
2025-10-23 22:26:04,084 DEBUG    root            Added [.gcloud/logs/2025.10.23/22.09.57.823900.log]
2025-10-23 22:26:04,084 DEBUG    root            Added [.gcloud/logs/2025.10.23/16.11.44.742959.log]
2025-10-23 22:26:04,085 DEBUG    root            Added [.gcloud/logs/2025.10.23/16.10.13.855703.log]
2025-10-23 22:26:04,085 DEBUG    root            Added [.gcloud/logs/2025.10.23/13.03.54.396536.log]
2025-10-23 22:26:04,085 DEBUG    root            Added [.gcloud/logs/2025.10.23/16.08.22.559074.log]
2025-10-23 22:26:04,085 DEBUG    root            Added [.gcloud/logs/2025.10.23/13.06.44.037692.log]
2025-10-23 22:26:04,085 DEBUG    root            Added [.gcloud/logs/2025.10.23/22.26.02.318420.log]
2025-10-23 22:26:04,085 DEBUG    root            Added [.gcloud/logs/2025.10.23/16.25.27.652601.log]
2025-10-23 22:26:04,086 DEBUG    root            Added [.gcloud/logs/2025.10.23/16.09.11.878496.log]
2025-10-23 22:26:04,086 DEBUG    root            Added [.gcloud/logs/2025.10.23/22.19.35.650935.log]
2025-10-23 22:26:04,086 DEBUG    root            Added [.gcloud/logs/2025.10.23/16.10.29.278445.log]
2025-10-23 22:26:04,086 DEBUG    root            Added [.gcloud/logs/2025.10.23/16.08.22.188236.log]
2025-10-23 22:26:04,087 DEBUG    root            Added [.gcloud/logs/2025.10.23/16.09.47.340699.log]
2025-10-23 22:26:04,087 DEBUG    root            Added [.gcloud/logs/2025.10.23/16.10.29.771916.log]
2025-10-23 22:26:04,087 DEBUG    root            Added [.gcloud/logs/2025.10.23/22.13.10.336815.log]
2025-10-23 22:26:04,087 DEBUG    root            Added [.gcloud/logs/2025.10.23/21.38.08.297126.log]
2025-10-23 22:26:04,087 DEBUG    root            Added [.gcloud/logs/2025.10.23/16.08.15.571878.log]
2025-10-23 22:26:04,087 DEBUG    root            Added [.gcloud/logs/2025.10.23/22.20.47.829660.log]
2025-10-23 22:26:04,088 DEBUG    root            Added [.gcloud/logs/2025.10.23/16.08.15.203292.log]
2025-10-23 22:26:04,088 DEBUG    root            Added [.gcloud/logs/2025.10.23/22.18.08.624820.log]
2025-10-23 22:26:04,088 DEBUG    root            Added [.gcloud/logs/2025.10.23/16.11.34.213337.log]
2025-10-23 22:26:04,088 DEBUG    root            Added [.gcloud/logs/2025.10.23/16.11.06.319582.log]
2025-10-23 22:26:04,089 DEBUG    root            Added [.gcloud/logs/2025.10.23/12.35.07.876940.log]
2025-10-23 22:26:04,089 DEBUG    root            Added [.gcloud/logs/2025.10.23/16.11.45.232575.log]
2025-10-23 22:26:04,089 DEBUG    root            Added [.gcloud/logs/2025.10.23/16.09.28.934330.log]
2025-10-23 22:26:04,089 DEBUG    root            Added [.gcloud/logs/2025.10.23/16.09.20.765951.log]
2025-10-23 22:26:04,089 DEBUG    root            Added [.gcloud/logs/2025.10.23/16.07.46.988773.log]
2025-10-23 22:26:04,090 DEBUG    root            Added [.gcloud/logs/2025.10.23/16.07.38.881123.log]
2025-10-23 22:26:04,090 DEBUG    root            Added [.gcloud/logs/2025.10.23/12.36.20.063690.log]
2025-10-23 22:26:04,090 DEBUG    root            Added [.gcloud/logs/2025.10.23/13.10.03.922483.log]
2025-10-23 22:26:04,093 DEBUG    root            Added [.gcloud/logs/2025.10.23/22.15.40.257714.log]
2025-10-23 22:26:04,094 DEBUG    root            Added [.gcloud/logs/2025.10.23/16.08.37.915428.log]
2025-10-23 22:26:04,094 DEBUG    root            Added [.gcloud/logs/2025.10.23/16.05.58.843791.log]
2025-10-23 22:26:04,097 DEBUG    root            Added [.gcloud/logs/2025.10.23/22.02.35.400184.log]
2025-10-23 22:26:04,097 DEBUG    root            Added [.gcloud/logs/2025.10.23/13.09.53.192776.log]
2025-10-23 22:26:04,098 DEBUG    root            Added [.gcloud/logs/2025.10.23/22.23.45.951875.log]
2025-10-23 22:26:04,098 DEBUG    root            Added [.gcloud/logs/2025.10.23/16.07.38.392773.log]
2025-10-23 22:26:04,101 DEBUG    root            Added [.gcloud/logs/2025.10.23/22.13.10.814152.log]
2025-10-23 22:26:04,102 DEBUG    root            Added [.gcloud/logs/2025.10.23/16.10.36.968412.log]
2025-10-23 22:26:04,102 DEBUG    root            Added [.gcloud/logs/2025.10.23/22.09.19.032694.log]
2025-10-23 22:26:04,102 DEBUG    root            Added [.gcloud/logs/2025.10.23/16.11.27.335652.log]
2025-10-23 22:26:04,105 DEBUG    root            Added [.gcloud/logs/2025.10.23/22.20.48.267481.log]
2025-10-23 22:26:04,106 DEBUG    root            Added [.gcloud/logs/2025.10.23/16.10.53.653005.log]
2025-10-23 22:26:04,106 DEBUG    root            Added [.gcloud/logs/2025.10.23/12.35.35.434023.log]
2025-10-23 22:26:04,106 DEBUG    root            Added [.gcloud/logs/2025.10.23/16.09.56.759416.log]
2025-10-23 22:26:04,106 DEBUG    root            Added [.gcloud/logs/2025.10.23/22.25.48.887791.log]
2025-10-23 22:26:04,107 DEBUG    root            Added [.gcloud/logs/2025.10.23/13.05.51.064198.log]
2025-10-23 22:26:04,107 DEBUG    root            Added [.gcloud/logs/2025.10.23/13.09.45.577221.log]
2025-10-23 22:26:04,107 DEBUG    root            Added [.gcloud/logs/2025.10.23/22.05.09.828665.log]
2025-10-23 22:26:04,107 DEBUG    root            Added [.gcloud/logs/2025.10.23/16.06.14.351019.log]
2025-10-23 22:26:04,107 DEBUG    root            Added [.gcloud/logs/2025.10.23/16.08.56.741496.log]
2025-10-23 22:26:04,108 DEBUG    root            Added [.gcloud/logs/2025.10.23/13.09.52.724636.log]
2025-10-23 22:26:04,110 DEBUG    root            Added [.gcloud/logs/2025.10.23/22.11.20.735128.log]
2025-10-23 22:26:04,110 DEBUG    root            Added [.gcloud/logs/2025.10.23/12.46.38.684980.log]
2025-10-23 22:26:04,111 DEBUG    root            Added [.gcloud/logs/2025.10.23/22.15.39.829684.log]
2025-10-23 22:26:04,111 DEBUG    root            Added [.gcloud/logs/2025.10.23/12.21.35.946606.log]
2025-10-23 22:26:04,111 DEBUG    root            Added [.gcloud/logs/2025.10.23/16.08.47.018630.log]
2025-10-23 22:26:04,112 DEBUG    root            Added [.gcloud/logs/2025.10.23/16.11.20.899492.log]
2025-10-23 22:26:04,112 DEBUG    root            Added [.gcloud/logs/2025.10.23/21.37.59.635076.log]
2025-10-23 22:26:04,112 DEBUG    root            Added [.gcloud/logs/2025.10.23/16.10.46.572803.log]
2025-10-23 22:26:04,115 DEBUG    root            Added [.gcloud/logs/2025.10.23/22.18.09.055532.log]
2025-10-23 22:26:04,115 DEBUG    root            Added [.gcloud/logs/2025.10.23/13.03.43.644198.log]
2025-10-23 22:26:04,115 DEBUG    root            Added [.gcloud/virtenv/pyvenv.cfg]
2025-10-23 22:26:04,115 DEBUG    root            Added [.gcloud/virtenv/update_module.log]
2025-10-23 22:26:04,178 DEBUG    root            Added [.gcloud/virtenv/install_module.log]
2025-10-23 22:26:04,179 DEBUG    root            Added [.gcloud/virtenv/enabled]
2025-10-23 22:26:04,179 DEBUG    root            Added [.gcloud/virtenv/bin/Activate.ps1]
2025-10-23 22:26:04,179 DEBUG    root            Added [.gcloud/virtenv/bin/python3]
2025-10-23 22:26:04,179 DEBUG    root            Added [.gcloud/virtenv/bin/pip3.12]
2025-10-23 22:26:04,179 DEBUG    root            Added [.gcloud/virtenv/bin/python]
2025-10-23 22:26:04,180 DEBUG    root            Added [.gcloud/virtenv/bin/pip3]
2025-10-23 22:26:04,180 DEBUG    root            Added [.gcloud/virtenv/bin/activate.fish]
2025-10-23 22:26:04,180 DEBUG    root            Added [.gcloud/virtenv/bin/pip]
2025-10-23 22:26:04,180 DEBUG    root            Added [.gcloud/virtenv/bin/activate]
2025-10-23 22:26:04,180 DEBUG    root            Added [.gcloud/virtenv/bin/python3.12]
2025-10-23 22:26:04,180 DEBUG    root            Added [.gcloud/virtenv/bin/activate.csh]
2025-10-23 22:26:04,180 DEBUG    root            Added [.gcloud/virtenv/lib/python3.12/site-packages/distutils-precedence.pth]
2025-10-23 22:26:04,200 DEBUG    root            Added [.gcloud/virtenv/lib/python3.12/site-packages/_cffi_backend.cpython-312-darwin.so]
2025-10-23 22:26:04,215 DEBUG    root            Added [.gcloud/virtenv/lib/python3.12/site-packages/typing_extensions.py]
2025-10-23 22:26:04,215 DEBUG    root            Added [.gcloud/virtenv/lib/python3.12/site-packages/google_crc32c/_checksum.py]
2025-10-23 22:26:04,215 DEBUG    root            Added [.gcloud/virtenv/lib/python3.12/site-packages/google_crc32c/cext.py]
2025-10-23 22:26:04,215 DEBUG    root            Added [.gcloud/virtenv/lib/python3.12/site-packages/google_crc32c/__init__.py]
2025-10-23 22:26:04,215 DEBUG    root            Added [.gcloud/virtenv/lib/python3.12/site-packages/google_crc32c/__config__.py]
2025-10-23 22:26:04,217 DEBUG    root            Added [.gcloud/virtenv/lib/python3.12/site-packages/google_crc32c/python.py]
2025-10-23 22:26:04,217 DEBUG    root            Added [.gcloud/virtenv/lib/python3.12/site-packages/google_crc32c/py.typed]
2025-10-23 22:26:04,219 DEBUG    root            Added [.gcloud/virtenv/lib/python3.12/site-packages/google_crc32c/_crc32c.cpython-312-darwin.so]
2025-10-23 22:26:04,222 DEBUG    root            Added [.gcloud/virtenv/lib/python3.12/site-packages/google_crc32c/.dylibs/libcrc32c.1.1.0.dylib]
2025-10-23 22:26:04,224 DEBUG    root            Added [.gcloud/virtenv/lib/python3.12/site-packages/pip-24.3.1.dist-info/RECORD]
2025-10-23 22:26:04,224 DEBUG    root            Added [.gcloud/virtenv/lib/python3.12/site-packages/pip-24.3.1.dist-info/WHEEL]
2025-10-23 22:26:04,224 DEBUG    root            Added [.gcloud/virtenv/lib/python3.12/site-packages/pip-24.3.1.dist-info/entry_points.txt]
2025-10-23 22:26:04,224 DEBUG    root            Added [.gcloud/virtenv/lib/python3.12/site-packages/pip-24.3.1.dist-info/top_level.txt]
2025-10-23 22:26:04,224 DEBUG    root            Added [.gcloud/virtenv/lib/python3.12/site-packages/pip-24.3.1.dist-info/LICENSE.txt]
2025-10-23 22:26:04,224 DEBUG    root            Added [.gcloud/virtenv/lib/python3.12/site-packages/pip-24.3.1.dist-info/AUTHORS.txt]
2025-10-23 22:26:04,224 DEBUG    root            Added [.gcloud/virtenv/lib/python3.12/site-packages/pip-24.3.1.dist-info/REQUESTED]
2025-10-23 22:26:04,224 DEBUG    root            Added [.gcloud/virtenv/lib/python3.12/site-packages/pip-24.3.1.dist-info/INSTALLER]
2025-10-23 22:26:04,225 DEBUG    root            Added [.gcloud/virtenv/lib/python3.12/site-packages/pip-24.3.1.dist-info/METADATA]
2025-10-23 22:26:04,225 DEBUG    root            Added [.gcloud/virtenv/lib/python3.12/site-packages/crcmod-1.7.dist-info/RECORD]
2025-10-23 22:26:04,225 DEBUG    root            Added [.gcloud/virtenv/lib/python3.12/site-packages/crcmod-1.7.dist-info/WHEEL]
2025-10-23 22:26:04,226 DEBUG    root            Added [.gcloud/virtenv/lib/python3.12/site-packages/crcmod-1.7.dist-info/top_level.txt]
2025-10-23 22:26:04,226 DEBUG    root            Added [.gcloud/virtenv/lib/python3.12/site-packages/crcmod-1.7.dist-info/REQUESTED]
2025-10-23 22:26:04,226 DEBUG    root            Added [.gcloud/virtenv/lib/python3.12/site-packages/crcmod-1.7.dist-info/INSTALLER]
2025-10-23 22:26:04,226 DEBUG    root            Added [.gcloud/virtenv/lib/python3.12/site-packages/crcmod-1.7.dist-info/METADATA]
2025-10-23 22:26:04,226 DEBUG    root            Added [.gcloud/virtenv/lib/python3.12/site-packages/crcmod-1.7.dist-info/licenses/LICENSE]
2025-10-23 22:26:04,231 DEBUG    root            Added [.gcloud/virtenv/lib/python3.12/site-packages/pycparser/c_parser.py]
2025-10-23 22:26:04,231 DEBUG    root            Added [.gcloud/virtenv/lib/python3.12/site-packages/pycparser/_ast_gen.py]
2025-10-23 22:26:04,231 DEBUG    root            Added [.gcloud/virtenv/lib/python3.12/site-packages/pycparser/__init__.py]
2025-10-23 22:26:04,234 DEBUG    root            Added [.gcloud/virtenv/lib/python3.12/site-packages/pycparser/_c_ast.cfg]
2025-10-23 22:26:04,234 DEBUG    root            Added [.gcloud/virtenv/lib/python3.12/site-packages/pycparser/c_ast.py]
2025-10-23 22:26:04,235 DEBUG    root            Added [.gcloud/virtenv/lib/python3.12/site-packages/pycparser/plyparser.py]
2025-10-23 22:26:04,235 DEBUG    root            Added [.gcloud/virtenv/lib/python3.12/site-packages/pycparser/_build_tables.py]
2025-10-23 22:26:04,235 DEBUG    root            Added [.gcloud/virtenv/lib/python3.12/site-packages/pycparser/ast_transforms.py]
2025-10-23 22:26:04,244 DEBUG    root            Added [.gcloud/virtenv/lib/python3.12/site-packages/pycparser/yacctab.py]
2025-10-23 22:26:04,244 DEBUG    root            Added [.gcloud/virtenv/lib/python3.12/site-packages/pycparser/c_generator.py]
2025-10-23 22:26:04,245 DEBUG    root            Added [.gcloud/virtenv/lib/python3.12/site-packages/pycparser/c_lexer.py]
2025-10-23 22:26:04,245 DEBUG    root            Added [.gcloud/virtenv/lib/python3.12/site-packages/pycparser/lextab.py]
2025-10-23 22:26:04,259 DEBUG    root            Added [.gcloud/virtenv/lib/python3.12/site-packages/pycparser/ply/yacc.py]
2025-10-23 22:26:04,262 DEBUG    root            Added [.gcloud/virtenv/lib/python3.12/site-packages/pycparser/ply/lex.py]
2025-10-23 22:26:04,262 DEBUG    root            Added [.gcloud/virtenv/lib/python3.12/site-packages/pycparser/ply/ctokens.py]
2025-10-23 22:26:04,265 DEBUG    root            Added [.gcloud/virtenv/lib/python3.12/site-packages/pycparser/ply/__init__.py]
2025-10-23 22:26:04,267 DEBUG    root            Added [.gcloud/virtenv/lib/python3.12/site-packages/pycparser/ply/cpp.py]
2025-10-23 22:26:04,267 DEBUG    root            Added [.gcloud/virtenv/lib/python3.12/site-packages/pycparser/ply/ygen.py]
2025-10-23 22:26:04,267 DEBUG    root            Added [.gcloud/virtenv/lib/python3.12/site-packages/grpc/_typing.py]
2025-10-23 22:26:04,267 DEBUG    root            Added [.gcloud/virtenv/lib/python3.12/site-packages/grpc/_compression.py]
2025-10-23 22:26:04,275 DEBUG    root            Added [.gcloud/virtenv/lib/python3.12/site-packages/grpc/_channel.py]
2025-10-23 22:26:04,275 DEBUG    root            Added [.gcloud/virtenv/lib/python3.12/site-packages/grpc/_common.py]
2025-10-23 22:26:04,281 DEBUG    root            Added [.gcloud/virtenv/lib/python3.12/site-packages/grpc/__init__.py]
2025-10-23 22:26:04,282 DEBUG    root            Added [.gcloud/virtenv/lib/python3.12/site-packages/grpc/_utilities.py]
2025-10-23 22:26:04,283 DEBUG    root            Added [.gcloud/virtenv/lib/python3.12/site-packages/grpc/_simple_stubs.py]
2025-10-23 22:26:04,285 DEBUG    root            Added [.gcloud/virtenv/lib/python3.12/site-packages/grpc/_observability.py]
2025-10-23 22:26:04,285 DEBUG    root            Added [.gcloud/virtenv/lib/python3.12/site-packages/grpc/_plugin_wrapping.py]
2025-10-23 22:26:04,286 DEBUG    root            Added [.gcloud/virtenv/lib/python3.12/site-packages/grpc/_interceptor.py]
2025-10-23 22:26:04,286 DEBUG    root            Added [.gcloud/virtenv/lib/python3.12/site-packages/grpc/_grpcio_metadata.py]
2025-10-23 22:26:04,291 DEBUG    root            Added [.gcloud/virtenv/lib/python3.12/site-packages/grpc/_server.py]
2025-10-23 22:26:04,291 DEBUG    root            Added [.gcloud/virtenv/lib/python3.12/site-packages/grpc/_runtime_protos.py]
2025-10-23 22:26:04,291 DEBUG    root            Added [.gcloud/virtenv/lib/python3.12/site-packages/grpc/_auth.py]
2025-10-23 22:26:04,294 DEBUG    root            Added [.gcloud/virtenv/lib/python3.12/site-packages/grpc/beta/_server_adaptations.py]
2025-10-23 22:26:04,294 DEBUG    root            Added [.gcloud/virtenv/lib/python3.12/site-packages/grpc/beta/interfaces.py]
2025-10-23 22:26:04,295 DEBUG    root            Added [.gcloud/virtenv/lib/python3.12/site-packages/grpc/beta/_metadata.py]
2025-10-23 22:26:04,295 DEBUG    root            Added [.gcloud/virtenv/lib/python3.12/site-packages/grpc/beta/__init__.py]
2025-10-23 22:26:04,296 DEBUG    root            Added [.gcloud/virtenv/lib/python3.12/site-packages/grpc/beta/utilities.py]
2025-10-23 22:26:04,297 DEBUG    root            Added [.gcloud/virtenv/lib/python3.12/site-packages/grpc/beta/implementations.py]
2025-10-23 22:26:04,298 DEBUG    root            Added [.gcloud/virtenv/lib/python3.12/site-packages/grpc/beta/_client_adaptations.py]
2025-10-23 22:26:04,299 DEBUG    root            Added [.gcloud/virtenv/lib/python3.12/site-packages/grpc/experimental/gevent.py]
2025-10-23 22:26:04,300 DEBUG    root            Added [.gcloud/virtenv/lib/python3.12/site-packages/grpc/experimental/__init__.py]
2025-10-23 22:26:04,300 DEBUG    root            Added [.gcloud/virtenv/lib/python3.12/site-packages/grpc/experimental/session_cache.py]
2025-10-23 22:26:04,300 DEBUG    root            Added [.gcloud/virtenv/lib/python3.12/site-packages/grpc/experimental/aio/__init__.py]
2025-10-23 22:26:04,300 DEBUG    root            Added [.gcloud/virtenv/lib/python3.12/site-packages/grpc/framework/__init__.py]
2025-10-23 22:26:04,300 DEBUG    root            Added [.gcloud/virtenv/lib/python3.12/site-packages/grpc/framework/foundation/callable_util.py]
2025-10-23 22:26:04,301 DEBUG    root            Added [.gcloud/virtenv/lib/python3.12/site-packages/grpc/framework/foundation/abandonment.py]
2025-10-23 22:26:04,301 DEBUG    root            Added [.gcloud/virtenv/lib/python3.12/site-packages/grpc/framework/foundation/__init__.py]
2025-10-23 22:26:04,301 DEBUG    root            Added [.gcloud/virtenv/lib/python3.12/site-packages/grpc/framework/foundation/stream.py]
2025-10-23 22:26:04,301 DEBUG    root            Added [.gcloud/virtenv/lib/python3.12/site-packages/grpc/framework/foundation/stream_util.py]
2025-10-23 22:26:04,302 DEBUG    root            Added [.gcloud/virtenv/lib/python3.12/site-packages/grpc/framework/foundation/future.py]
2025-10-23 22:26:04,302 DEBUG    root            Added [.gcloud/virtenv/lib/python3.12/site-packages/grpc/framework/foundation/logging_pool.py]
2025-10-23 22:26:04,302 DEBUG    root            Added [.gcloud/virtenv/lib/python3.12/site-packages/grpc/framework/common/style.py]
2025-10-23 22:26:04,302 DEBUG    root            Added [.gcloud/virtenv/lib/python3.12/site-packages/grpc/framework/common/cardinality.py]
2025-10-23 22:26:04,303 DEBUG    root            Added [.gcloud/virtenv/lib/python3.12/site-packages/grpc/framework/common/__init__.py]
2025-10-23 22:26:04,303 DEBUG    root            Added [.gcloud/virtenv/lib/python3.12/site-packages/grpc/framework/interfaces/__init__.py]
2025-10-23 22:26:04,303 DEBUG    root            Added [.gcloud/virtenv/lib/python3.12/site-packages/grpc/framework/interfaces/face/__init__.py]
2025-10-23 22:26:04,304 DEBUG    root            Added [.gcloud/virtenv/lib/python3.12/site-packages/grpc/framework/interfaces/face/utilities.py]
2025-10-23 22:26:04,304 DEBUG    root            Added [.gcloud/virtenv/lib/python3.12/site-packages/grpc/framework/interfaces/face/face.py]
2025-10-23 22:26:04,305 DEBUG    root            Added [.gcloud/virtenv/lib/python3.12/site-packages/grpc/framework/interfaces/base/__init__.py]
2025-10-23 22:26:04,305 DEBUG    root            Added [.gcloud/virtenv/lib/python3.12/site-packages/grpc/framework/interfaces/base/utilities.py]
2025-10-23 22:26:04,305 DEBUG    root            Added [.gcloud/virtenv/lib/python3.12/site-packages/grpc/framework/interfaces/base/base.py]
2025-10-23 22:26:04,306 DEBUG    root            Added [.gcloud/virtenv/lib/python3.12/site-packages/grpc/aio/_base_server.py]
2025-10-23 22:26:04,307 DEBUG    root            Added [.gcloud/virtenv/lib/python3.12/site-packages/grpc/aio/_metadata.py]
2025-10-23 22:26:04,307 DEBUG    root            Added [.gcloud/virtenv/lib/python3.12/site-packages/grpc/aio/_typing.py]
2025-10-23 22:26:04,309 DEBUG    root            Added [.gcloud/virtenv/lib/python3.12/site-packages/grpc/aio/_call.py]
2025-10-23 22:26:04,311 DEBUG    root            Added [.gcloud/virtenv/lib/python3.12/site-packages/grpc/aio/_channel.py]
2025-10-23 22:26:04,311 DEBUG    root            Added [.gcloud/virtenv/lib/python3.12/site-packages/grpc/aio/__init__.py]
2025-10-23 22:26:04,311 DEBUG    root            Added [.gcloud/virtenv/lib/python3.12/site-packages/grpc/aio/_base_channel.py]
2025-10-23 22:26:04,314 DEBUG    root            Added [.gcloud/virtenv/lib/python3.12/site-packages/grpc/aio/_interceptor.py]
2025-10-23 22:26:04,314 DEBUG    root            Added [.gcloud/virtenv/lib/python3.12/site-packages/grpc/aio/_server.py]
2025-10-23 22:26:04,314 DEBUG    root            Added [.gcloud/virtenv/lib/python3.12/site-packages/grpc/aio/_base_call.py]
2025-10-23 22:26:04,315 DEBUG    root            Added [.gcloud/virtenv/lib/python3.12/site-packages/grpc/aio/_utils.py]
2025-10-23 22:26:04,316 DEBUG    root            Added [.gcloud/virtenv/lib/python3.12/site-packages/grpc/_cython/__init__.py]
2025-10-23 22:26:07,361 DEBUG    root            Added [.gcloud/virtenv/lib/python3.12/site-packages/grpc/_cython/cygrpc.cpython-312-darwin.so]
2025-10-23 22:26:07,361 DEBUG    root            Added [.gcloud/virtenv/lib/python3.12/site-packages/grpc/_cython/_cygrpc/__init__.py]
2025-10-23 22:26:07,367 DEBUG    root            Added [.gcloud/virtenv/lib/python3.12/site-packages/grpc/_cython/_credentials/roots.pem]
2025-10-23 22:26:07,367 DEBUG    root            Added [.gcloud/virtenv/lib/python3.12/site-packages/cryptography/__init__.py]
2025-10-23 22:26:07,367 DEBUG    root            Added [.gcloud/virtenv/lib/python3.12/site-packages/cryptography/utils.py]
2025-10-23 22:26:07,367 DEBUG    root            Added [.gcloud/virtenv/lib/python3.12/site-packages/cryptography/__about__.py]
2025-10-23 22:26:07,367 DEBUG    root            Added [.gcloud/virtenv/lib/python3.12/site-packages/cryptography/py.typed]
2025-10-23 22:26:07,368 DEBUG    root            Added [.gcloud/virtenv/lib/python3.12/site-packages/cryptography/exceptions.py]
2025-10-23 22:26:07,368 DEBUG    root            Added [.gcloud/virtenv/lib/python3.12/site-packages/cryptography/fernet.py]
2025-10-23 22:26:07,368 DEBUG    root            Added [.gcloud/virtenv/lib/python3.12/site-packages/cryptography/hazmat/__init__.py]
2025-10-23 22:26:07,368 DEBUG    root            Added [.gcloud/virtenv/lib/python3.12/site-packages/cryptography/hazmat/_oid.py]
2025-10-23 22:26:07,369 DEBUG    root            Added [.gcloud/virtenv/lib/python3.12/site-packages/cryptography/hazmat/backends/__init__.py]
2025-10-23 22:26:07,369 DEBUG    root            Added [.gcloud/virtenv/lib/python3.12/site-packages/cryptography/hazmat/backends/openssl/backend.py]
2025-10-23 22:26:07,372 DEBUG    root            Added [.gcloud/virtenv/lib/python3.12/site-packages/cryptography/hazmat/backends/openssl/ciphers.py]
2025-10-23 22:26:07,373 DEBUG    root            Added [.gcloud/virtenv/lib/python3.12/site-packages/cryptography/hazmat/backends/openssl/aead.py]
2025-10-23 22:26:07,373 DEBUG    root            Added [.gcloud/virtenv/lib/python3.12/site-packages/cryptography/hazmat/backends/openssl/__init__.py]
2025-10-23 22:26:07,373 DEBUG    root            Added [.gcloud/virtenv/lib/python3.12/site-packages/cryptography/hazmat/backends/openssl/decode_asn1.py]
2025-10-23 22:26:07,375 DEBUG    root            Added [.gcloud/virtenv/lib/python3.12/site-packages/cryptography/hazmat/primitives/_serialization.py]
2025-10-23 22:26:07,375 DEBUG    root            Added [.gcloud/virtenv/lib/python3.12/site-packages/cryptography/hazmat/primitives/cmac.py]
2025-10-23 22:26:07,376 DEBUG    root            Added [.gcloud/virtenv/lib/python3.12/site-packages/cryptography/hazmat/primitives/_asymmetric.py]
2025-10-23 22:26:07,376 DEBUG    root            Added [.gcloud/virtenv/lib/python3.12/site-packages/cryptography/hazmat/primitives/__init__.py]
2025-10-23 22:26:07,376 DEBUG    root            Added [.gcloud/virtenv/lib/python3.12/site-packages/cryptography/hazmat/primitives/_cipheralgorithm.py]
2025-10-23 22:26:07,376 DEBUG    root            Added [.gcloud/virtenv/lib/python3.12/site-packages/cryptography/hazmat/primitives/poly1305.py]
2025-10-23 22:26:07,376 DEBUG    root            Added [.gcloud/virtenv/lib/python3.12/site-packages/cryptography/hazmat/primitives/constant_time.py]
2025-10-23 22:26:07,376 DEBUG    root            Added [.gcloud/virtenv/lib/python3.12/site-packages/cryptography/hazmat/primitives/keywrap.py]
2025-10-23 22:26:07,376 DEBUG    root            Added [.gcloud/virtenv/lib/python3.12/site-packages/cryptography/hazmat/primitives/hmac.py]
2025-10-23 22:26:07,377 DEBUG    root            Added [.gcloud/virtenv/lib/python3.12/site-packages/cryptography/hazmat/primitives/hashes.py]
2025-10-23 22:26:07,377 DEBUG    root            Added [.gcloud/virtenv/lib/python3.12/site-packages/cryptography/hazmat/primitives/padding.py]
2025-10-23 22:26:07,377 DEBUG    root            Added [.gcloud/virtenv/lib/python3.12/site-packages/cryptography/hazmat/primitives/kdf/__init__.py]
2025-10-23 22:26:07,378 DEBUG    root            Added [.gcloud/virtenv/lib/python3.12/site-packages/cryptography/hazmat/primitives/kdf/scrypt.py]
2025-10-23 22:26:07,378 DEBUG    root            Added [.gcloud/virtenv/lib/python3.12/site-packages/cryptography/hazmat/primitives/kdf/pbkdf2.py]
2025-10-23 22:26:07,378 DEBUG    root            Added [.gcloud/virtenv/lib/python3.12/site-packages/cryptography/hazmat/primitives/kdf/hkdf.py]
2025-10-23 22:26:07,378 DEBUG    root            Added [.gcloud/virtenv/lib/python3.12/site-packages/cryptography/hazmat/primitives/kdf/x963kdf.py]
2025-10-23 22:26:07,379 DEBUG    root            Added [.gcloud/virtenv/lib/python3.12/site-packages/cryptography/hazmat/primitives/kdf/kbkdf.py]
2025-10-23 22:26:07,379 DEBUG    root            Added [.gcloud/virtenv/lib/python3.12/site-packages/cryptography/hazmat/primitives/kdf/concatkdf.py]
2025-10-23 22:26:07,379 DEBUG    root            Added [.gcloud/virtenv/lib/python3.12/site-packages/cryptography/hazmat/primitives/twofactor/totp.py]
2025-10-23 22:26:07,379 DEBUG    root            Added [.gcloud/virtenv/lib/python3.12/site-packages/cryptography/hazmat/primitives/twofactor/__init__.py]
2025-10-23 22:26:07,379 DEBUG    root            Added [.gcloud/virtenv/lib/python3.12/site-packages/cryptography/hazmat/primitives/twofactor/hotp.py]
2025-10-23 22:26:07,380 DEBUG    root            Added [.gcloud/virtenv/lib/python3.12/site-packages/cryptography/hazmat/primitives/serialization/__init__.py]
2025-10-23 22:26:07,381 DEBUG    root            Added [.gcloud/virtenv/lib/python3.12/site-packages/cryptography/hazmat/primitives/serialization/pkcs12.py]
2025-10-23 22:26:07,381 DEBUG    root            Added [.gcloud/virtenv/lib/python3.12/site-packages/cryptography/hazmat/primitives/serialization/pkcs7.py]
2025-10-23 22:26:07,384 DEBUG    root            Added [.gcloud/virtenv/lib/python3.12/site-packages/cryptography/hazmat/primitives/serialization/ssh.py]
2025-10-23 22:26:07,384 DEBUG    root            Added [.gcloud/virtenv/lib/python3.12/site-packages/cryptography/hazmat/primitives/serialization/base.py]
2025-10-23 22:26:07,385 DEBUG    root            Added [.gcloud/virtenv/lib/python3.12/site-packages/cryptography/hazmat/primitives/ciphers/algorithms.py]
2025-10-23 22:26:07,386 DEBUG    root            Added [.gcloud/virtenv/lib/python3.12/site-packages/cryptography/hazmat/primitives/ciphers/aead.py]
2025-10-23 22:26:07,386 DEBUG    root            Added [.gcloud/virtenv/lib/python3.12/site-packages/cryptography/hazmat/primitives/ciphers/__init__.py]
2025-10-23 22:26:07,386 DEBUG    root            Added [.gcloud/virtenv/lib/python3.12/site-packages/cryptography/hazmat/primitives/ciphers/modes.py]
2025-10-23 22:26:07,386 DEBUG    root            Added [.gcloud/virtenv/lib/python3.12/site-packages/cryptography/hazmat/primitives/ciphers/base.py]
2025-10-23 22:26:07,388 DEBUG    root            Added [.gcloud/virtenv/lib/python3.12/site-packages/cryptography/hazmat/primitives/asymmetric/x448.py]
2025-10-23 22:26:07,388 DEBUG    root            Added [.gcloud/virtenv/lib/python3.12/site-packages/cryptography/hazmat/primitives/asymmetric/ec.py]
2025-10-23 22:26:07,388 DEBUG    root            Added [.gcloud/virtenv/lib/python3.12/site-packages/cryptography/hazmat/primitives/asymmetric/rsa.py]
2025-10-23 22:26:07,388 DEBUG    root            Added [.gcloud/virtenv/lib/python3.12/site-packages/cryptography/hazmat/primitives/asymmetric/dh.py]
2025-10-23 22:26:07,388 DEBUG    root            Added [.gcloud/virtenv/lib/python3.12/site-packages/cryptography/hazmat/primitives/asymmetric/__init__.py]
2025-10-23 22:26:07,389 DEBUG    root            Added [.gcloud/virtenv/lib/python3.12/site-packages/cryptography/hazmat/primitives/asymmetric/types.py]
2025-10-23 22:26:07,389 DEBUG    root            Added [.gcloud/virtenv/lib/python3.12/site-packages/cryptography/hazmat/primitives/asymmetric/utils.py]
2025-10-23 22:26:07,389 DEBUG    root            Added [.gcloud/virtenv/lib/python3.12/site-packages/cryptography/hazmat/primitives/asymmetric/ed25519.py]
2025-10-23 22:26:07,389 DEBUG    root            Added [.gcloud/virtenv/lib/python3.12/site-packages/cryptography/hazmat/primitives/asymmetric/dsa.py]
2025-10-23 22:26:07,389 DEBUG    root            Added [.gcloud/virtenv/lib/python3.12/site-packages/cryptography/hazmat/primitives/asymmetric/ed448.py]
2025-10-23 22:26:07,390 DEBUG    root            Added [.gcloud/virtenv/lib/python3.12/site-packages/cryptography/hazmat/primitives/asymmetric/x25519.py]
2025-10-23 22:26:07,390 DEBUG    root            Added [.gcloud/virtenv/lib/python3.12/site-packages/cryptography/hazmat/primitives/asymmetric/padding.py]
2025-10-23 22:26:07,390 DEBUG    root            Added [.gcloud/virtenv/lib/python3.12/site-packages/cryptography/hazmat/bindings/__init__.py]
2025-10-23 22:26:08,922 DEBUG    root            Added [.gcloud/virtenv/lib/python3.12/site-packages/cryptography/hazmat/bindings/_rust.abi3.so]
2025-10-23 22:26:08,922 DEBUG    root            Added [.gcloud/virtenv/lib/python3.12/site-packages/cryptography/hazmat/bindings/_rust/_openssl.pyi]
2025-10-23 22:26:08,922 DEBUG    root            Added [.gcloud/virtenv/lib/python3.12/site-packages/cryptography/hazmat/bindings/_rust/__init__.pyi]
2025-10-23 22:26:08,923 DEBUG    root            Added [.gcloud/virtenv/lib/python3.12/site-packages/cryptography/hazmat/bindings/_rust/x509.pyi]
2025-10-23 22:26:08,923 DEBUG    root            Added [.gcloud/virtenv/lib/python3.12/site-packages/cryptography/hazmat/bindings/_rust/exceptions.pyi]
2025-10-23 22:26:08,923 DEBUG    root            Added [.gcloud/virtenv/lib/python3.12/site-packages/cryptography/hazmat/bindings/_rust/ocsp.pyi]
2025-10-23 22:26:08,923 DEBUG    root            Added [.gcloud/virtenv/lib/python3.12/site-packages/cryptography/hazmat/bindings/_rust/asn1.pyi]
2025-10-23 22:26:08,923 DEBUG    root            Added [.gcloud/virtenv/lib/python3.12/site-packages/cryptography/hazmat/bindings/_rust/pkcs7.pyi]
2025-10-23 22:26:08,923 DEBUG    root            Added [.gcloud/virtenv/lib/python3.12/site-packages/cryptography/hazmat/bindings/_rust/openssl/ed25519.pyi]
2025-10-23 22:26:08,923 DEBUG    root            Added [.gcloud/virtenv/lib/python3.12/site-packages/cryptography/hazmat/bindings/_rust/openssl/ec.pyi]
2025-10-23 22:26:08,923 DEBUG    root            Added [.gcloud/virtenv/lib/python3.12/site-packages/cryptography/hazmat/bindings/_rust/openssl/dsa.pyi]
2025-10-23 22:26:08,924 DEBUG    root            Added [.gcloud/virtenv/lib/python3.12/site-packages/cryptography/hazmat/bindings/_rust/openssl/cmac.pyi]
2025-10-23 22:26:08,924 DEBUG    root            Added [.gcloud/virtenv/lib/python3.12/site-packages/cryptography/hazmat/bindings/_rust/openssl/__init__.pyi]
2025-10-23 22:26:08,924 DEBUG    root            Added [.gcloud/virtenv/lib/python3.12/site-packages/cryptography/hazmat/bindings/_rust/openssl/hashes.pyi]
2025-10-23 22:26:08,924 DEBUG    root            Added [.gcloud/virtenv/lib/python3.12/site-packages/cryptography/hazmat/bindings/_rust/openssl/kdf.pyi]
2025-10-23 22:26:08,924 DEBUG    root            Added [.gcloud/virtenv/lib/python3.12/site-packages/cryptography/hazmat/bindings/_rust/openssl/rsa.pyi]
2025-10-23 22:26:08,925 DEBUG    root            Added [.gcloud/virtenv/lib/python3.12/site-packages/cryptography/hazmat/bindings/_rust/openssl/keys.pyi]
2025-10-23 22:26:08,925 DEBUG    root            Added [.gcloud/virtenv/lib/python3.12/site-packages/cryptography/hazmat/bindings/_rust/openssl/x448.pyi]
2025-10-23 22:26:08,925 DEBUG    root            Added [.gcloud/virtenv/lib/python3.12/site-packages/cryptography/hazmat/bindings/_rust/openssl/x25519.pyi]
2025-10-23 22:26:08,925 DEBUG    root            Added [.gcloud/virtenv/lib/python3.12/site-packages/cryptography/hazmat/bindings/_rust/openssl/ed448.pyi]
2025-10-23 22:26:08,925 DEBUG    root            Added [.gcloud/virtenv/lib/python3.12/site-packages/cryptography/hazmat/bindings/_rust/openssl/poly1305.pyi]
2025-10-23 22:26:08,925 DEBUG    root            Added [.gcloud/virtenv/lib/python3.12/site-packages/cryptography/hazmat/bindings/_rust/openssl/aead.pyi]
2025-10-23 22:26:08,925 DEBUG    root            Added [.gcloud/virtenv/lib/python3.12/site-packages/cryptography/hazmat/bindings/_rust/openssl/dh.pyi]
2025-10-23 22:26:08,925 DEBUG    root            Added [.gcloud/virtenv/lib/python3.12/site-packages/cryptography/hazmat/bindings/_rust/openssl/hmac.pyi]
2025-10-23 22:26:08,926 DEBUG    root            Added [.gcloud/virtenv/lib/python3.12/site-packages/cryptography/hazmat/bindings/openssl/__init__.py]
2025-10-23 22:26:08,926 DEBUG    root            Added [.gcloud/virtenv/lib/python3.12/site-packages/cryptography/hazmat/bindings/openssl/_conditional.py]
2025-10-23 22:26:08,926 DEBUG    root            Added [.gcloud/virtenv/lib/python3.12/site-packages/cryptography/hazmat/bindings/openssl/binding.py]
2025-10-23 22:26:08,926 DEBUG    root            Added [.gcloud/virtenv/lib/python3.12/site-packages/cryptography/x509/oid.py]
2025-10-23 22:26:08,926 DEBUG    root            Added [.gcloud/virtenv/lib/python3.12/site-packages/cryptography/x509/verification.py]
2025-10-23 22:26:08,927 DEBUG    root            Added [.gcloud/virtenv/lib/python3.12/site-packages/cryptography/x509/ocsp.py]
2025-10-23 22:26:08,927 DEBUG    root            Added [.gcloud/virtenv/lib/python3.12/site-packages/cryptography/x509/general_name.py]
2025-10-23 22:26:08,928 DEBUG    root            Added [.gcloud/virtenv/lib/python3.12/site-packages/cryptography/x509/__init__.py]
2025-10-23 22:26:08,932 DEBUG    root            Added [.gcloud/virtenv/lib/python3.12/site-packages/cryptography/x509/extensions.py]
2025-10-23 22:26:08,933 DEBUG    root            Added [.gcloud/virtenv/lib/python3.12/site-packages/cryptography/x509/name.py]
2025-10-23 22:26:08,935 DEBUG    root            Added [.gcloud/virtenv/lib/python3.12/site-packages/cryptography/x509/base.py]
2025-10-23 22:26:08,935 DEBUG    root            Added [.gcloud/virtenv/lib/python3.12/site-packages/cryptography/x509/certificate_transparency.py]
2025-10-23 22:26:08,937 DEBUG    root            Added [.gcloud/virtenv/lib/python3.12/site-packages/cffi/_cffi_include.h]
2025-10-23 22:26:08,937 DEBUG    root            Added [.gcloud/virtenv/lib/python3.12/site-packages/cffi/_imp_emulation.py]
2025-10-23 22:26:08,941 DEBUG    root            Added [.gcloud/virtenv/lib/python3.12/site-packages/cffi/backend_ctypes.py]
2025-10-23 22:26:08,941 DEBUG    root            Added [.gcloud/virtenv/lib/python3.12/site-packages/cffi/error.py]
2025-10-23 22:26:08,941 DEBUG    root            Added [.gcloud/virtenv/lib/python3.12/site-packages/cffi/setuptools_ext.py]
2025-10-23 22:26:08,942 DEBUG    root            Added [.gcloud/virtenv/lib/python3.12/site-packages/cffi/_shimmed_dist_utils.py]
2025-10-23 22:26:08,944 DEBUG    root            Added [.gcloud/virtenv/lib/python3.12/site-packages/cffi/_cffi_errors.h]
2025-10-23 22:26:08,944 DEBUG    root            Added [.gcloud/virtenv/lib/python3.12/site-packages/cffi/__init__.py]
2025-10-23 22:26:08,944 DEBUG    root            Added [.gcloud/virtenv/lib/python3.12/site-packages/cffi/cffi_opcode.py]
2025-10-23 22:26:08,947 DEBUG    root            Added [.gcloud/virtenv/lib/python3.12/site-packages/cffi/vengine_gen.py]
2025-10-23 22:26:08,947 DEBUG    root            Added [.gcloud/virtenv/lib/python3.12/site-packages/cffi/pkgconfig.py]
2025-10-23 22:26:08,948 DEBUG    root            Added [.gcloud/virtenv/lib/python3.12/site-packages/cffi/model.py]
2025-10-23 22:26:08,949 DEBUG    root            Added [.gcloud/virtenv/lib/python3.12/site-packages/cffi/ffiplatform.py]
2025-10-23 22:26:08,954 DEBUG    root            Added [.gcloud/virtenv/lib/python3.12/site-packages/cffi/api.py]
2025-10-23 22:26:08,957 DEBUG    root            Added [.gcloud/virtenv/lib/python3.12/site-packages/cffi/vengine_cpy.py]
2025-10-23 22:26:08,959 DEBUG    root            Added [.gcloud/virtenv/lib/python3.12/site-packages/cffi/_embedding.h]
2025-10-23 22:26:08,959 DEBUG    root            Added [.gcloud/virtenv/lib/python3.12/site-packages/cffi/commontypes.py]
2025-10-23 22:26:08,959 DEBUG    root            Added [.gcloud/virtenv/lib/python3.12/site-packages/cffi/lock.py]
2025-10-23 22:26:08,965 DEBUG    root            Added [.gcloud/virtenv/lib/python3.12/site-packages/cffi/recompiler.py]
2025-10-23 22:26:08,970 DEBUG    root            Added [.gcloud/virtenv/lib/python3.12/site-packages/cffi/cparser.py]
2025-10-23 22:26:08,974 DEBUG    root            Added [.gcloud/virtenv/lib/python3.12/site-packages/cffi/verifier.py]
2025-10-23 22:26:08,974 DEBUG    root            Added [.gcloud/virtenv/lib/python3.12/site-packages/cffi/parse_c_type.h]
2025-10-23 22:26:08,974 DEBUG    root            Added [.gcloud/virtenv/lib/python3.12/site-packages/certifi-2025.10.5.dist-info/RECORD]
2025-10-23 22:26:08,974 DEBUG    root            Added [.gcloud/virtenv/lib/python3.12/site-packages/certifi-2025.10.5.dist-info/WHEEL]
2025-10-23 22:26:08,974 DEBUG    root            Added [.gcloud/virtenv/lib/python3.12/site-packages/certifi-2025.10.5.dist-info/top_level.txt]
2025-10-23 22:26:08,974 DEBUG    root            Added [.gcloud/virtenv/lib/python3.12/site-packages/certifi-2025.10.5.dist-info/REQUESTED]
2025-10-23 22:26:08,974 DEBUG    root            Added [.gcloud/virtenv/lib/python3.12/site-packages/certifi-2025.10.5.dist-info/INSTALLER]
2025-10-23 22:26:08,977 DEBUG    root            Added [.gcloud/virtenv/lib/python3.12/site-packages/certifi-2025.10.5.dist-info/METADATA]
2025-10-23 22:26:08,977 DEBUG    root            Added [.gcloud/virtenv/lib/python3.12/site-packages/certifi-2025.10.5.dist-info/licenses/LICENSE]
2025-10-23 22:26:08,977 DEBUG    root            Added [.gcloud/virtenv/lib/python3.12/site-packages/cffi-2.0.0.dist-info/RECORD]
2025-10-23 22:26:08,977 DEBUG    root            Added [.gcloud/virtenv/lib/python3.12/site-packages/cffi-2.0.0.dist-info/WHEEL]
2025-10-23 22:26:08,977 DEBUG    root            Added [.gcloud/virtenv/lib/python3.12/site-packages/cffi-2.0.0.dist-info/entry_points.txt]
2025-10-23 22:26:08,977 DEBUG    root            Added [.gcloud/virtenv/lib/python3.12/site-packages/cffi-2.0.0.dist-info/top_level.txt]
2025-10-23 22:26:08,978 DEBUG    root            Added [.gcloud/virtenv/lib/python3.12/site-packages/cffi-2.0.0.dist-info/INSTALLER]
2025-10-23 22:26:08,978 DEBUG    root            Added [.gcloud/virtenv/lib/python3.12/site-packages/cffi-2.0.0.dist-info/METADATA]
2025-10-23 22:26:08,978 DEBUG    root            Added [.gcloud/virtenv/lib/python3.12/site-packages/cffi-2.0.0.dist-info/licenses/LICENSE]
2025-10-23 22:26:08,978 DEBUG    root            Added [.gcloud/virtenv/lib/python3.12/site-packages/cffi-2.0.0.dist-info/licenses/AUTHORS]
2025-10-23 22:26:08,978 DEBUG    root            Added [.gcloud/virtenv/lib/python3.12/site-packages/cryptography-42.0.7.dist-info/RECORD]
2025-10-23 22:26:08,979 DEBUG    root            Added [.gcloud/virtenv/lib/python3.12/site-packages/cryptography-42.0.7.dist-info/LICENSE]
2025-10-23 22:26:08,979 DEBUG    root            Added [.gcloud/virtenv/lib/python3.12/site-packages/cryptography-42.0.7.dist-info/direct_url.json]
2025-10-23 22:26:08,979 DEBUG    root            Added [.gcloud/virtenv/lib/python3.12/site-packages/cryptography-42.0.7.dist-info/LICENSE.APACHE]
2025-10-23 22:26:08,979 DEBUG    root            Added [.gcloud/virtenv/lib/python3.12/site-packages/cryptography-42.0.7.dist-info/WHEEL]
2025-10-23 22:26:08,979 DEBUG    root            Added [.gcloud/virtenv/lib/python3.12/site-packages/cryptography-42.0.7.dist-info/LICENSE.BSD]
2025-10-23 22:26:08,979 DEBUG    root            Added [.gcloud/virtenv/lib/python3.12/site-packages/cryptography-42.0.7.dist-info/top_level.txt]
2025-10-23 22:26:08,979 DEBUG    root            Added [.gcloud/virtenv/lib/python3.12/site-packages/cryptography-42.0.7.dist-info/REQUESTED]
2025-10-23 22:26:08,980 DEBUG    root            Added [.gcloud/virtenv/lib/python3.12/site-packages/cryptography-42.0.7.dist-info/INSTALLER]
2025-10-23 22:26:08,980 DEBUG    root            Added [.gcloud/virtenv/lib/python3.12/site-packages/cryptography-42.0.7.dist-info/METADATA]
2025-10-23 22:26:08,984 DEBUG    root            Added [.gcloud/virtenv/lib/python3.12/site-packages/crcmod/_crcfunext.cpython-312-darwin.so]
2025-10-23 22:26:08,984 DEBUG    root            Added [.gcloud/virtenv/lib/python3.12/site-packages/crcmod/predefined.py]
2025-10-23 22:26:08,985 DEBUG    root            Added [.gcloud/virtenv/lib/python3.12/site-packages/crcmod/__init__.py]
2025-10-23 22:26:08,985 DEBUG    root            Added [.gcloud/virtenv/lib/python3.12/site-packages/crcmod/test.py]
2025-10-23 22:26:08,987 DEBUG    root            Added [.gcloud/virtenv/lib/python3.12/site-packages/crcmod/crcmod.py]
2025-10-23 22:26:08,987 DEBUG    root            Added [.gcloud/virtenv/lib/python3.12/site-packages/crcmod/_crcfunpy.py]
2025-10-23 22:26:08,987 DEBUG    root            Added [.gcloud/virtenv/lib/python3.12/site-packages/pip/__init__.py]
2025-10-23 22:26:08,987 DEBUG    root            Added [.gcloud/virtenv/lib/python3.12/site-packages/pip/py.typed]
2025-10-23 22:26:08,987 DEBUG    root            Added [.gcloud/virtenv/lib/python3.12/site-packages/pip/__pip-runner__.py]
2025-10-23 22:26:08,987 DEBUG    root            Added [.gcloud/virtenv/lib/python3.12/site-packages/pip/__main__.py]
2025-10-23 22:26:08,989 DEBUG    root            Added [.gcloud/virtenv/lib/python3.12/site-packages/pip/_internal/configuration.py]
2025-10-23 22:26:08,989 DEBUG    root            Added [.gcloud/virtenv/lib/python3.12/site-packages/pip/_internal/pyproject.py]
2025-10-23 22:26:08,991 DEBUG    root            Added [.gcloud/virtenv/lib/python3.12/site-packages/pip/_internal/cache.py]
2025-10-23 22:26:08,991 DEBUG    root            Added [.gcloud/virtenv/lib/python3.12/site-packages/pip/_internal/__init__.py]
2025-10-23 22:26:08,993 DEBUG    root            Added [.gcloud/virtenv/lib/python3.12/site-packages/pip/_internal/exceptions.py]
2025-10-23 22:26:08,993 DEBUG    root            Added [.gcloud/virtenv/lib/python3.12/site-packages/pip/_internal/main.py]
2025-10-23 22:26:08,994 DEBUG    root            Added [.gcloud/virtenv/lib/python3.12/site-packages/pip/_internal/wheel_builder.py]
2025-10-23 22:26:08,996 DEBUG    root            Added [.gcloud/virtenv/lib/python3.12/site-packages/pip/_internal/self_outdated_check.py]
2025-10-23 22:26:08,996 DEBUG    root            Added [.gcloud/virtenv/lib/python3.12/site-packages/pip/_internal/build_env.py]
2025-10-23 22:26:08,998 DEBUG    root            Added [.gcloud/virtenv/lib/python3.12/site-packages/pip/_internal/network/auth.py]
2025-10-23 22:26:08,998 DEBUG    root            Added [.gcloud/virtenv/lib/python3.12/site-packages/pip/_internal/network/xmlrpc.py]
2025-10-23 22:26:08,999 DEBUG    root            Added [.gcloud/virtenv/lib/python3.12/site-packages/pip/_internal/network/download.py]
2025-10-23 22:26:09,002 DEBUG    root            Added [.gcloud/virtenv/lib/python3.12/site-packages/pip/_internal/network/session.py]
2025-10-23 22:26:09,002 DEBUG    root            Added [.gcloud/virtenv/lib/python3.12/site-packages/pip/_internal/network/cache.py]
2025-10-23 22:26:09,002 DEBUG    root            Added [.gcloud/virtenv/lib/python3.12/site-packages/pip/_internal/network/__init__.py]
2025-10-23 22:26:09,004 DEBUG    root            Added [.gcloud/virtenv/lib/python3.12/site-packages/pip/_internal/network/utils.py]
2025-10-23 22:26:09,005 DEBUG    root            Added [.gcloud/virtenv/lib/python3.12/site-packages/pip/_internal/network/lazy_wheel.py]
2025-10-23 22:26:09,005 DEBUG    root            Added [.gcloud/virtenv/lib/python3.12/site-packages/pip/_internal/utils/logging.py]
2025-10-23 22:26:09,007 DEBUG    root            Added [.gcloud/virtenv/lib/python3.12/site-packages/pip/_internal/utils/misc.py]
2025-10-23 22:26:09,007 DEBUG    root            Added [.gcloud/virtenv/lib/python3.12/site-packages/pip/_internal/utils/egg_link.py]
2025-10-23 22:26:09,007 DEBUG    root            Added [.gcloud/virtenv/lib/python3.12/site-packages/pip/_internal/utils/compat.py]
2025-10-23 22:26:09,010 DEBUG    root            Added [.gcloud/virtenv/lib/python3.12/site-packages/pip/_internal/utils/encoding.py]
2025-10-23 22:26:09,010 DEBUG    root            Added [.gcloud/virtenv/lib/python3.12/site-packages/pip/_internal/utils/deprecation.py]
2025-10-23 22:26:09,010 DEBUG    root            Added [.gcloud/virtenv/lib/python3.12/site-packages/pip/_internal/utils/subprocess.py]
2025-10-23 22:26:09,010 DEBUG    root            Added [.gcloud/virtenv/lib/python3.12/site-packages/pip/_internal/utils/filesystem.py]
2025-10-23 22:26:09,010 DEBUG    root            Added [.gcloud/virtenv/lib/python3.12/site-packages/pip/_internal/utils/direct_url_helpers.py]
2025-10-23 22:26:09,010 DEBUG    root            Added [.gcloud/virtenv/lib/python3.12/site-packages/pip/_internal/utils/__init__.py]
2025-10-23 22:26:09,012 DEBUG    root            Added [.gcloud/virtenv/lib/python3.12/site-packages/pip/_internal/utils/_jaraco_text.py]
2025-10-23 22:26:09,012 DEBUG    root            Added [.gcloud/virtenv/lib/python3.12/site-packages/pip/_internal/utils/temp_dir.py]
2025-10-23 22:26:09,012 DEBUG    root            Added [.gcloud/virtenv/lib/python3.12/site-packages/pip/_internal/utils/retry.py]
2025-10-23 22:26:09,012 DEBUG    root            Added [.gcloud/virtenv/lib/python3.12/site-packages/pip/_internal/utils/appdirs.py]
2025-10-23 22:26:09,013 DEBUG    root            Added [.gcloud/virtenv/lib/python3.12/site-packages/pip/_internal/utils/setuptools_build.py]
2025-10-23 22:26:09,015 DEBUG    root            Added [.gcloud/virtenv/lib/python3.12/site-packages/pip/_internal/utils/packaging.py]
2025-10-23 22:26:09,015 DEBUG    root            Added [.gcloud/virtenv/lib/python3.12/site-packages/pip/_internal/utils/entrypoints.py]
2025-10-23 22:26:09,015 DEBUG    root            Added [.gcloud/virtenv/lib/python3.12/site-packages/pip/_internal/utils/filetypes.py]
2025-10-23 22:26:09,015 DEBUG    root            Added [.gcloud/virtenv/lib/python3.12/site-packages/pip/_internal/utils/compatibility_tags.py]
2025-10-23 22:26:09,015 DEBUG    root            Added [.gcloud/virtenv/lib/python3.12/site-packages/pip/_internal/utils/datetime.py]
2025-10-23 22:26:09,015 DEBUG    root            Added [.gcloud/virtenv/lib/python3.12/site-packages/pip/_internal/utils/urls.py]
2025-10-23 22:26:09,015 DEBUG    root            Added [.gcloud/virtenv/lib/python3.12/site-packages/pip/_internal/utils/hashes.py]
2025-10-23 22:26:09,016 DEBUG    root            Added [.gcloud/virtenv/lib/python3.12/site-packages/pip/_internal/utils/virtualenv.py]
2025-10-23 22:26:09,016 DEBUG    root            Added [.gcloud/virtenv/lib/python3.12/site-packages/pip/_internal/utils/_log.py]
2025-10-23 22:26:09,016 DEBUG    root            Added [.gcloud/virtenv/lib/python3.12/site-packages/pip/_internal/utils/glibc.py]
2025-10-23 22:26:09,017 DEBUG    root            Added [.gcloud/virtenv/lib/python3.12/site-packages/pip/_internal/utils/wheel.py]
2025-10-23 22:26:09,017 DEBUG    root            Added [.gcloud/virtenv/lib/python3.12/site-packages/pip/_internal/utils/unpacking.py]
2025-10-23 22:26:09,019 DEBUG    root            Added [.gcloud/virtenv/lib/python3.12/site-packages/pip/_internal/models/link.py]
2025-10-23 22:26:09,019 DEBUG    root            Added [.gcloud/virtenv/lib/python3.12/site-packages/pip/_internal/models/selection_prefs.py]
2025-10-23 22:26:09,021 DEBUG    root            Added [.gcloud/virtenv/lib/python3.12/site-packages/pip/_internal/models/direct_url.py]
2025-10-23 22:26:09,021 DEBUG    root            Added [.gcloud/virtenv/lib/python3.12/site-packages/pip/_internal/models/index.py]
2025-10-23 22:26:09,021 DEBUG    root            Added [.gcloud/virtenv/lib/python3.12/site-packages/pip/_internal/models/target_python.py]
2025-10-23 22:26:09,021 DEBUG    root            Added [.gcloud/virtenv/lib/python3.12/site-packages/pip/_internal/models/__init__.py]
2025-10-23 22:26:09,021 DEBUG    root            Added [.gcloud/virtenv/lib/python3.12/site-packages/pip/_internal/models/search_scope.py]
2025-10-23 22:26:09,021 DEBUG    root            Added [.gcloud/virtenv/lib/python3.12/site-packages/pip/_internal/models/candidate.py]
2025-10-23 22:26:09,021 DEBUG    root            Added [.gcloud/virtenv/lib/python3.12/site-packages/pip/_internal/models/format_control.py]
2025-10-23 22:26:09,023 DEBUG    root            Added [.gcloud/virtenv/lib/python3.12/site-packages/pip/_internal/models/installation_report.py]
2025-10-23 22:26:09,024 DEBUG    root            Added [.gcloud/virtenv/lib/python3.12/site-packages/pip/_internal/models/scheme.py]
2025-10-23 22:26:09,024 DEBUG    root            Added [.gcloud/virtenv/lib/python3.12/site-packages/pip/_internal/models/wheel.py]
2025-10-23 22:26:09,025 DEBUG    root            Added [.gcloud/virtenv/lib/python3.12/site-packages/pip/_internal/cli/cmdoptions.py]
2025-10-23 22:26:09,025 DEBUG    root            Added [.gcloud/virtenv/lib/python3.12/site-packages/pip/_internal/cli/__init__.py]
2025-10-23 22:26:09,026 DEBUG    root            Added [.gcloud/virtenv/lib/python3.12/site-packages/pip/_internal/cli/index_command.py]
2025-10-23 22:26:09,026 DEBUG    root            Added [.gcloud/virtenv/lib/python3.12/site-packages/pip/_internal/cli/status_codes.py]
2025-10-23 22:26:09,027 DEBUG    root            Added [.gcloud/virtenv/lib/python3.12/site-packages/pip/_internal/cli/parser.py]
2025-10-23 22:26:09,027 DEBUG    root            Added [.gcloud/virtenv/lib/python3.12/site-packages/pip/_internal/cli/command_context.py]
2025-10-23 22:26:09,027 DEBUG    root            Added [.gcloud/virtenv/lib/python3.12/site-packages/pip/_internal/cli/spinners.py]
2025-10-23 22:26:09,028 DEBUG    root            Added [.gcloud/virtenv/lib/python3.12/site-packages/pip/_internal/cli/autocompletion.py]
2025-10-23 22:26:09,030 DEBUG    root            Added [.gcloud/virtenv/lib/python3.12/site-packages/pip/_internal/cli/base_command.py]
2025-10-23 22:26:09,030 DEBUG    root            Added [.gcloud/virtenv/lib/python3.12/site-packages/pip/_internal/cli/main_parser.py]
2025-10-23 22:26:09,030 DEBUG    root            Added [.gcloud/virtenv/lib/python3.12/site-packages/pip/_internal/cli/progress_bars.py]
2025-10-23 22:26:09,030 DEBUG    root            Added [.gcloud/virtenv/lib/python3.12/site-packages/pip/_internal/cli/main.py]
2025-10-23 22:26:09,032 DEBUG    root            Added [.gcloud/virtenv/lib/python3.12/site-packages/pip/_internal/cli/req_command.py]
2025-10-23 22:26:09,032 DEBUG    root            Added [.gcloud/virtenv/lib/python3.12/site-packages/pip/_internal/operations/check.py]
2025-10-23 22:26:09,032 DEBUG    root            Added [.gcloud/virtenv/lib/python3.12/site-packages/pip/_internal/operations/__init__.py]
2025-10-23 22:26:09,034 DEBUG    root            Added [.gcloud/virtenv/lib/python3.12/site-packages/pip/_internal/operations/freeze.py]
2025-10-23 22:26:09,037 DEBUG    root            Added [.gcloud/virtenv/lib/python3.12/site-packages/pip/_internal/operations/prepare.py]
2025-10-23 22:26:09,038 DEBUG    root            Added [.gcloud/virtenv/lib/python3.12/site-packages/pip/_internal/operations/install/editable_legacy.py]
2025-10-23 22:26:09,038 DEBUG    root            Added [.gcloud/virtenv/lib/python3.12/site-packages/pip/_internal/operations/install/__init__.py]
2025-10-23 22:26:09,040 DEBUG    root            Added [.gcloud/virtenv/lib/python3.12/site-packages/pip/_internal/operations/install/wheel.py]
2025-10-23 22:26:09,040 DEBUG    root            Added [.gcloud/virtenv/lib/python3.12/site-packages/pip/_internal/operations/build/wheel_legacy.py]
2025-10-23 22:26:09,043 DEBUG    root            Added [.gcloud/virtenv/lib/python3.12/site-packages/pip/_internal/operations/build/metadata.py]
2025-10-23 22:26:09,043 DEBUG    root            Added [.gcloud/virtenv/lib/python3.12/site-packages/pip/_internal/operations/build/metadata_editable.py]
2025-10-23 22:26:09,043 DEBUG    root            Added [.gcloud/virtenv/lib/python3.12/site-packages/pip/_internal/operations/build/wheel_editable.py]
2025-10-23 22:26:09,043 DEBUG    root            Added [.gcloud/virtenv/lib/python3.12/site-packages/pip/_internal/operations/build/__init__.py]
2025-10-23 22:26:09,043 DEBUG    root            Added [.gcloud/virtenv/lib/python3.12/site-packages/pip/_internal/operations/build/metadata_legacy.py]
2025-10-23 22:26:09,043 DEBUG    root            Added [.gcloud/virtenv/lib/python3.12/site-packages/pip/_internal/operations/build/wheel.py]
2025-10-23 22:26:09,043 DEBUG    root            Added [.gcloud/virtenv/lib/python3.12/site-packages/pip/_internal/operations/build/build_tracker.py]
2025-10-23 22:26:09,047 DEBUG    root            Added [.gcloud/virtenv/lib/python3.12/site-packages/pip/_internal/req/req_install.py]
2025-10-23 22:26:09,048 DEBUG    root            Added [.gcloud/virtenv/lib/python3.12/site-packages/pip/_internal/req/req_set.py]
2025-10-23 22:26:09,050 DEBUG    root            Added [.gcloud/virtenv/lib/python3.12/site-packages/pip/_internal/req/req_uninstall.py]
2025-10-23 22:26:09,050 DEBUG    root            Added [.gcloud/virtenv/lib/python3.12/site-packages/pip/_internal/req/__init__.py]
2025-10-23 22:26:09,050 DEBUG    root            Added [.gcloud/virtenv/lib/python3.12/site-packages/pip/_internal/req/req_file.py]
2025-10-23 22:26:09,054 DEBUG    root            Added [.gcloud/virtenv/lib/python3.12/site-packages/pip/_internal/req/constructors.py]
2025-10-23 22:26:09,055 DEBUG    root            Added [.gcloud/virtenv/lib/python3.12/site-packages/pip/_internal/resolution/__init__.py]
2025-10-23 22:26:09,055 DEBUG    root            Added [.gcloud/virtenv/lib/python3.12/site-packages/pip/_internal/resolution/base.py]
2025-10-23 22:26:09,055 DEBUG    root            Added [.gcloud/virtenv/lib/python3.12/site-packages/pip/_internal/resolution/legacy/__init__.py]
2025-10-23 22:26:09,057 DEBUG    root            Added [.gcloud/virtenv/lib/python3.12/site-packages/pip/_internal/resolution/legacy/resolver.py]
2025-10-23 22:26:09,060 DEBUG    root            Added [.gcloud/virtenv/lib/python3.12/site-packages/pip/_internal/resolution/resolvelib/provider.py]
2025-10-23 22:26:09,060 DEBUG    root            Added [.gcloud/virtenv/lib/python3.12/site-packages/pip/_internal/resolution/resolvelib/found_candidates.py]
2025-10-23 22:26:09,060 DEBUG    root            Added [.gcloud/virtenv/lib/python3.12/site-packages/pip/_internal/resolution/resolvelib/reporter.py]
2025-10-23 22:26:09,060 DEBUG    root            Added [.gcloud/virtenv/lib/python3.12/site-packages/pip/_internal/resolution/resolvelib/__init__.py]
2025-10-23 22:26:09,062 DEBUG    root            Added [.gcloud/virtenv/lib/python3.12/site-packages/pip/_internal/resolution/resolvelib/factory.py]
2025-10-23 22:26:09,066 DEBUG    root            Added [.gcloud/virtenv/lib/python3.12/site-packages/pip/_internal/resolution/resolvelib/requirements.py]
2025-10-23 22:26:09,066 DEBUG    root            Added [.gcloud/virtenv/lib/python3.12/site-packages/pip/_internal/resolution/resolvelib/resolver.py]
2025-10-23 22:26:09,068 DEBUG    root            Added [.gcloud/virtenv/lib/python3.12/site-packages/pip/_internal/resolution/resolvelib/candidates.py]
2025-10-23 22:26:09,069 DEBUG    root            Added [.gcloud/virtenv/lib/python3.12/site-packages/pip/_internal/resolution/resolvelib/base.py]
2025-10-23 22:26:09,071 DEBUG    root            Added [.gcloud/virtenv/lib/python3.12/site-packages/pip/_internal/vcs/git.py]
2025-10-23 22:26:09,071 DEBUG    root            Added [.gcloud/virtenv/lib/python3.12/site-packages/pip/_internal/vcs/__init__.py]
2025-10-23 22:26:09,071 DEBUG    root            Added [.gcloud/virtenv/lib/python3.12/site-packages/pip/_internal/vcs/mercurial.py]
2025-10-23 22:26:09,074 DEBUG    root            Added [.gcloud/virtenv/lib/python3.12/site-packages/pip/_internal/vcs/bazaar.py]
2025-10-23 22:26:09,074 DEBUG    root            Added [.gcloud/virtenv/lib/python3.12/site-packages/pip/_internal/vcs/versioncontrol.py]
2025-10-23 22:26:09,076 DEBUG    root            Added [.gcloud/virtenv/lib/python3.12/site-packages/pip/_internal/vcs/subversion.py]
2025-10-23 22:26:09,077 DEBUG    root            Added [.gcloud/virtenv/lib/python3.12/site-packages/pip/_internal/locations/__init__.py]
2025-10-23 22:26:09,079 DEBUG    root            Added [.gcloud/virtenv/lib/python3.12/site-packages/pip/_internal/locations/_sysconfig.py]
2025-10-23 22:26:09,079 DEBUG    root            Added [.gcloud/virtenv/lib/python3.12/site-packages/pip/_internal/locations/_distutils.py]
2025-10-23 22:26:09,080 DEBUG    root            Added [.gcloud/virtenv/lib/python3.12/site-packages/pip/_internal/locations/base.py]
2025-10-23 22:26:09,081 DEBUG    root            Added [.gcloud/virtenv/lib/python3.12/site-packages/pip/_internal/index/collector.py]
2025-10-23 22:26:09,081 DEBUG    root            Added [.gcloud/virtenv/lib/python3.12/site-packages/pip/_internal/index/__init__.py]
2025-10-23 22:26:09,081 DEBUG    root            Added [.gcloud/virtenv/lib/python3.12/site-packages/pip/_internal/index/sources.py]
2025-10-23 22:26:09,087 DEBUG    root            Added [.gcloud/virtenv/lib/python3.12/site-packages/pip/_internal/index/package_finder.py]
2025-10-23 22:26:09,087 DEBUG    root            Added [.gcloud/virtenv/lib/python3.12/site-packages/pip/_internal/commands/configuration.py]
2025-10-23 22:26:09,087 DEBUG    root            Added [.gcloud/virtenv/lib/python3.12/site-packages/pip/_internal/commands/show.py]
2025-10-23 22:26:09,089 DEBUG    root            Added [.gcloud/virtenv/lib/python3.12/site-packages/pip/_internal/commands/list.py]
2025-10-23 22:26:09,089 DEBUG    root            Added [.gcloud/virtenv/lib/python3.12/site-packages/pip/_internal/commands/check.py]
2025-10-23 22:26:09,089 DEBUG    root            Added [.gcloud/virtenv/lib/python3.12/site-packages/pip/_internal/commands/index.py]
2025-10-23 22:26:09,089 DEBUG    root            Added [.gcloud/virtenv/lib/python3.12/site-packages/pip/_internal/commands/completion.py]
2025-10-23 22:26:09,092 DEBUG    root            Added [.gcloud/virtenv/lib/python3.12/site-packages/pip/_internal/commands/download.py]
2025-10-23 22:26:09,092 DEBUG    root            Added [.gcloud/virtenv/lib/python3.12/site-packages/pip/_internal/commands/cache.py]
2025-10-23 22:26:09,092 DEBUG    root            Added [.gcloud/virtenv/lib/python3.12/site-packages/pip/_internal/commands/__init__.py]
2025-10-23 22:26:09,092 DEBUG    root            Added [.gcloud/virtenv/lib/python3.12/site-packages/pip/_internal/commands/hash.py]
2025-10-23 22:26:09,092 DEBUG    root            Added [.gcloud/virtenv/lib/python3.12/site-packages/pip/_internal/commands/inspect.py]
2025-10-23 22:26:09,094 DEBUG    root            Added [.gcloud/virtenv/lib/python3.12/site-packages/pip/_internal/commands/debug.py]
2025-10-23 22:26:09,094 DEBUG    root            Added [.gcloud/virtenv/lib/python3.12/site-packages/pip/_internal/commands/uninstall.py]
2025-10-23 22:26:09,094 DEBUG    root            Added [.gcloud/virtenv/lib/python3.12/site-packages/pip/_internal/commands/freeze.py]
2025-10-23 22:26:09,094 DEBUG    root            Added [.gcloud/virtenv/lib/python3.12/site-packages/pip/_internal/commands/search.py]
2025-10-23 22:26:09,095 DEBUG    root            Added [.gcloud/virtenv/lib/python3.12/site-packages/pip/_internal/commands/install.py]
2025-10-23 22:26:09,096 DEBUG    root            Added [.gcloud/virtenv/lib/python3.12/site-packages/pip/_internal/commands/help.py]
2025-10-23 22:26:09,099 DEBUG    root            Added [.gcloud/virtenv/lib/python3.12/site-packages/pip/_internal/commands/wheel.py]
2025-10-23 22:26:09,099 DEBUG    root            Added [.gcloud/virtenv/lib/python3.12/site-packages/pip/_internal/metadata/_json.py]
2025-10-23 22:26:09,099 DEBUG    root            Added [.gcloud/virtenv/lib/python3.12/site-packages/pip/_internal/metadata/__init__.py]
2025-10-23 22:26:09,099 DEBUG    root            Added [.gcloud/virtenv/lib/python3.12/site-packages/pip/_internal/metadata/pkg_resources.py]
2025-10-23 22:26:09,101 DEBUG    root            Added [.gcloud/virtenv/lib/python3.12/site-packages/pip/_internal/metadata/base.py]
2025-10-23 22:26:09,103 DEBUG    root            Added [.gcloud/virtenv/lib/python3.12/site-packages/pip/_internal/metadata/importlib/_dists.py]
2025-10-23 22:26:09,103 DEBUG    root            Added [.gcloud/virtenv/lib/python3.12/site-packages/pip/_internal/metadata/importlib/__init__.py]
2025-10-23 22:26:09,103 DEBUG    root            Added [.gcloud/virtenv/lib/python3.12/site-packages/pip/_internal/metadata/importlib/_compat.py]
2025-10-23 22:26:09,103 DEBUG    root            Added [.gcloud/virtenv/lib/python3.12/site-packages/pip/_internal/metadata/importlib/_envs.py]
2025-10-23 22:26:09,103 DEBUG    root            Added [.gcloud/virtenv/lib/python3.12/site-packages/pip/_internal/distributions/__init__.py]
2025-10-23 22:26:09,105 DEBUG    root            Added [.gcloud/virtenv/lib/python3.12/site-packages/pip/_internal/distributions/sdist.py]
2025-10-23 22:26:09,105 DEBUG    root            Added [.gcloud/virtenv/lib/python3.12/site-packages/pip/_internal/distributions/installed.py]
2025-10-23 22:26:09,106 DEBUG    root            Added [.gcloud/virtenv/lib/python3.12/site-packages/pip/_internal/distributions/base.py]
2025-10-23 22:26:09,106 DEBUG    root            Added [.gcloud/virtenv/lib/python3.12/site-packages/pip/_internal/distributions/wheel.py]
2025-10-23 22:26:09,106 DEBUG    root            Added [.gcloud/virtenv/lib/python3.12/site-packages/pip/_vendor/vendor.txt]
2025-10-23 22:26:09,106 DEBUG    root            Added [.gcloud/virtenv/lib/python3.12/site-packages/pip/_vendor/__init__.py]
2025-10-23 22:26:09,119 DEBUG    root            Added [.gcloud/virtenv/lib/python3.12/site-packages/pip/_vendor/typing_extensions.py]
2025-10-23 22:26:09,119 DEBUG    root            Added [.gcloud/virtenv/lib/python3.12/site-packages/pip/_vendor/packaging/tags.py]
2025-10-23 22:26:09,119 DEBUG    root            Added [.gcloud/virtenv/lib/python3.12/site-packages/pip/_vendor/packaging/_musllinux.py]
2025-10-23 22:26:09,122 DEBUG    root            Added [.gcloud/virtenv/lib/python3.12/site-packages/pip/_vendor/packaging/metadata.py]
2025-10-23 22:26:09,125 DEBUG    root            Added [.gcloud/virtenv/lib/python3.12/site-packages/pip/_vendor/packaging/version.py]
2025-10-23 22:26:09,125 DEBUG    root            Added [.gcloud/virtenv/lib/python3.12/site-packages/pip/_vendor/packaging/__init__.py]
2025-10-23 22:26:09,125 DEBUG    root            Added [.gcloud/virtenv/lib/python3.12/site-packages/pip/_vendor/packaging/_parser.py]
2025-10-23 22:26:09,128 DEBUG    root            Added [.gcloud/virtenv/lib/python3.12/site-packages/pip/_vendor/packaging/utils.py]
2025-10-23 22:26:09,128 DEBUG    root            Added [.gcloud/virtenv/lib/python3.12/site-packages/pip/_vendor/packaging/requirements.py]
2025-10-23 22:26:09,128 DEBUG    root            Added [.gcloud/virtenv/lib/python3.12/site-packages/pip/_vendor/packaging/_structures.py]
2025-10-23 22:26:09,128 DEBUG    root            Added [.gcloud/virtenv/lib/python3.12/site-packages/pip/_vendor/packaging/markers.py]
2025-10-23 22:26:09,128 DEBUG    root            Added [.gcloud/virtenv/lib/python3.12/site-packages/pip/_vendor/packaging/py.typed]
2025-10-23 22:26:09,130 DEBUG    root            Added [.gcloud/virtenv/lib/python3.12/site-packages/pip/_vendor/packaging/_manylinux.py]
2025-10-23 22:26:09,130 DEBUG    root            Added [.gcloud/virtenv/lib/python3.12/site-packages/pip/_vendor/packaging/_tokenizer.py]
2025-10-23 22:26:09,135 DEBUG    root            Added [.gcloud/virtenv/lib/python3.12/site-packages/pip/_vendor/packaging/specifiers.py]
2025-10-23 22:26:09,135 DEBUG    root            Added [.gcloud/virtenv/lib/python3.12/site-packages/pip/_vendor/packaging/_elffile.py]
2025-10-23 22:26:09,135 DEBUG    root            Added [.gcloud/virtenv/lib/python3.12/site-packages/pip/_vendor/truststore/_openssl.py]
2025-10-23 22:26:09,135 DEBUG    root            Added [.gcloud/virtenv/lib/python3.12/site-packages/pip/_vendor/truststore/_api.py]
2025-10-23 22:26:09,137 DEBUG    root            Added [.gcloud/virtenv/lib/python3.12/site-packages/pip/_vendor/truststore/_macos.py]
2025-10-23 22:26:09,137 DEBUG    root            Added [.gcloud/virtenv/lib/python3.12/site-packages/pip/_vendor/truststore/__init__.py]
2025-10-23 22:26:09,137 DEBUG    root            Added [.gcloud/virtenv/lib/python3.12/site-packages/pip/_vendor/truststore/_ssl_constants.py]
2025-10-23 22:26:09,138 DEBUG    root            Added [.gcloud/virtenv/lib/python3.12/site-packages/pip/_vendor/truststore/py.typed]
2025-10-23 22:26:09,140 DEBUG    root            Added [.gcloud/virtenv/lib/python3.12/site-packages/pip/_vendor/truststore/_windows.py]
2025-10-23 22:26:09,140 DEBUG    root            Added [.gcloud/virtenv/lib/python3.12/site-packages/pip/_vendor/msgpack/__init__.py]
2025-10-23 22:26:09,140 DEBUG    root            Added [.gcloud/virtenv/lib/python3.12/site-packages/pip/_vendor/msgpack/exceptions.py]
2025-10-23 22:26:09,144 DEBUG    root            Added [.gcloud/virtenv/lib/python3.12/site-packages/pip/_vendor/msgpack/fallback.py]
2025-10-23 22:26:09,144 DEBUG    root            Added [.gcloud/virtenv/lib/python3.12/site-packages/pip/_vendor/msgpack/ext.py]
2025-10-23 22:26:09,144 DEBUG    root            Added [.gcloud/virtenv/lib/python3.12/site-packages/pip/_vendor/pygments/modeline.py]
2025-10-23 22:26:09,144 DEBUG    root            Added [.gcloud/virtenv/lib/python3.12/site-packages/pip/_vendor/pygments/console.py]
2025-10-23 22:26:09,144 DEBUG    root            Added [.gcloud/virtenv/lib/python3.12/site-packages/pip/_vendor/pygments/scanner.py]
2025-10-23 22:26:09,144 DEBUG    root            Added [.gcloud/virtenv/lib/python3.12/site-packages/pip/_vendor/pygments/formatter.py]
2025-10-23 22:26:09,146 DEBUG    root            Added [.gcloud/virtenv/lib/python3.12/site-packages/pip/_vendor/pygments/token.py]
2025-10-23 22:26:09,147 DEBUG    root            Added [.gcloud/virtenv/lib/python3.12/site-packages/pip/_vendor/pygments/style.py]
2025-10-23 22:26:09,147 DEBUG    root            Added [.gcloud/virtenv/lib/python3.12/site-packages/pip/_vendor/pygments/util.py]
2025-10-23 22:26:09,149 DEBUG    root            Added [.gcloud/virtenv/lib/python3.12/site-packages/pip/_vendor/pygments/sphinxext.py]
2025-10-23 22:26:09,152 DEBUG    root            Added [.gcloud/virtenv/lib/python3.12/site-packages/pip/_vendor/pygments/cmdline.py]
2025-10-23 22:26:09,152 DEBUG    root            Added [.gcloud/virtenv/lib/python3.12/site-packages/pip/_vendor/pygments/__init__.py]
2025-10-23 22:26:09,159 DEBUG    root            Added [.gcloud/virtenv/lib/python3.12/site-packages/pip/_vendor/pygments/unistring.py]
2025-10-23 22:26:09,161 DEBUG    root            Added [.gcloud/virtenv/lib/python3.12/site-packages/pip/_vendor/pygments/lexer.py]
2025-10-23 22:26:09,161 DEBUG    root            Added [.gcloud/virtenv/lib/python3.12/site-packages/pip/_vendor/pygments/regexopt.py]
2025-10-23 22:26:09,161 DEBUG    root            Added [.gcloud/virtenv/lib/python3.12/site-packages/pip/_vendor/pygments/plugin.py]
2025-10-23 22:26:09,162 DEBUG    root            Added [.gcloud/virtenv/lib/python3.12/site-packages/pip/_vendor/pygments/filter.py]
2025-10-23 22:26:09,164 DEBUG    root            Added [.gcloud/virtenv/lib/python3.12/site-packages/pip/_vendor/pygments/__main__.py]
2025-10-23 22:26:09,165 DEBUG    root            Added [.gcloud/virtenv/lib/python3.12/site-packages/pip/_vendor/pygments/filters/__init__.py]
2025-10-23 22:26:09,168 DEBUG    root            Added [.gcloud/virtenv/lib/python3.12/site-packages/pip/_vendor/pygments/lexers/__init__.py]
2025-10-23 22:26:09,172 DEBUG    root            Added [.gcloud/virtenv/lib/python3.12/site-packages/pip/_vendor/pygments/lexers/python.py]
2025-10-23 22:26:09,175 DEBUG    root            Added [.gcloud/virtenv/lib/python3.12/site-packages/pip/_vendor/pygments/lexers/_mapping.py]
2025-10-23 22:26:09,177 DEBUG    root            Added [.gcloud/virtenv/lib/python3.12/site-packages/pip/_vendor/pygments/formatters/terminal.py]
2025-10-23 22:26:09,178 DEBUG    root            Added [.gcloud/virtenv/lib/python3.12/site-packages/pip/_vendor/pygments/formatters/html.py]
2025-10-23 22:26:09,179 DEBUG    root            Added [.gcloud/virtenv/lib/python3.12/site-packages/pip/_vendor/pygments/formatters/irc.py]
2025-10-23 22:26:09,181 DEBUG    root            Added [.gcloud/virtenv/lib/python3.12/site-packages/pip/_vendor/pygments/formatters/__init__.py]
2025-10-23 22:26:09,181 DEBUG    root            Added [.gcloud/virtenv/lib/python3.12/site-packages/pip/_vendor/pygments/formatters/other.py]
2025-10-23 22:26:09,184 DEBUG    root            Added [.gcloud/virtenv/lib/python3.12/site-packages/pip/_vendor/pygments/formatters/img.py]
2025-10-23 22:26:09,184 DEBUG    root            Added [.gcloud/virtenv/lib/python3.12/site-packages/pip/_vendor/pygments/formatters/terminal256.py]
2025-10-23 22:26:09,186 DEBUG    root            Added [.gcloud/virtenv/lib/python3.12/site-packages/pip/_vendor/pygments/formatters/rtf.py]
2025-10-23 22:26:09,186 DEBUG    root            Added [.gcloud/virtenv/lib/python3.12/site-packages/pip/_vendor/pygments/formatters/svg.py]
2025-10-23 22:26:09,186 DEBUG    root            Added [.gcloud/virtenv/lib/python3.12/site-packages/pip/_vendor/pygments/formatters/bbcode.py]
2025-10-23 22:26:09,186 DEBUG    root            Added [.gcloud/virtenv/lib/python3.12/site-packages/pip/_vendor/pygments/formatters/pangomarkup.py]
2025-10-23 22:26:09,189 DEBUG    root            Added [.gcloud/virtenv/lib/python3.12/site-packages/pip/_vendor/pygments/formatters/_mapping.py]
2025-10-23 22:26:09,189 DEBUG    root            Added [.gcloud/virtenv/lib/python3.12/site-packages/pip/_vendor/pygments/formatters/groff.py]
2025-10-23 22:26:09,189 DEBUG    root            Added [.gcloud/virtenv/lib/python3.12/site-packages/pip/_vendor/pygments/formatters/latex.py]
2025-10-23 22:26:09,191 DEBUG    root            Added [.gcloud/virtenv/lib/python3.12/site-packages/pip/_vendor/pygments/styles/__init__.py]
2025-10-23 22:26:09,191 DEBUG    root            Added [.gcloud/virtenv/lib/python3.12/site-packages/pip/_vendor/pygments/styles/_mapping.py]
2025-10-23 22:26:09,209 DEBUG    root            Added [.gcloud/virtenv/lib/python3.12/site-packages/pip/_vendor/distlib/w64-arm.exe]
2025-10-23 22:26:09,217 DEBUG    root            Added [.gcloud/virtenv/lib/python3.12/site-packages/pip/_vendor/distlib/w32.exe]
2025-10-23 22:26:09,224 DEBUG    root            Added [.gcloud/virtenv/lib/python3.12/site-packages/pip/_vendor/distlib/locators.py]
2025-10-23 22:26:09,229 DEBUG    root            Added [.gcloud/virtenv/lib/python3.12/site-packages/pip/_vendor/distlib/metadata.py]
2025-10-23 22:26:09,229 DEBUG    root            Added [.gcloud/virtenv/lib/python3.12/site-packages/pip/_vendor/distlib/version.py]
2025-10-23 22:26:09,234 DEBUG    root            Added [.gcloud/virtenv/lib/python3.12/site-packages/pip/_vendor/distlib/compat.py]
2025-10-23 22:26:09,237 DEBUG    root            Added [.gcloud/virtenv/lib/python3.12/site-packages/pip/_vendor/distlib/index.py]
2025-10-23 22:26:09,239 DEBUG    root            Added [.gcloud/virtenv/lib/python3.12/site-packages/pip/_vendor/distlib/manifest.py]
2025-10-23 22:26:09,246 DEBUG    root            Added [.gcloud/virtenv/lib/python3.12/site-packages/pip/_vendor/distlib/util.py]
2025-10-23 22:26:09,251 DEBUG    root            Added [.gcloud/virtenv/lib/python3.12/site-packages/pip/_vendor/distlib/database.py]
2025-10-23 22:26:09,257 DEBUG    root            Added [.gcloud/virtenv/lib/python3.12/site-packages/pip/_vendor/distlib/t32.exe]
2025-10-23 22:26:09,262 DEBUG    root            Added [.gcloud/virtenv/lib/python3.12/site-packages/pip/_vendor/distlib/__init__.py]
2025-10-23 22:26:09,270 DEBUG    root            Added [.gcloud/virtenv/lib/python3.12/site-packages/pip/_vendor/distlib/w64.exe]
2025-10-23 22:26:09,270 DEBUG    root            Added [.gcloud/virtenv/lib/python3.12/site-packages/pip/_vendor/distlib/markers.py]
2025-10-23 22:26:09,273 DEBUG    root            Added [.gcloud/virtenv/lib/python3.12/site-packages/pip/_vendor/distlib/resources.py]
2025-10-23 22:26:09,294 DEBUG    root            Added [.gcloud/virtenv/lib/python3.12/site-packages/pip/_vendor/distlib/t64-arm.exe]
2025-10-23 22:26:09,294 DEBUG    root            Added [.gcloud/virtenv/lib/python3.12/site-packages/pip/_vendor/distlib/scripts.py]
2025-10-23 22:26:09,304 DEBUG    root            Added [.gcloud/virtenv/lib/python3.12/site-packages/pip/_vendor/distlib/t64.exe]
2025-10-23 22:26:09,306 DEBUG    root            Added [.gcloud/virtenv/lib/python3.12/site-packages/pip/_vendor/distlib/wheel.py]
2025-10-23 22:26:09,306 DEBUG    root            Added [.gcloud/virtenv/lib/python3.12/site-packages/pip/_vendor/distro/__init__.py]
2025-10-23 22:26:09,306 DEBUG    root            Added [.gcloud/virtenv/lib/python3.12/site-packages/pip/_vendor/distro/py.typed]
2025-10-23 22:26:09,314 DEBUG    root            Added [.gcloud/virtenv/lib/python3.12/site-packages/pip/_vendor/distro/distro.py]
2025-10-23 22:26:09,314 DEBUG    root            Added [.gcloud/virtenv/lib/python3.12/site-packages/pip/_vendor/distro/__main__.py]
2025-10-23 22:26:09,314 DEBUG    root            Added [.gcloud/virtenv/lib/python3.12/site-packages/pip/_vendor/cachecontrol/serialize.py]
2025-10-23 22:26:09,314 DEBUG    root            Added [.gcloud/virtenv/lib/python3.12/site-packages/pip/_vendor/cachecontrol/wrapper.py]
2025-10-23 22:26:09,317 DEBUG    root            Added [.gcloud/virtenv/lib/python3.12/site-packages/pip/_vendor/cachecontrol/controller.py]
2025-10-23 22:26:09,317 DEBUG    root            Added [.gcloud/virtenv/lib/python3.12/site-packages/pip/_vendor/cachecontrol/filewrapper.py]
2025-10-23 22:26:09,317 DEBUG    root            Added [.gcloud/virtenv/lib/python3.12/site-packages/pip/_vendor/cachecontrol/heuristics.py]
2025-10-23 22:26:09,318 DEBUG    root            Added [.gcloud/virtenv/lib/python3.12/site-packages/pip/_vendor/cachecontrol/adapter.py]
2025-10-23 22:26:09,318 DEBUG    root            Added [.gcloud/virtenv/lib/python3.12/site-packages/pip/_vendor/cachecontrol/cache.py]
2025-10-23 22:26:09,318 DEBUG    root            Added [.gcloud/virtenv/lib/python3.12/site-packages/pip/_vendor/cachecontrol/__init__.py]
2025-10-23 22:26:09,318 DEBUG    root            Added [.gcloud/virtenv/lib/python3.12/site-packages/pip/_vendor/cachecontrol/py.typed]
2025-10-23 22:26:09,320 DEBUG    root            Added [.gcloud/virtenv/lib/python3.12/site-packages/pip/_vendor/cachecontrol/_cmd.py]
2025-10-23 22:26:09,321 DEBUG    root            Added [.gcloud/virtenv/lib/python3.12/site-packages/pip/_vendor/cachecontrol/caches/file_cache.py]
2025-10-23 22:26:09,321 DEBUG    root            Added [.gcloud/virtenv/lib/python3.12/site-packages/pip/_vendor/cachecontrol/caches/__init__.py]
2025-10-23 22:26:09,321 DEBUG    root            Added [.gcloud/virtenv/lib/python3.12/site-packages/pip/_vendor/cachecontrol/caches/redis_cache.py]
2025-10-23 22:26:09,321 DEBUG    root            Added [.gcloud/virtenv/lib/python3.12/site-packages/pip/_vendor/idna/intranges.py]
2025-10-23 22:26:09,321 DEBUG    root            Added [.gcloud/virtenv/lib/python3.12/site-packages/pip/_vendor/idna/package_data.py]
2025-10-23 22:26:09,321 DEBUG    root            Added [.gcloud/virtenv/lib/python3.12/site-packages/pip/_vendor/idna/compat.py]
2025-10-23 22:26:09,329 DEBUG    root            Added [.gcloud/virtenv/lib/python3.12/site-packages/pip/_vendor/idna/idnadata.py]
2025-10-23 22:26:09,329 DEBUG    root            Added [.gcloud/virtenv/lib/python3.12/site-packages/pip/_vendor/idna/__init__.py]
2025-10-23 22:26:09,329 DEBUG    root            Added [.gcloud/virtenv/lib/python3.12/site-packages/pip/_vendor/idna/core.py]
2025-10-23 22:26:09,329 DEBUG    root            Added [.gcloud/virtenv/lib/python3.12/site-packages/pip/_vendor/idna/py.typed]
2025-10-23 22:26:09,334 DEBUG    root            Added [.gcloud/virtenv/lib/python3.12/site-packages/pip/_vendor/idna/codec.py]
2025-10-23 22:26:09,365 DEBUG    root            Added [.gcloud/virtenv/lib/python3.12/site-packages/pip/_vendor/idna/uts46data.py]
2025-10-23 22:26:09,370 DEBUG    root            Added [.gcloud/virtenv/lib/python3.12/site-packages/pip/_vendor/requests/cookies.py]
2025-10-23 22:26:09,370 DEBUG    root            Added [.gcloud/virtenv/lib/python3.12/site-packages/pip/_vendor/requests/auth.py]
2025-10-23 22:26:09,373 DEBUG    root            Added [.gcloud/virtenv/lib/python3.12/site-packages/pip/_vendor/requests/sessions.py]
2025-10-23 22:26:09,377 DEBUG    root            Added [.gcloud/virtenv/lib/python3.12/site-packages/pip/_vendor/requests/hooks.py]
2025-10-23 22:26:09,377 DEBUG    root            Added [.gcloud/virtenv/lib/python3.12/site-packages/pip/_vendor/requests/compat.py]
2025-10-23 22:26:09,379 DEBUG    root            Added [.gcloud/virtenv/lib/python3.12/site-packages/pip/_vendor/requests/models.py]
2025-10-23 22:26:09,380 DEBUG    root            Added [.gcloud/virtenv/lib/python3.12/site-packages/pip/_vendor/requests/certs.py]
2025-10-23 22:26:09,380 DEBUG    root            Added [.gcloud/virtenv/lib/python3.12/site-packages/pip/_vendor/requests/__init__.py]
2025-10-23 22:26:09,383 DEBUG    root            Added [.gcloud/virtenv/lib/python3.12/site-packages/pip/_vendor/requests/status_codes.py]
2025-10-23 22:26:09,383 DEBUG    root            Added [.gcloud/virtenv/lib/python3.12/site-packages/pip/_vendor/requests/packages.py]
2025-10-23 22:26:09,383 DEBUG    root            Added [.gcloud/virtenv/lib/python3.12/site-packages/pip/_vendor/requests/__version__.py]
2025-10-23 22:26:09,384 DEBUG    root            Added [.gcloud/virtenv/lib/python3.12/site-packages/pip/_vendor/requests/api.py]
2025-10-23 22:26:09,384 DEBUG    root            Added [.gcloud/virtenv/lib/python3.12/site-packages/pip/_vendor/requests/_internal_utils.py]
2025-10-23 22:26:09,387 DEBUG    root            Added [.gcloud/virtenv/lib/python3.12/site-packages/pip/_vendor/requests/utils.py]
2025-10-23 22:26:09,387 DEBUG    root            Added [.gcloud/virtenv/lib/python3.12/site-packages/pip/_vendor/requests/exceptions.py]
2025-10-23 22:26:09,387 DEBUG    root            Added [.gcloud/virtenv/lib/python3.12/site-packages/pip/_vendor/requests/structures.py]
2025-10-23 22:26:09,388 DEBUG    root            Added [.gcloud/virtenv/lib/python3.12/site-packages/pip/_vendor/requests/help.py]
2025-10-23 22:26:09,389 DEBUG    root            Added [.gcloud/virtenv/lib/python3.12/site-packages/pip/_vendor/requests/adapters.py]
2025-10-23 22:26:09,389 DEBUG    root            Added [.gcloud/virtenv/lib/python3.12/site-packages/pip/_vendor/tomli/_types.py]
2025-10-23 22:26:09,389 DEBUG    root            Added [.gcloud/virtenv/lib/python3.12/site-packages/pip/_vendor/tomli/__init__.py]
2025-10-23 22:26:09,392 DEBUG    root            Added [.gcloud/virtenv/lib/python3.12/site-packages/pip/_vendor/tomli/_parser.py]
2025-10-23 22:26:09,392 DEBUG    root            Added [.gcloud/virtenv/lib/python3.12/site-packages/pip/_vendor/tomli/_re.py]
2025-10-23 22:26:09,392 DEBUG    root            Added [.gcloud/virtenv/lib/python3.12/site-packages/pip/_vendor/tomli/py.typed]
2025-10-23 22:26:09,395 DEBUG    root            Added [.gcloud/virtenv/lib/python3.12/site-packages/pip/_vendor/certifi/__init__.py]
2025-10-23 22:26:09,395 DEBUG    root            Added [.gcloud/virtenv/lib/python3.12/site-packages/pip/_vendor/certifi/core.py]
2025-10-23 22:26:09,395 DEBUG    root            Added [.gcloud/virtenv/lib/python3.12/site-packages/pip/_vendor/certifi/py.typed]
2025-10-23 22:26:09,403 DEBUG    root            Added [.gcloud/virtenv/lib/python3.12/site-packages/pip/_vendor/certifi/cacert.pem]
2025-10-23 22:26:09,403 DEBUG    root            Added [.gcloud/virtenv/lib/python3.12/site-packages/pip/_vendor/certifi/__main__.py]
2025-10-23 22:26:09,403 DEBUG    root            Added [.gcloud/virtenv/lib/python3.12/site-packages/pip/_vendor/pyproject_hooks/_impl.py]
2025-10-23 22:26:09,404 DEBUG    root            Added [.gcloud/virtenv/lib/python3.12/site-packages/pip/_vendor/pyproject_hooks/__init__.py]
2025-10-23 22:26:09,404 DEBUG    root            Added [.gcloud/virtenv/lib/python3.12/site-packages/pip/_vendor/pyproject_hooks/_compat.py]
2025-10-23 22:26:09,404 DEBUG    root            Added [.gcloud/virtenv/lib/python3.12/site-packages/pip/_vendor/pyproject_hooks/_in_process/_in_process.py]
2025-10-23 22:26:09,404 DEBUG    root            Added [.gcloud/virtenv/lib/python3.12/site-packages/pip/_vendor/pyproject_hooks/_in_process/__init__.py]
2025-10-23 22:26:09,405 DEBUG    root            Added [.gcloud/virtenv/lib/python3.12/site-packages/pip/_vendor/rich/themes.py]
2025-10-23 22:26:09,405 DEBUG    root            Added [.gcloud/virtenv/lib/python3.12/site-packages/pip/_vendor/rich/screen.py]
2025-10-23 22:26:09,405 DEBUG    root            Added [.gcloud/virtenv/lib/python3.12/site-packages/pip/_vendor/rich/logging.py]
2025-10-23 22:26:09,405 DEBUG    root            Added [.gcloud/virtenv/lib/python3.12/site-packages/pip/_vendor/rich/measure.py]
2025-10-23 22:26:09,407 DEBUG    root            Added [.gcloud/virtenv/lib/python3.12/site-packages/pip/_vendor/rich/tree.py]
2025-10-23 22:26:09,416 DEBUG    root            Added [.gcloud/virtenv/lib/python3.12/site-packages/pip/_vendor/rich/console.py]
2025-10-23 22:26:09,416 DEBUG    root            Added [.gcloud/virtenv/lib/python3.12/site-packages/pip/_vendor/rich/live_render.py]
2025-10-23 22:26:09,429 DEBUG    root            Added [.gcloud/virtenv/lib/python3.12/site-packages/pip/_vendor/rich/_emoji_codes.py]
2025-10-23 22:26:09,429 DEBUG    root            Added [.gcloud/virtenv/lib/python3.12/site-packages/pip/_vendor/rich/box.py]
2025-10-23 22:26:09,431 DEBUG    root            Added [.gcloud/virtenv/lib/python3.12/site-packages/pip/_vendor/rich/color.py]
2025-10-23 22:26:09,431 DEBUG    root            Added [.gcloud/virtenv/lib/python3.12/site-packages/pip/_vendor/rich/_timer.py]
2025-10-23 22:26:09,431 DEBUG    root            Added [.gcloud/virtenv/lib/python3.12/site-packages/pip/_vendor/rich/_fileno.py]
2025-10-23 22:26:09,434 DEBUG    root            Added [.gcloud/virtenv/lib/python3.12/site-packages/pip/_vendor/rich/align.py]
2025-10-23 22:26:09,434 DEBUG    root            Added [.gcloud/virtenv/lib/python3.12/site-packages/pip/_vendor/rich/theme.py]
2025-10-23 22:26:09,435 DEBUG    root            Added [.gcloud/virtenv/lib/python3.12/site-packages/pip/_vendor/rich/style.py]
2025-10-23 22:26:09,438 DEBUG    root            Added [.gcloud/virtenv/lib/python3.12/site-packages/pip/_vendor/rich/default_styles.py]
2025-10-23 22:26:09,438 DEBUG    root            Added [.gcloud/virtenv/lib/python3.12/site-packages/pip/_vendor/rich/_wrap.py]
2025-10-23 22:26:09,438 DEBUG    root            Added [.gcloud/virtenv/lib/python3.12/site-packages/pip/_vendor/rich/_log_render.py]
2025-10-23 22:26:09,438 DEBUG    root            Added [.gcloud/virtenv/lib/python3.12/site-packages/pip/_vendor/rich/emoji.py]
2025-10-23 22:26:09,439 DEBUG    root            Added [.gcloud/virtenv/lib/python3.12/site-packages/pip/_vendor/rich/layout.py]
2025-10-23 22:26:09,439 DEBUG    root            Added [.gcloud/virtenv/lib/python3.12/site-packages/pip/_vendor/rich/containers.py]
2025-10-23 22:26:09,440 DEBUG    root            Added [.gcloud/virtenv/lib/python3.12/site-packages/pip/_vendor/rich/_emoji_replace.py]
2025-10-23 22:26:09,442 DEBUG    root            Added [.gcloud/virtenv/lib/python3.12/site-packages/pip/_vendor/rich/traceback.py]
2025-10-23 22:26:09,442 DEBUG    root            Added [.gcloud/virtenv/lib/python3.12/site-packages/pip/_vendor/rich/region.py]
2025-10-23 22:26:09,446 DEBUG    root            Added [.gcloud/virtenv/lib/python3.12/site-packages/pip/_vendor/rich/protocol.py]
2025-10-23 22:26:09,446 DEBUG    root            Added [.gcloud/virtenv/lib/python3.12/site-packages/pip/_vendor/rich/_loop.py]
2025-10-23 22:26:09,446 DEBUG    root            Added [.gcloud/virtenv/lib/python3.12/site-packages/pip/_vendor/rich/control.py]
2025-10-23 22:26:09,446 DEBUG    root            Added [.gcloud/virtenv/lib/python3.12/site-packages/pip/_vendor/rich/filesize.py]
2025-10-23 22:26:09,446 DEBUG    root            Added [.gcloud/virtenv/lib/python3.12/site-packages/pip/_vendor/rich/_null_file.py]
2025-10-23 22:26:09,446 DEBUG    root            Added [.gcloud/virtenv/lib/python3.12/site-packages/pip/_vendor/rich/_palettes.py]
2025-10-23 22:26:09,448 DEBUG    root            Added [.gcloud/virtenv/lib/python3.12/site-packages/pip/_vendor/rich/__init__.py]
2025-10-23 22:26:09,448 DEBUG    root            Added [.gcloud/virtenv/lib/python3.12/site-packages/pip/_vendor/rich/_pick.py]
2025-10-23 22:26:09,448 DEBUG    root            Added [.gcloud/virtenv/lib/python3.12/site-packages/pip/_vendor/rich/file_proxy.py]
2025-10-23 22:26:09,448 DEBUG    root            Added [.gcloud/virtenv/lib/python3.12/site-packages/pip/_vendor/rich/palette.py]
2025-10-23 22:26:09,448 DEBUG    root            Added [.gcloud/virtenv/lib/python3.12/site-packages/pip/_vendor/rich/markup.py]
2025-10-23 22:26:09,450 DEBUG    root            Added [.gcloud/virtenv/lib/python3.12/site-packages/pip/_vendor/rich/_ratio.py]
2025-10-23 22:26:09,450 DEBUG    root            Added [.gcloud/virtenv/lib/python3.12/site-packages/pip/_vendor/rich/repr.py]
2025-10-23 22:26:09,450 DEBUG    root            Added [.gcloud/virtenv/lib/python3.12/site-packages/pip/_vendor/rich/constrain.py]
2025-10-23 22:26:09,453 DEBUG    root            Added [.gcloud/virtenv/lib/python3.12/site-packages/pip/_vendor/rich/pretty.py]
2025-10-23 22:26:09,453 DEBUG    root            Added [.gcloud/virtenv/lib/python3.12/site-packages/pip/_vendor/rich/diagnose.py]
2025-10-23 22:26:09,453 DEBUG    root            Added [.gcloud/virtenv/lib/python3.12/site-packages/pip/_vendor/rich/columns.py]
2025-10-23 22:26:09,457 DEBUG    root            Added [.gcloud/virtenv/lib/python3.12/site-packages/pip/_vendor/rich/rule.py]
2025-10-23 22:26:09,457 DEBUG    root            Added [.gcloud/virtenv/lib/python3.12/site-packages/pip/_vendor/rich/_inspect.py]
2025-10-23 22:26:09,457 DEBUG    root            Added [.gcloud/virtenv/lib/python3.12/site-packages/pip/_vendor/rich/pager.py]
2025-10-23 22:26:09,462 DEBUG    root            Added [.gcloud/virtenv/lib/python3.12/site-packages/pip/_vendor/rich/text.py]
2025-10-23 22:26:09,462 DEBUG    root            Added [.gcloud/virtenv/lib/python3.12/site-packages/pip/_vendor/rich/highlighter.py]
2025-10-23 22:26:09,464 DEBUG    root            Added [.gcloud/virtenv/lib/python3.12/site-packages/pip/_vendor/rich/_spinners.py]
2025-10-23 22:26:09,464 DEBUG    root            Added [.gcloud/virtenv/lib/python3.12/site-packages/pip/_vendor/rich/terminal_theme.py]
2025-10-23 22:26:09,464 DEBUG    root            Added [.gcloud/virtenv/lib/python3.12/site-packages/pip/_vendor/rich/bar.py]
2025-10-23 22:26:09,466 DEBUG    root            Added [.gcloud/virtenv/lib/python3.12/site-packages/pip/_vendor/rich/live.py]
2025-10-23 22:26:09,466 DEBUG    root            Added [.gcloud/virtenv/lib/python3.12/site-packages/pip/_vendor/rich/py.typed]
2025-10-23 22:26:09,471 DEBUG    root            Added [.gcloud/virtenv/lib/python3.12/site-packages/pip/_vendor/rich/syntax.py]
2025-10-23 22:26:09,473 DEBUG    root            Added [.gcloud/virtenv/lib/python3.12/site-packages/pip/_vendor/rich/table.py]
2025-10-23 22:26:09,473 DEBUG    root            Added [.gcloud/virtenv/lib/python3.12/site-packages/pip/_vendor/rich/_export_format.py]
2025-10-23 22:26:09,476 DEBUG    root            Added [.gcloud/virtenv/lib/python3.12/site-packages/pip/_vendor/rich/progress_bar.py]
2025-10-23 22:26:09,477 DEBUG    root            Added [.gcloud/virtenv/lib/python3.12/site-packages/pip/_vendor/rich/errors.py]
2025-10-23 22:26:09,477 DEBUG    root            Added [.gcloud/virtenv/lib/python3.12/site-packages/pip/_vendor/rich/prompt.py]
2025-10-23 22:26:09,479 DEBUG    root            Added [.gcloud/virtenv/lib/python3.12/site-packages/pip/_vendor/rich/segment.py]
2025-10-23 22:26:09,481 DEBUG    root            Added [.gcloud/virtenv/lib/python3.12/site-packages/pip/_vendor/rich/ansi.py]
2025-10-23 22:26:09,486 DEBUG    root            Added [.gcloud/virtenv/lib/python3.12/site-packages/pip/_vendor/rich/progress.py]
2025-10-23 22:26:09,486 DEBUG    root            Added [.gcloud/virtenv/lib/python3.12/site-packages/pip/_vendor/rich/_stack.py]
2025-10-23 22:26:09,486 DEBUG    root            Added [.gcloud/virtenv/lib/python3.12/site-packages/pip/_vendor/rich/_windows.py]
2025-10-23 22:26:09,487 DEBUG    root            Added [.gcloud/virtenv/lib/python3.12/site-packages/pip/_vendor/rich/_cell_widths.py]
2025-10-23 22:26:09,488 DEBUG    root            Added [.gcloud/virtenv/lib/python3.12/site-packages/pip/_vendor/rich/cells.py]
2025-10-23 22:26:09,488 DEBUG    root            Added [.gcloud/virtenv/lib/python3.12/site-packages/pip/_vendor/rich/_win32_console.py]
2025-10-23 22:26:09,490 DEBUG    root            Added [.gcloud/virtenv/lib/python3.12/site-packages/pip/_vendor/rich/panel.py]
2025-10-23 22:26:09,490 DEBUG    root            Added [.gcloud/virtenv/lib/python3.12/site-packages/pip/_vendor/rich/styled.py]
2025-10-23 22:26:09,491 DEBUG    root            Added [.gcloud/virtenv/lib/python3.12/site-packages/pip/_vendor/rich/spinner.py]
2025-10-23 22:26:09,491 DEBUG    root            Added [.gcloud/virtenv/lib/python3.12/site-packages/pip/_vendor/rich/_windows_renderer.py]
2025-10-23 22:26:09,491 DEBUG    root            Added [.gcloud/virtenv/lib/python3.12/site-packages/pip/_vendor/rich/json.py]
2025-10-23 22:26:09,493 DEBUG    root            Added [.gcloud/virtenv/lib/python3.12/site-packages/pip/_vendor/rich/padding.py]
2025-10-23 22:26:09,493 DEBUG    root            Added [.gcloud/virtenv/lib/python3.12/site-packages/pip/_vendor/rich/__main__.py]
2025-10-23 22:26:09,493 DEBUG    root            Added [.gcloud/virtenv/lib/python3.12/site-packages/pip/_vendor/rich/scope.py]
2025-10-23 22:26:09,493 DEBUG    root            Added [.gcloud/virtenv/lib/python3.12/site-packages/pip/_vendor/rich/_extension.py]
2025-10-23 22:26:09,494 DEBUG    root            Added [.gcloud/virtenv/lib/python3.12/site-packages/pip/_vendor/rich/status.py]
2025-10-23 22:26:09,494 DEBUG    root            Added [.gcloud/virtenv/lib/python3.12/site-packages/pip/_vendor/rich/abc.py]
2025-10-23 22:26:09,496 DEBUG    root            Added [.gcloud/virtenv/lib/python3.12/site-packages/pip/_vendor/rich/jupyter.py]
2025-10-23 22:26:09,496 DEBUG    root            Added [.gcloud/virtenv/lib/python3.12/site-packages/pip/_vendor/rich/color_triplet.py]
2025-10-23 22:26:09,496 DEBUG    root            Added [.gcloud/virtenv/lib/python3.12/site-packages/pip/_vendor/urllib3/filepost.py]
2025-10-23 22:26:09,496 DEBUG    root            Added [.gcloud/virtenv/lib/python3.12/site-packages/pip/_vendor/urllib3/fields.py]
2025-10-23 22:26:09,496 DEBUG    root            Added [.gcloud/virtenv/lib/python3.12/site-packages/pip/_vendor/urllib3/_version.py]
2025-10-23 22:26:09,496 DEBUG    root            Added [.gcloud/virtenv/lib/python3.12/site-packages/pip/_vendor/urllib3/request.py]
2025-10-23 22:26:09,498 DEBUG    root            Added [.gcloud/virtenv/lib/python3.12/site-packages/pip/_vendor/urllib3/__init__.py]
2025-10-23 22:26:09,498 DEBUG    root            Added [.gcloud/virtenv/lib/python3.12/site-packages/pip/_vendor/urllib3/poolmanager.py]
2025-10-23 22:26:09,500 DEBUG    root            Added [.gcloud/virtenv/lib/python3.12/site-packages/pip/_vendor/urllib3/response.py]
2025-10-23 22:26:09,504 DEBUG    root            Added [.gcloud/virtenv/lib/python3.12/site-packages/pip/_vendor/urllib3/connection.py]
2025-10-23 22:26:09,506 DEBUG    root            Added [.gcloud/virtenv/lib/python3.12/site-packages/pip/_vendor/urllib3/_collections.py]
2025-10-23 22:26:09,506 DEBUG    root            Added [.gcloud/virtenv/lib/python3.12/site-packages/pip/_vendor/urllib3/exceptions.py]
2025-10-23 22:26:09,513 DEBUG    root            Added [.gcloud/virtenv/lib/python3.12/site-packages/pip/_vendor/urllib3/connectionpool.py]
2025-10-23 22:26:09,513 DEBUG    root            Added [.gcloud/virtenv/lib/python3.12/site-packages/pip/_vendor/urllib3/util/queue.py]
2025-10-23 22:26:09,513 DEBUG    root            Added [.gcloud/virtenv/lib/python3.12/site-packages/pip/_vendor/urllib3/util/ssltransport.py]
2025-10-23 22:26:09,513 DEBUG    root            Added [.gcloud/virtenv/lib/python3.12/site-packages/pip/_vendor/urllib3/util/proxy.py]
2025-10-23 22:26:09,513 DEBUG    root            Added [.gcloud/virtenv/lib/python3.12/site-packages/pip/_vendor/urllib3/util/wait.py]
2025-10-23 22:26:09,515 DEBUG    root            Added [.gcloud/virtenv/lib/python3.12/site-packages/pip/_vendor/urllib3/util/request.py]
2025-10-23 22:26:09,515 DEBUG    root            Added [.gcloud/virtenv/lib/python3.12/site-packages/pip/_vendor/urllib3/util/timeout.py]
2025-10-23 22:26:09,515 DEBUG    root            Added [.gcloud/virtenv/lib/python3.12/site-packages/pip/_vendor/urllib3/util/__init__.py]
2025-10-23 22:26:09,515 DEBUG    root            Added [.gcloud/virtenv/lib/python3.12/site-packages/pip/_vendor/urllib3/util/response.py]
2025-10-23 22:26:09,517 DEBUG    root            Added [.gcloud/virtenv/lib/python3.12/site-packages/pip/_vendor/urllib3/util/ssl_.py]
2025-10-23 22:26:09,519 DEBUG    root            Added [.gcloud/virtenv/lib/python3.12/site-packages/pip/_vendor/urllib3/util/retry.py]
2025-10-23 22:26:09,522 DEBUG    root            Added [.gcloud/virtenv/lib/python3.12/site-packages/pip/_vendor/urllib3/util/url.py]
2025-10-23 22:26:09,522 DEBUG    root            Added [.gcloud/virtenv/lib/python3.12/site-packages/pip/_vendor/urllib3/util/connection.py]
2025-10-23 22:26:09,522 DEBUG    root            Added [.gcloud/virtenv/lib/python3.12/site-packages/pip/_vendor/urllib3/util/ssl_match_hostname.py]
2025-10-23 22:26:09,527 DEBUG    root            Added [.gcloud/virtenv/lib/python3.12/site-packages/pip/_vendor/urllib3/contrib/securetransport.py]
2025-10-23 22:26:09,527 DEBUG    root            Added [.gcloud/virtenv/lib/python3.12/site-packages/pip/_vendor/urllib3/contrib/__init__.py]
2025-10-23 22:26:09,528 DEBUG    root            Added [.gcloud/virtenv/lib/python3.12/site-packages/pip/_vendor/urllib3/contrib/socks.py]
2025-10-23 22:26:09,528 DEBUG    root            Added [.gcloud/virtenv/lib/python3.12/site-packages/pip/_vendor/urllib3/contrib/_appengine_environ.py]
2025-10-23 22:26:09,530 DEBUG    root            Added [.gcloud/virtenv/lib/python3.12/site-packages/pip/_vendor/urllib3/contrib/pyopenssl.py]
2025-10-23 22:26:09,531 DEBUG    root            Added [.gcloud/virtenv/lib/python3.12/site-packages/pip/_vendor/urllib3/contrib/appengine.py]
2025-10-23 22:26:09,531 DEBUG    root            Added [.gcloud/virtenv/lib/python3.12/site-packages/pip/_vendor/urllib3/contrib/ntlmpool.py]
2025-10-23 22:26:09,531 DEBUG    root            Added [.gcloud/virtenv/lib/python3.12/site-packages/pip/_vendor/urllib3/contrib/_securetransport/__init__.py]
2025-10-23 22:26:09,532 DEBUG    root            Added [.gcloud/virtenv/lib/python3.12/site-packages/pip/_vendor/urllib3/contrib/_securetransport/low_level.py]
2025-10-23 22:26:09,535 DEBUG    root            Added [.gcloud/virtenv/lib/python3.12/site-packages/pip/_vendor/urllib3/contrib/_securetransport/bindings.py]
2025-10-23 22:26:09,535 DEBUG    root            Added [.gcloud/virtenv/lib/python3.12/site-packages/pip/_vendor/urllib3/packages/__init__.py]
2025-10-23 22:26:09,536 DEBUG    root            Added [.gcloud/virtenv/lib/python3.12/site-packages/pip/_vendor/urllib3/packages/six.py]
2025-10-23 22:26:09,536 DEBUG    root            Added [.gcloud/virtenv/lib/python3.12/site-packages/pip/_vendor/urllib3/packages/backports/__init__.py]
2025-10-23 22:26:09,536 DEBUG    root            Added [.gcloud/virtenv/lib/python3.12/site-packages/pip/_vendor/urllib3/packages/backports/makefile.py]
2025-10-23 22:26:09,536 DEBUG    root            Added [.gcloud/virtenv/lib/python3.12/site-packages/pip/_vendor/urllib3/packages/backports/weakref_finalize.py]
2025-10-23 22:26:09,548 DEBUG    root            Added [.gcloud/virtenv/lib/python3.12/site-packages/pip/_vendor/pkg_resources/__init__.py]
2025-10-23 22:26:09,551 DEBUG    root            Added [.gcloud/virtenv/lib/python3.12/site-packages/pip/_vendor/resolvelib/resolvers.py]
2025-10-23 22:26:09,551 DEBUG    root            Added [.gcloud/virtenv/lib/python3.12/site-packages/pip/_vendor/resolvelib/__init__.py]
2025-10-23 22:26:09,551 DEBUG    root            Added [.gcloud/virtenv/lib/python3.12/site-packages/pip/_vendor/resolvelib/providers.py]
2025-10-23 22:26:09,555 DEBUG    root            Added [.gcloud/virtenv/lib/python3.12/site-packages/pip/_vendor/resolvelib/structs.py]
2025-10-23 22:26:09,555 DEBUG    root            Added [.gcloud/virtenv/lib/python3.12/site-packages/pip/_vendor/resolvelib/reporters.py]
2025-10-23 22:26:09,555 DEBUG    root            Added [.gcloud/virtenv/lib/python3.12/site-packages/pip/_vendor/resolvelib/py.typed]
2025-10-23 22:26:09,555 DEBUG    root            Added [.gcloud/virtenv/lib/python3.12/site-packages/pip/_vendor/resolvelib/compat/__init__.py]
2025-10-23 22:26:09,555 DEBUG    root            Added [.gcloud/virtenv/lib/python3.12/site-packages/pip/_vendor/resolvelib/compat/collections_abc.py]
2025-10-23 22:26:09,555 DEBUG    root            Added [.gcloud/virtenv/lib/python3.12/site-packages/pip/_vendor/platformdirs/macos.py]
2025-10-23 22:26:09,556 DEBUG    root            Added [.gcloud/virtenv/lib/python3.12/site-packages/pip/_vendor/platformdirs/unix.py]
2025-10-23 22:26:09,556 DEBUG    root            Added [.gcloud/virtenv/lib/python3.12/site-packages/pip/_vendor/platformdirs/version.py]
2025-10-23 22:26:09,557 DEBUG    root            Added [.gcloud/virtenv/lib/python3.12/site-packages/pip/_vendor/platformdirs/__init__.py]
2025-10-23 22:26:09,558 DEBUG    root            Added [.gcloud/virtenv/lib/python3.12/site-packages/pip/_vendor/platformdirs/api.py]
2025-10-23 22:26:09,558 DEBUG    root            Added [.gcloud/virtenv/lib/python3.12/site-packages/pip/_vendor/platformdirs/android.py]
2025-10-23 22:26:09,558 DEBUG    root            Added [.gcloud/virtenv/lib/python3.12/site-packages/pip/_vendor/platformdirs/py.typed]
2025-10-23 22:26:09,559 DEBUG    root            Added [.gcloud/virtenv/lib/python3.12/site-packages/pip/_vendor/platformdirs/windows.py]
2025-10-23 22:26:09,559 DEBUG    root            Added [.gcloud/virtenv/lib/python3.12/site-packages/pip/_vendor/platformdirs/__main__.py]
2025-10-23 22:26:09,559 DEBUG    root            Added [.gcloud/virtenv/lib/python3.12/site-packages/google_crc32c-1.7.1.dist-info/zip-safe]
2025-10-23 22:26:09,559 DEBUG    root            Added [.gcloud/virtenv/lib/python3.12/site-packages/google_crc32c-1.7.1.dist-info/RECORD]
2025-10-23 22:26:09,559 DEBUG    root            Added [.gcloud/virtenv/lib/python3.12/site-packages/google_crc32c-1.7.1.dist-info/WHEEL]
2025-10-23 22:26:09,559 DEBUG    root            Added [.gcloud/virtenv/lib/python3.12/site-packages/google_crc32c-1.7.1.dist-info/top_level.txt]
2025-10-23 22:26:09,560 DEBUG    root            Added [.gcloud/virtenv/lib/python3.12/site-packages/google_crc32c-1.7.1.dist-info/REQUESTED]
2025-10-23 22:26:09,560 DEBUG    root            Added [.gcloud/virtenv/lib/python3.12/site-packages/google_crc32c-1.7.1.dist-info/INSTALLER]
2025-10-23 22:26:09,560 DEBUG    root            Added [.gcloud/virtenv/lib/python3.12/site-packages/google_crc32c-1.7.1.dist-info/METADATA]
2025-10-23 22:26:09,561 DEBUG    root            Added [.gcloud/virtenv/lib/python3.12/site-packages/google_crc32c-1.7.1.dist-info/licenses/LICENSE]
2025-10-23 22:26:09,562 DEBUG    root            Added [.gcloud/virtenv/lib/python3.12/site-packages/setuptools-80.9.0.dist-info/RECORD]
2025-10-23 22:26:09,562 DEBUG    root            Added [.gcloud/virtenv/lib/python3.12/site-packages/setuptools-80.9.0.dist-info/WHEEL]
2025-10-23 22:26:09,562 DEBUG    root            Added [.gcloud/virtenv/lib/python3.12/site-packages/setuptools-80.9.0.dist-info/entry_points.txt]
2025-10-23 22:26:09,563 DEBUG    root            Added [.gcloud/virtenv/lib/python3.12/site-packages/setuptools-80.9.0.dist-info/top_level.txt]
2025-10-23 22:26:09,563 DEBUG    root            Added [.gcloud/virtenv/lib/python3.12/site-packages/setuptools-80.9.0.dist-info/REQUESTED]
2025-10-23 22:26:09,563 DEBUG    root            Added [.gcloud/virtenv/lib/python3.12/site-packages/setuptools-80.9.0.dist-info/INSTALLER]
2025-10-23 22:26:09,563 DEBUG    root            Added [.gcloud/virtenv/lib/python3.12/site-packages/setuptools-80.9.0.dist-info/METADATA]
2025-10-23 22:26:09,564 DEBUG    root            Added [.gcloud/virtenv/lib/python3.12/site-packages/setuptools-80.9.0.dist-info/licenses/LICENSE]
2025-10-23 22:26:09,564 DEBUG    root            Added [.gcloud/virtenv/lib/python3.12/site-packages/certifi/__init__.py]
2025-10-23 22:26:09,564 DEBUG    root            Added [.gcloud/virtenv/lib/python3.12/site-packages/certifi/core.py]
2025-10-23 22:26:09,564 DEBUG    root            Added [.gcloud/virtenv/lib/python3.12/site-packages/certifi/py.typed]
2025-10-23 22:26:09,570 DEBUG    root            Added [.gcloud/virtenv/lib/python3.12/site-packages/certifi/cacert.pem]
2025-10-23 22:26:09,571 DEBUG    root            Added [.gcloud/virtenv/lib/python3.12/site-packages/certifi/__main__.py]
2025-10-23 22:26:09,571 DEBUG    root            Added [.gcloud/virtenv/lib/python3.12/site-packages/typing_extensions-4.15.0.dist-info/RECORD]
2025-10-23 22:26:09,571 DEBUG    root            Added [.gcloud/virtenv/lib/python3.12/site-packages/typing_extensions-4.15.0.dist-info/WHEEL]
2025-10-23 22:26:09,572 DEBUG    root            Added [.gcloud/virtenv/lib/python3.12/site-packages/typing_extensions-4.15.0.dist-info/INSTALLER]
2025-10-23 22:26:09,572 DEBUG    root            Added [.gcloud/virtenv/lib/python3.12/site-packages/typing_extensions-4.15.0.dist-info/METADATA]
2025-10-23 22:26:09,572 DEBUG    root            Added [.gcloud/virtenv/lib/python3.12/site-packages/typing_extensions-4.15.0.dist-info/licenses/LICENSE]
2025-10-23 22:26:09,572 DEBUG    root            Added [.gcloud/virtenv/lib/python3.12/site-packages/setuptools/_path.py]
2025-10-23 22:26:09,573 DEBUG    root            Added [.gcloud/virtenv/lib/python3.12/site-packages/setuptools/cli-arm64.exe]
2025-10-23 22:26:09,573 DEBUG    root            Added [.gcloud/virtenv/lib/python3.12/site-packages/setuptools/logging.py]
2025-10-23 22:26:09,573 DEBUG    root            Added [.gcloud/virtenv/lib/python3.12/site-packages/setuptools/windows_support.py]
2025-10-23 22:26:09,573 DEBUG    root            Added [.gcloud/virtenv/lib/python3.12/site-packages/setuptools/_normalization.py]
2025-10-23 22:26:09,575 DEBUG    root            Added [.gcloud/virtenv/lib/python3.12/site-packages/setuptools/archive_util.py]
2025-10-23 22:26:09,575 DEBUG    root            Added [.gcloud/virtenv/lib/python3.12/site-packages/setuptools/_imp.py]
2025-10-23 22:26:09,575 DEBUG    root            Added [.gcloud/virtenv/lib/python3.12/site-packages/setuptools/version.py]
2025-10-23 22:26:09,576 DEBUG    root            Added [.gcloud/virtenv/lib/python3.12/site-packages/setuptools/modified.py]
2025-10-23 22:26:09,576 DEBUG    root            Added [.gcloud/virtenv/lib/python3.12/site-packages/setuptools/discovery.py]
2025-10-23 22:26:09,576 DEBUG    root            Added [.gcloud/virtenv/lib/python3.12/site-packages/setuptools/_static.py]
2025-10-23 22:26:09,578 DEBUG    root            Added [.gcloud/virtenv/lib/python3.12/site-packages/setuptools/warnings.py]
2025-10-23 22:26:09,578 DEBUG    root            Added [.gcloud/virtenv/lib/python3.12/site-packages/setuptools/cli-64.exe]
2025-10-23 22:26:09,578 DEBUG    root            Added [.gcloud/virtenv/lib/python3.12/site-packages/setuptools/_reqs.py]
2025-10-23 22:26:09,581 DEBUG    root            Added [.gcloud/virtenv/lib/python3.12/site-packages/setuptools/gui-64.exe]
2025-10-23 22:26:09,582 DEBUG    root            Added [.gcloud/virtenv/lib/python3.12/site-packages/setuptools/depends.py]
2025-10-23 22:26:09,582 DEBUG    root            Added [.gcloud/virtenv/lib/python3.12/site-packages/setuptools/__init__.py]
2025-10-23 22:26:09,583 DEBUG    root            Added [.gcloud/virtenv/lib/python3.12/site-packages/setuptools/_discovery.py]
2025-10-23 22:26:09,583 DEBUG    root            Added [.gcloud/virtenv/lib/python3.12/site-packages/setuptools/installer.py]
2025-10-23 22:26:09,583 DEBUG    root            Added [.gcloud/virtenv/lib/python3.12/site-packages/setuptools/glob.py]
2025-10-23 22:26:09,583 DEBUG    root            Added [.gcloud/virtenv/lib/python3.12/site-packages/setuptools/script.tmpl]
2025-10-23 22:26:09,583 DEBUG    root            Added [.gcloud/virtenv/lib/python3.12/site-packages/setuptools/launch.py]
2025-10-23 22:26:09,583 DEBUG    root            Added [.gcloud/virtenv/lib/python3.12/site-packages/setuptools/extension.py]
2025-10-23 22:26:09,585 DEBUG    root            Added [.gcloud/virtenv/lib/python3.12/site-packages/setuptools/_core_metadata.py]
2025-10-23 22:26:09,585 DEBUG    root            Added [.gcloud/virtenv/lib/python3.12/site-packages/setuptools/unicode_utils.py]
2025-10-23 22:26:09,585 DEBUG    root            Added [.gcloud/virtenv/lib/python3.12/site-packages/setuptools/_itertools.py]
2025-10-23 22:26:09,585 DEBUG    root            Added [.gcloud/virtenv/lib/python3.12/site-packages/setuptools/monkey.py]
2025-10-23 22:26:09,586 DEBUG    root            Added [.gcloud/virtenv/lib/python3.12/site-packages/setuptools/build_meta.py]
2025-10-23 22:26:09,588 DEBUG    root            Added [.gcloud/virtenv/lib/python3.12/site-packages/setuptools/cli.exe]
2025-10-23 22:26:09,588 DEBUG    root            Added [.gcloud/virtenv/lib/python3.12/site-packages/setuptools/errors.py]
2025-10-23 22:26:09,592 DEBUG    root            Added [.gcloud/virtenv/lib/python3.12/site-packages/setuptools/msvc.py]
2025-10-23 22:26:09,592 DEBUG    root            Added [.gcloud/virtenv/lib/python3.12/site-packages/setuptools/_importlib.py]
2025-10-23 22:26:09,592 DEBUG    root            Added [.gcloud/virtenv/lib/python3.12/site-packages/setuptools/_scripts.py]
2025-10-23 22:26:09,592 DEBUG    root            Added [.gcloud/virtenv/lib/python3.12/site-packages/setuptools/_entry_points.py]
2025-10-23 22:26:09,594 DEBUG    root            Added [.gcloud/virtenv/lib/python3.12/site-packages/setuptools/cli-32.exe]
2025-10-23 22:26:09,594 DEBUG    root            Added [.gcloud/virtenv/lib/python3.12/site-packages/setuptools/gui-32.exe]
2025-10-23 22:26:09,597 DEBUG    root            Added [.gcloud/virtenv/lib/python3.12/site-packages/setuptools/gui.exe]
2025-10-23 22:26:09,598 DEBUG    root            Added [.gcloud/virtenv/lib/python3.12/site-packages/setuptools/dist.py]
2025-10-23 22:26:09,600 DEBUG    root            Added [.gcloud/virtenv/lib/python3.12/site-packages/setuptools/wheel.py]
2025-10-23 22:26:09,600 DEBUG    root            Added [.gcloud/virtenv/lib/python3.12/site-packages/setuptools/gui-arm64.exe]
2025-10-23 22:26:09,601 DEBUG    root            Added [.gcloud/virtenv/lib/python3.12/site-packages/setuptools/namespaces.py]
2025-10-23 22:26:09,601 DEBUG    root            Added [.gcloud/virtenv/lib/python3.12/site-packages/setuptools/script (dev).tmpl]
2025-10-23 22:26:09,604 DEBUG    root            Added [.gcloud/virtenv/lib/python3.12/site-packages/setuptools/_shutil.py]
2025-10-23 22:26:09,604 DEBUG    root            Added [.gcloud/virtenv/lib/python3.12/site-packages/setuptools/compat/py39.py]
2025-10-23 22:26:09,604 DEBUG    root            Added [.gcloud/virtenv/lib/python3.12/site-packages/setuptools/compat/__init__.py]
2025-10-23 22:26:09,604 DEBUG    root            Added [.gcloud/virtenv/lib/python3.12/site-packages/setuptools/compat/py312.py]
2025-10-23 22:26:09,604 DEBUG    root            Added [.gcloud/virtenv/lib/python3.12/site-packages/setuptools/compat/py311.py]
2025-10-23 22:26:09,605 DEBUG    root            Added [.gcloud/virtenv/lib/python3.12/site-packages/setuptools/compat/py310.py]
2025-10-23 22:26:09,615 DEBUG    root            Added [.gcloud/virtenv/lib/python3.12/site-packages/setuptools/_vendor/typing_extensions.py]
2025-10-23 22:26:09,617 DEBUG    root            Added [.gcloud/virtenv/lib/python3.12/site-packages/setuptools/_vendor/packaging/tags.py]
2025-10-23 22:26:09,617 DEBUG    root            Added [.gcloud/virtenv/lib/python3.12/site-packages/setuptools/_vendor/packaging/_musllinux.py]
2025-10-23 22:26:09,623 DEBUG    root            Added [.gcloud/virtenv/lib/python3.12/site-packages/setuptools/_vendor/packaging/metadata.py]
2025-10-23 22:26:09,623 DEBUG    root            Added [.gcloud/virtenv/lib/python3.12/site-packages/setuptools/_vendor/packaging/version.py]
2025-10-23 22:26:09,623 DEBUG    root            Added [.gcloud/virtenv/lib/python3.12/site-packages/setuptools/_vendor/packaging/__init__.py]
2025-10-23 22:26:09,624 DEBUG    root            Added [.gcloud/virtenv/lib/python3.12/site-packages/setuptools/_vendor/packaging/_parser.py]
2025-10-23 22:26:09,625 DEBUG    root            Added [.gcloud/virtenv/lib/python3.12/site-packages/setuptools/_vendor/packaging/utils.py]
2025-10-23 22:26:09,625 DEBUG    root            Added [.gcloud/virtenv/lib/python3.12/site-packages/setuptools/_vendor/packaging/requirements.py]
2025-10-23 22:26:09,625 DEBUG    root            Added [.gcloud/virtenv/lib/python3.12/site-packages/setuptools/_vendor/packaging/_structures.py]
2025-10-23 22:26:09,626 DEBUG    root            Added [.gcloud/virtenv/lib/python3.12/site-packages/setuptools/_vendor/packaging/markers.py]
2025-10-23 22:26:09,626 DEBUG    root            Added [.gcloud/virtenv/lib/python3.12/site-packages/setuptools/_vendor/packaging/py.typed]
2025-10-23 22:26:09,626 DEBUG    root            Added [.gcloud/virtenv/lib/python3.12/site-packages/setuptools/_vendor/packaging/_manylinux.py]
2025-10-23 22:26:09,627 DEBUG    root            Added [.gcloud/virtenv/lib/python3.12/site-packages/setuptools/_vendor/packaging/_tokenizer.py]
2025-10-23 22:26:09,632 DEBUG    root            Added [.gcloud/virtenv/lib/python3.12/site-packages/setuptools/_vendor/packaging/specifiers.py]
2025-10-23 22:26:09,632 DEBUG    root            Added [.gcloud/virtenv/lib/python3.12/site-packages/setuptools/_vendor/packaging/_elffile.py]
2025-10-23 22:26:09,632 DEBUG    root            Added [.gcloud/virtenv/lib/python3.12/site-packages/setuptools/_vendor/packaging/licenses/__init__.py]
2025-10-23 22:26:09,634 DEBUG    root            Added [.gcloud/virtenv/lib/python3.12/site-packages/setuptools/_vendor/packaging/licenses/_spdx.py]
2025-10-23 22:26:09,634 DEBUG    root            Added [.gcloud/virtenv/lib/python3.12/site-packages/setuptools/_vendor/jaraco.text-3.12.1.dist-info/RECORD]
2025-10-23 22:26:09,634 DEBUG    root            Added [.gcloud/virtenv/lib/python3.12/site-packages/setuptools/_vendor/jaraco.text-3.12.1.dist-info/LICENSE]
2025-10-23 22:26:09,635 DEBUG    root            Added [.gcloud/virtenv/lib/python3.12/site-packages/setuptools/_vendor/jaraco.text-3.12.1.dist-info/WHEEL]
2025-10-23 22:26:09,635 DEBUG    root            Added [.gcloud/virtenv/lib/python3.12/site-packages/setuptools/_vendor/jaraco.text-3.12.1.dist-info/top_level.txt]
2025-10-23 22:26:09,635 DEBUG    root            Added [.gcloud/virtenv/lib/python3.12/site-packages/setuptools/_vendor/jaraco.text-3.12.1.dist-info/REQUESTED]
2025-10-23 22:26:09,635 DEBUG    root            Added [.gcloud/virtenv/lib/python3.12/site-packages/setuptools/_vendor/jaraco.text-3.12.1.dist-info/INSTALLER]
2025-10-23 22:26:09,636 DEBUG    root            Added [.gcloud/virtenv/lib/python3.12/site-packages/setuptools/_vendor/jaraco.text-3.12.1.dist-info/METADATA]
2025-10-23 22:26:09,636 DEBUG    root            Added [.gcloud/virtenv/lib/python3.12/site-packages/setuptools/_vendor/jaraco.collections-5.1.0.dist-info/RECORD]
2025-10-23 22:26:09,636 DEBUG    root            Added [.gcloud/virtenv/lib/python3.12/site-packages/setuptools/_vendor/jaraco.collections-5.1.0.dist-info/LICENSE]
2025-10-23 22:26:09,636 DEBUG    root            Added [.gcloud/virtenv/lib/python3.12/site-packages/setuptools/_vendor/jaraco.collections-5.1.0.dist-info/WHEEL]
2025-10-23 22:26:09,636 DEBUG    root            Added [.gcloud/virtenv/lib/python3.12/site-packages/setuptools/_vendor/jaraco.collections-5.1.0.dist-info/top_level.txt]
2025-10-23 22:26:09,636 DEBUG    root            Added [.gcloud/virtenv/lib/python3.12/site-packages/setuptools/_vendor/jaraco.collections-5.1.0.dist-info/REQUESTED]
2025-10-23 22:26:09,637 DEBUG    root            Added [.gcloud/virtenv/lib/python3.12/site-packages/setuptools/_vendor/jaraco.collections-5.1.0.dist-info/INSTALLER]
2025-10-23 22:26:09,637 DEBUG    root            Added [.gcloud/virtenv/lib/python3.12/site-packages/setuptools/_vendor/jaraco.collections-5.1.0.dist-info/METADATA]
2025-10-23 22:26:09,637 DEBUG    root            Added [.gcloud/virtenv/lib/python3.12/site-packages/setuptools/_vendor/importlib_metadata-8.0.0.dist-info/RECORD]
2025-10-23 22:26:09,637 DEBUG    root            Added [.gcloud/virtenv/lib/python3.12/site-packages/setuptools/_vendor/importlib_metadata-8.0.0.dist-info/LICENSE]
2025-10-23 22:26:09,638 DEBUG    root            Added [.gcloud/virtenv/lib/python3.12/site-packages/setuptools/_vendor/importlib_metadata-8.0.0.dist-info/WHEEL]
2025-10-23 22:26:09,638 DEBUG    root            Added [.gcloud/virtenv/lib/python3.12/site-packages/setuptools/_vendor/importlib_metadata-8.0.0.dist-info/top_level.txt]
2025-10-23 22:26:09,638 DEBUG    root            Added [.gcloud/virtenv/lib/python3.12/site-packages/setuptools/_vendor/importlib_metadata-8.0.0.dist-info/REQUESTED]
2025-10-23 22:26:09,638 DEBUG    root            Added [.gcloud/virtenv/lib/python3.12/site-packages/setuptools/_vendor/importlib_metadata-8.0.0.dist-info/INSTALLER]
2025-10-23 22:26:09,638 DEBUG    root            Added [.gcloud/virtenv/lib/python3.12/site-packages/setuptools/_vendor/importlib_metadata-8.0.0.dist-info/METADATA]
2025-10-23 22:26:09,646 DEBUG    root            Added [.gcloud/virtenv/lib/python3.12/site-packages/setuptools/_vendor/inflect/__init__.py]
2025-10-23 22:26:09,646 DEBUG    root            Added [.gcloud/virtenv/lib/python3.12/site-packages/setuptools/_vendor/inflect/py.typed]
2025-10-23 22:26:09,646 DEBUG    root            Added [.gcloud/virtenv/lib/python3.12/site-packages/setuptools/_vendor/inflect/compat/py38.py]
2025-10-23 22:26:09,647 DEBUG    root            Added [.gcloud/virtenv/lib/python3.12/site-packages/setuptools/_vendor/inflect/compat/__init__.py]
2025-10-23 22:26:09,647 DEBUG    root            Added [.gcloud/virtenv/lib/python3.12/site-packages/setuptools/_vendor/jaraco/context.py]
2025-10-23 22:26:09,647 DEBUG    root            Added [.gcloud/virtenv/lib/python3.12/site-packages/setuptools/_vendor/jaraco/functools/__init__.pyi]
2025-10-23 22:26:09,649 DEBUG    root            Added [.gcloud/virtenv/lib/python3.12/site-packages/setuptools/_vendor/jaraco/functools/__init__.py]
2025-10-23 22:26:09,649 DEBUG    root            Added [.gcloud/virtenv/lib/python3.12/site-packages/setuptools/_vendor/jaraco/functools/py.typed]
2025-10-23 22:26:09,649 DEBUG    root            Added [.gcloud/virtenv/lib/python3.12/site-packages/setuptools/_vendor/jaraco/text/to-qwerty.py]
2025-10-23 22:26:09,650 DEBUG    root            Added [.gcloud/virtenv/lib/python3.12/site-packages/setuptools/_vendor/jaraco/text/show-newlines.py]
2025-10-23 22:26:09,650 DEBUG    root            Added [.gcloud/virtenv/lib/python3.12/site-packages/setuptools/_vendor/jaraco/text/to-dvorak.py]
2025-10-23 22:26:09,651 DEBUG    root            Added [.gcloud/virtenv/lib/python3.12/site-packages/setuptools/_vendor/jaraco/text/__init__.py]
2025-10-23 22:26:09,651 DEBUG    root            Added [.gcloud/virtenv/lib/python3.12/site-packages/setuptools/_vendor/jaraco/text/strip-prefix.py]
2025-10-23 22:26:09,651 DEBUG    root            Added [.gcloud/virtenv/lib/python3.12/site-packages/setuptools/_vendor/jaraco/text/Lorem ipsum.txt]
2025-10-23 22:26:09,651 DEBUG    root            Added [.gcloud/virtenv/lib/python3.12/site-packages/setuptools/_vendor/jaraco/text/layouts.py]
2025-10-23 22:26:09,652 DEBUG    root            Added [.gcloud/virtenv/lib/python3.12/site-packages/setuptools/_vendor/jaraco/collections/__init__.py]
2025-10-23 22:26:09,653 DEBUG    root            Added [.gcloud/virtenv/lib/python3.12/site-packages/setuptools/_vendor/jaraco/collections/py.typed]
2025-10-23 22:26:09,653 DEBUG    root            Added [.gcloud/virtenv/lib/python3.12/site-packages/setuptools/_vendor/jaraco.functools-4.0.1.dist-info/RECORD]
2025-10-23 22:26:09,655 DEBUG    root            Added [.gcloud/virtenv/lib/python3.12/site-packages/setuptools/_vendor/jaraco.functools-4.0.1.dist-info/LICENSE]
2025-10-23 22:26:09,655 DEBUG    root            Added [.gcloud/virtenv/lib/python3.12/site-packages/setuptools/_vendor/jaraco.functools-4.0.1.dist-info/WHEEL]
2025-10-23 22:26:09,655 DEBUG    root            Added [.gcloud/virtenv/lib/python3.12/site-packages/setuptools/_vendor/jaraco.functools-4.0.1.dist-info/top_level.txt]
2025-10-23 22:26:09,655 DEBUG    root            Added [.gcloud/virtenv/lib/python3.12/site-packages/setuptools/_vendor/jaraco.functools-4.0.1.dist-info/INSTALLER]
2025-10-23 22:26:09,655 DEBUG    root            Added [.gcloud/virtenv/lib/python3.12/site-packages/setuptools/_vendor/jaraco.functools-4.0.1.dist-info/METADATA]
2025-10-23 22:26:09,655 DEBUG    root            Added [.gcloud/virtenv/lib/python3.12/site-packages/setuptools/_vendor/jaraco.context-5.3.0.dist-info/RECORD]
2025-10-23 22:26:09,655 DEBUG    root            Added [.gcloud/virtenv/lib/python3.12/site-packages/setuptools/_vendor/jaraco.context-5.3.0.dist-info/LICENSE]
2025-10-23 22:26:09,655 DEBUG    root            Added [.gcloud/virtenv/lib/python3.12/site-packages/setuptools/_vendor/jaraco.context-5.3.0.dist-info/WHEEL]
2025-10-23 22:26:09,656 DEBUG    root            Added [.gcloud/virtenv/lib/python3.12/site-packages/setuptools/_vendor/jaraco.context-5.3.0.dist-info/top_level.txt]
2025-10-23 22:26:09,656 DEBUG    root            Added [.gcloud/virtenv/lib/python3.12/site-packages/setuptools/_vendor/jaraco.context-5.3.0.dist-info/INSTALLER]
2025-10-23 22:26:09,656 DEBUG    root            Added [.gcloud/virtenv/lib/python3.12/site-packages/setuptools/_vendor/jaraco.context-5.3.0.dist-info/METADATA]
2025-10-23 22:26:09,656 DEBUG    root            Added [.gcloud/virtenv/lib/python3.12/site-packages/setuptools/_vendor/inflect-7.3.1.dist-info/RECORD]
2025-10-23 22:26:09,656 DEBUG    root            Added [.gcloud/virtenv/lib/python3.12/site-packages/setuptools/_vendor/inflect-7.3.1.dist-info/LICENSE]
2025-10-23 22:26:09,657 DEBUG    root            Added [.gcloud/virtenv/lib/python3.12/site-packages/setuptools/_vendor/inflect-7.3.1.dist-info/WHEEL]
2025-10-23 22:26:09,657 DEBUG    root            Added [.gcloud/virtenv/lib/python3.12/site-packages/setuptools/_vendor/inflect-7.3.1.dist-info/top_level.txt]
2025-10-23 22:26:09,657 DEBUG    root            Added [.gcloud/virtenv/lib/python3.12/site-packages/setuptools/_vendor/inflect-7.3.1.dist-info/INSTALLER]
2025-10-23 22:26:09,657 DEBUG    root            Added [.gcloud/virtenv/lib/python3.12/site-packages/setuptools/_vendor/inflect-7.3.1.dist-info/METADATA]
2025-10-23 22:26:09,658 DEBUG    root            Added [.gcloud/virtenv/lib/python3.12/site-packages/setuptools/_vendor/importlib_metadata/_meta.py]
2025-10-23 22:26:09,658 DEBUG    root            Added [.gcloud/virtenv/lib/python3.12/site-packages/setuptools/_vendor/importlib_metadata/_text.py]
2025-10-23 22:26:09,659 DEBUG    root            Added [.gcloud/virtenv/lib/python3.12/site-packages/setuptools/_vendor/importlib_metadata/__init__.py]
2025-10-23 22:26:09,659 DEBUG    root            Added [.gcloud/virtenv/lib/python3.12/site-packages/setuptools/_vendor/importlib_metadata/_functools.py]
2025-10-23 22:26:09,659 DEBUG    root            Added [.gcloud/virtenv/lib/python3.12/site-packages/setuptools/_vendor/importlib_metadata/diagnose.py]
2025-10-23 22:26:09,660 DEBUG    root            Added [.gcloud/virtenv/lib/python3.12/site-packages/setuptools/_vendor/importlib_metadata/_collections.py]
2025-10-23 22:26:09,660 DEBUG    root            Added [.gcloud/virtenv/lib/python3.12/site-packages/setuptools/_vendor/importlib_metadata/_itertools.py]
2025-10-23 22:26:09,660 DEBUG    root            Added [.gcloud/virtenv/lib/python3.12/site-packages/setuptools/_vendor/importlib_metadata/py.typed]
2025-10-23 22:26:09,662 DEBUG    root            Added [.gcloud/virtenv/lib/python3.12/site-packages/setuptools/_vendor/importlib_metadata/_adapters.py]
2025-10-23 22:26:09,662 DEBUG    root            Added [.gcloud/virtenv/lib/python3.12/site-packages/setuptools/_vendor/importlib_metadata/_compat.py]
2025-10-23 22:26:09,662 DEBUG    root            Added [.gcloud/virtenv/lib/python3.12/site-packages/setuptools/_vendor/importlib_metadata/compat/py39.py]
2025-10-23 22:26:09,662 DEBUG    root            Added [.gcloud/virtenv/lib/python3.12/site-packages/setuptools/_vendor/importlib_metadata/compat/__init__.py]
2025-10-23 22:26:09,663 DEBUG    root            Added [.gcloud/virtenv/lib/python3.12/site-packages/setuptools/_vendor/importlib_metadata/compat/py311.py]
2025-10-23 22:26:09,663 DEBUG    root            Added [.gcloud/virtenv/lib/python3.12/site-packages/setuptools/_vendor/wheel/metadata.py]
2025-10-23 22:26:09,664 DEBUG    root            Added [.gcloud/virtenv/lib/python3.12/site-packages/setuptools/_vendor/wheel/macosx_libfile.py]
2025-10-23 22:26:09,664 DEBUG    root            Added [.gcloud/virtenv/lib/python3.12/site-packages/setuptools/_vendor/wheel/util.py]
2025-10-23 22:26:09,664 DEBUG    root            Added [.gcloud/virtenv/lib/python3.12/site-packages/setuptools/_vendor/wheel/_setuptools_logging.py]
2025-10-23 22:26:09,664 DEBUG    root            Added [.gcloud/virtenv/lib/python3.12/site-packages/setuptools/_vendor/wheel/__init__.py]
2025-10-23 22:26:09,664 DEBUG    root            Added [.gcloud/virtenv/lib/python3.12/site-packages/setuptools/_vendor/wheel/bdist_wheel.py]
2025-10-23 22:26:09,665 DEBUG    root            Added [.gcloud/virtenv/lib/python3.12/site-packages/setuptools/_vendor/wheel/_bdist_wheel.py]
2025-10-23 22:26:09,665 DEBUG    root            Added [.gcloud/virtenv/lib/python3.12/site-packages/setuptools/_vendor/wheel/wheelfile.py]
2025-10-23 22:26:09,668 DEBUG    root            Added [.gcloud/virtenv/lib/python3.12/site-packages/setuptools/_vendor/wheel/__main__.py]
2025-10-23 22:26:09,668 DEBUG    root            Added [.gcloud/virtenv/lib/python3.12/site-packages/setuptools/_vendor/wheel/cli/pack.py]
2025-10-23 22:26:09,668 DEBUG    root            Added [.gcloud/virtenv/lib/python3.12/site-packages/setuptools/_vendor/wheel/cli/tags.py]
2025-10-23 22:26:09,668 DEBUG    root            Added [.gcloud/virtenv/lib/python3.12/site-packages/setuptools/_vendor/wheel/cli/convert.py]
2025-10-23 22:26:09,671 DEBUG    root            Added [.gcloud/virtenv/lib/python3.12/site-packages/setuptools/_vendor/wheel/cli/__init__.py]
2025-10-23 22:26:09,671 DEBUG    root            Added [.gcloud/virtenv/lib/python3.12/site-packages/setuptools/_vendor/wheel/cli/unpack.py]
2025-10-23 22:26:09,671 DEBUG    root            Added [.gcloud/virtenv/lib/python3.12/site-packages/setuptools/_vendor/wheel/vendored/vendor.txt]
2025-10-23 22:26:09,671 DEBUG    root            Added [.gcloud/virtenv/lib/python3.12/site-packages/setuptools/_vendor/wheel/vendored/__init__.py]
2025-10-23 22:26:09,671 DEBUG    root            Added [.gcloud/virtenv/lib/python3.12/site-packages/setuptools/_vendor/wheel/vendored/packaging/tags.py]
2025-10-23 22:26:09,673 DEBUG    root            Added [.gcloud/virtenv/lib/python3.12/site-packages/setuptools/_vendor/wheel/vendored/packaging/_musllinux.py]
2025-10-23 22:26:09,673 DEBUG    root            Added [.gcloud/virtenv/lib/python3.12/site-packages/setuptools/_vendor/wheel/vendored/packaging/version.py]
2025-10-23 22:26:09,673 DEBUG    root            Added [.gcloud/virtenv/lib/python3.12/site-packages/setuptools/_vendor/wheel/vendored/packaging/LICENSE]
2025-10-23 22:26:09,675 DEBUG    root            Added [.gcloud/virtenv/lib/python3.12/site-packages/setuptools/_vendor/wheel/vendored/packaging/LICENSE.APACHE]
2025-10-23 22:26:09,675 DEBUG    root            Added [.gcloud/virtenv/lib/python3.12/site-packages/setuptools/_vendor/wheel/vendored/packaging/__init__.py]
2025-10-23 22:26:09,675 DEBUG    root            Added [.gcloud/virtenv/lib/python3.12/site-packages/setuptools/_vendor/wheel/vendored/packaging/_parser.py]
2025-10-23 22:26:09,675 DEBUG    root            Added [.gcloud/virtenv/lib/python3.12/site-packages/setuptools/_vendor/wheel/vendored/packaging/LICENSE.BSD]
2025-10-23 22:26:09,677 DEBUG    root            Added [.gcloud/virtenv/lib/python3.12/site-packages/setuptools/_vendor/wheel/vendored/packaging/utils.py]
2025-10-23 22:26:09,677 DEBUG    root            Added [.gcloud/virtenv/lib/python3.12/site-packages/setuptools/_vendor/wheel/vendored/packaging/requirements.py]
2025-10-23 22:26:09,677 DEBUG    root            Added [.gcloud/virtenv/lib/python3.12/site-packages/setuptools/_vendor/wheel/vendored/packaging/_structures.py]
2025-10-23 22:26:09,677 DEBUG    root            Added [.gcloud/virtenv/lib/python3.12/site-packages/setuptools/_vendor/wheel/vendored/packaging/markers.py]
2025-10-23 22:26:09,679 DEBUG    root            Added [.gcloud/virtenv/lib/python3.12/site-packages/setuptools/_vendor/wheel/vendored/packaging/_manylinux.py]
2025-10-23 22:26:09,679 DEBUG    root            Added [.gcloud/virtenv/lib/python3.12/site-packages/setuptools/_vendor/wheel/vendored/packaging/_tokenizer.py]
2025-10-23 22:26:09,683 DEBUG    root            Added [.gcloud/virtenv/lib/python3.12/site-packages/setuptools/_vendor/wheel/vendored/packaging/specifiers.py]
2025-10-23 22:26:09,683 DEBUG    root            Added [.gcloud/virtenv/lib/python3.12/site-packages/setuptools/_vendor/wheel/vendored/packaging/_elffile.py]
2025-10-23 22:26:09,683 DEBUG    root            Added [.gcloud/virtenv/lib/python3.12/site-packages/setuptools/_vendor/zipp/__init__.py]
2025-10-23 22:26:09,683 DEBUG    root            Added [.gcloud/virtenv/lib/python3.12/site-packages/setuptools/_vendor/zipp/glob.py]
2025-10-23 22:26:09,686 DEBUG    root            Added [.gcloud/virtenv/lib/python3.12/site-packages/setuptools/_vendor/zipp/compat/__init__.py]
2025-10-23 22:26:09,686 DEBUG    root            Added [.gcloud/virtenv/lib/python3.12/site-packages/setuptools/_vendor/zipp/compat/py310.py]
2025-10-23 22:26:09,686 DEBUG    root            Added [.gcloud/virtenv/lib/python3.12/site-packages/setuptools/_vendor/autocommand-2.2.2.dist-info/RECORD]
2025-10-23 22:26:09,686 DEBUG    root            Added [.gcloud/virtenv/lib/python3.12/site-packages/setuptools/_vendor/autocommand-2.2.2.dist-info/LICENSE]
2025-10-23 22:26:09,686 DEBUG    root            Added [.gcloud/virtenv/lib/python3.12/site-packages/setuptools/_vendor/autocommand-2.2.2.dist-info/WHEEL]
2025-10-23 22:26:09,686 DEBUG    root            Added [.gcloud/virtenv/lib/python3.12/site-packages/setuptools/_vendor/autocommand-2.2.2.dist-info/top_level.txt]
2025-10-23 22:26:09,687 DEBUG    root            Added [.gcloud/virtenv/lib/python3.12/site-packages/setuptools/_vendor/autocommand-2.2.2.dist-info/INSTALLER]
2025-10-23 22:26:09,687 DEBUG    root            Added [.gcloud/virtenv/lib/python3.12/site-packages/setuptools/_vendor/autocommand-2.2.2.dist-info/METADATA]
2025-10-23 22:26:09,688 DEBUG    root            Added [.gcloud/virtenv/lib/python3.12/site-packages/setuptools/_vendor/more_itertools/__init__.pyi]
2025-10-23 22:26:09,688 DEBUG    root            Added [.gcloud/virtenv/lib/python3.12/site-packages/setuptools/_vendor/more_itertools/more.pyi]
2025-10-23 22:26:09,688 DEBUG    root            Added [.gcloud/virtenv/lib/python3.12/site-packages/setuptools/_vendor/more_itertools/__init__.py]
2025-10-23 22:26:09,703 DEBUG    root            Added [.gcloud/virtenv/lib/python3.12/site-packages/setuptools/_vendor/more_itertools/more.py]
2025-10-23 22:26:09,704 DEBUG    root            Added [.gcloud/virtenv/lib/python3.12/site-packages/setuptools/_vendor/more_itertools/recipes.py]
2025-10-23 22:26:09,704 DEBUG    root            Added [.gcloud/virtenv/lib/python3.12/site-packages/setuptools/_vendor/more_itertools/py.typed]
2025-10-23 22:26:09,707 DEBUG    root            Added [.gcloud/virtenv/lib/python3.12/site-packages/setuptools/_vendor/more_itertools/recipes.pyi]
2025-10-23 22:26:09,707 DEBUG    root            Added [.gcloud/virtenv/lib/python3.12/site-packages/setuptools/_vendor/backports/__init__.py]
2025-10-23 22:26:09,716 DEBUG    root            Added [.gcloud/virtenv/lib/python3.12/site-packages/setuptools/_vendor/backports/tarfile/__init__.py]
2025-10-23 22:26:09,716 DEBUG    root            Added [.gcloud/virtenv/lib/python3.12/site-packages/setuptools/_vendor/backports/tarfile/__main__.py]
2025-10-23 22:26:09,716 DEBUG    root            Added [.gcloud/virtenv/lib/python3.12/site-packages/setuptools/_vendor/backports/tarfile/compat/py38.py]
2025-10-23 22:26:09,716 DEBUG    root            Added [.gcloud/virtenv/lib/python3.12/site-packages/setuptools/_vendor/backports/tarfile/compat/__init__.py]
2025-10-23 22:26:09,719 DEBUG    root            Added [.gcloud/virtenv/lib/python3.12/site-packages/setuptools/_vendor/autocommand/__init__.py]
2025-10-23 22:26:09,719 DEBUG    root            Added [.gcloud/virtenv/lib/python3.12/site-packages/setuptools/_vendor/autocommand/automain.py]
2025-10-23 22:26:09,720 DEBUG    root            Added [.gcloud/virtenv/lib/python3.12/site-packages/setuptools/_vendor/autocommand/errors.py]
2025-10-23 22:26:09,720 DEBUG    root            Added [.gcloud/virtenv/lib/python3.12/site-packages/setuptools/_vendor/autocommand/autocommand.py]
2025-10-23 22:26:09,720 DEBUG    root            Added [.gcloud/virtenv/lib/python3.12/site-packages/setuptools/_vendor/autocommand/autoasync.py]
2025-10-23 22:26:09,721 DEBUG    root            Added [.gcloud/virtenv/lib/python3.12/site-packages/setuptools/_vendor/autocommand/autoparse.py]
2025-10-23 22:26:09,721 DEBUG    root            Added [.gcloud/virtenv/lib/python3.12/site-packages/setuptools/_vendor/tomli/_types.py]
2025-10-23 22:26:09,721 DEBUG    root            Added [.gcloud/virtenv/lib/python3.12/site-packages/setuptools/_vendor/tomli/__init__.py]
2025-10-23 22:26:09,722 DEBUG    root            Added [.gcloud/virtenv/lib/python3.12/site-packages/setuptools/_vendor/tomli/_parser.py]
2025-10-23 22:26:09,722 DEBUG    root            Added [.gcloud/virtenv/lib/python3.12/site-packages/setuptools/_vendor/tomli/_re.py]
2025-10-23 22:26:09,722 DEBUG    root            Added [.gcloud/virtenv/lib/python3.12/site-packages/setuptools/_vendor/tomli/py.typed]
2025-10-23 22:26:09,722 DEBUG    root            Added [.gcloud/virtenv/lib/python3.12/site-packages/setuptools/_vendor/backports.tarfile-1.2.0.dist-info/RECORD]
2025-10-23 22:26:09,724 DEBUG    root            Added [.gcloud/virtenv/lib/python3.12/site-packages/setuptools/_vendor/backports.tarfile-1.2.0.dist-info/LICENSE]
2025-10-23 22:26:09,725 DEBUG    root            Added [.gcloud/virtenv/lib/python3.12/site-packages/setuptools/_vendor/backports.tarfile-1.2.0.dist-info/WHEEL]
2025-10-23 22:26:09,725 DEBUG    root            Added [.gcloud/virtenv/lib/python3.12/site-packages/setuptools/_vendor/backports.tarfile-1.2.0.dist-info/top_level.txt]
2025-10-23 22:26:09,725 DEBUG    root            Added [.gcloud/virtenv/lib/python3.12/site-packages/setuptools/_vendor/backports.tarfile-1.2.0.dist-info/REQUESTED]
2025-10-23 22:26:09,725 DEBUG    root            Added [.gcloud/virtenv/lib/python3.12/site-packages/setuptools/_vendor/backports.tarfile-1.2.0.dist-info/INSTALLER]
2025-10-23 22:26:09,725 DEBUG    root            Added [.gcloud/virtenv/lib/python3.12/site-packages/setuptools/_vendor/backports.tarfile-1.2.0.dist-info/METADATA]
2025-10-23 22:26:09,725 DEBUG    root            Added [.gcloud/virtenv/lib/python3.12/site-packages/setuptools/_vendor/typeguard-4.3.0.dist-info/RECORD]
2025-10-23 22:26:09,725 DEBUG    root            Added [.gcloud/virtenv/lib/python3.12/site-packages/setuptools/_vendor/typeguard-4.3.0.dist-info/LICENSE]
2025-10-23 22:26:09,725 DEBUG    root            Added [.gcloud/virtenv/lib/python3.12/site-packages/setuptools/_vendor/typeguard-4.3.0.dist-info/WHEEL]
2025-10-23 22:26:09,725 DEBUG    root            Added [.gcloud/virtenv/lib/python3.12/site-packages/setuptools/_vendor/typeguard-4.3.0.dist-info/entry_points.txt]
2025-10-23 22:26:09,725 DEBUG    root            Added [.gcloud/virtenv/lib/python3.12/site-packages/setuptools/_vendor/typeguard-4.3.0.dist-info/top_level.txt]
2025-10-23 22:26:09,725 DEBUG    root            Added [.gcloud/virtenv/lib/python3.12/site-packages/setuptools/_vendor/typeguard-4.3.0.dist-info/INSTALLER]
2025-10-23 22:26:09,726 DEBUG    root            Added [.gcloud/virtenv/lib/python3.12/site-packages/setuptools/_vendor/typeguard-4.3.0.dist-info/METADATA]
2025-10-23 22:26:09,726 DEBUG    root            Added [.gcloud/virtenv/lib/python3.12/site-packages/setuptools/_vendor/packaging-24.2.dist-info/RECORD]
2025-10-23 22:26:09,726 DEBUG    root            Added [.gcloud/virtenv/lib/python3.12/site-packages/setuptools/_vendor/packaging-24.2.dist-info/LICENSE]
2025-10-23 22:26:09,726 DEBUG    root            Added [.gcloud/virtenv/lib/python3.12/site-packages/setuptools/_vendor/packaging-24.2.dist-info/LICENSE.APACHE]
2025-10-23 22:26:09,726 DEBUG    root            Added [.gcloud/virtenv/lib/python3.12/site-packages/setuptools/_vendor/packaging-24.2.dist-info/WHEEL]
2025-10-23 22:26:09,726 DEBUG    root            Added [.gcloud/virtenv/lib/python3.12/site-packages/setuptools/_vendor/packaging-24.2.dist-info/LICENSE.BSD]
2025-10-23 22:26:09,727 DEBUG    root            Added [.gcloud/virtenv/lib/python3.12/site-packages/setuptools/_vendor/packaging-24.2.dist-info/REQUESTED]
2025-10-23 22:26:09,727 DEBUG    root            Added [.gcloud/virtenv/lib/python3.12/site-packages/setuptools/_vendor/packaging-24.2.dist-info/INSTALLER]
2025-10-23 22:26:09,728 DEBUG    root            Added [.gcloud/virtenv/lib/python3.12/site-packages/setuptools/_vendor/packaging-24.2.dist-info/METADATA]
2025-10-23 22:26:09,728 DEBUG    root            Added [.gcloud/virtenv/lib/python3.12/site-packages/setuptools/_vendor/wheel-0.45.1.dist-info/RECORD]
2025-10-23 22:26:09,728 DEBUG    root            Added [.gcloud/virtenv/lib/python3.12/site-packages/setuptools/_vendor/wheel-0.45.1.dist-info/WHEEL]
2025-10-23 22:26:09,728 DEBUG    root            Added [.gcloud/virtenv/lib/python3.12/site-packages/setuptools/_vendor/wheel-0.45.1.dist-info/entry_points.txt]
2025-10-23 22:26:09,728 DEBUG    root            Added [.gcloud/virtenv/lib/python3.12/site-packages/setuptools/_vendor/wheel-0.45.1.dist-info/LICENSE.txt]
2025-10-23 22:26:09,728 DEBUG    root            Added [.gcloud/virtenv/lib/python3.12/site-packages/setuptools/_vendor/wheel-0.45.1.dist-info/REQUESTED]
2025-10-23 22:26:09,728 DEBUG    root            Added [.gcloud/virtenv/lib/python3.12/site-packages/setuptools/_vendor/wheel-0.45.1.dist-info/INSTALLER]
2025-10-23 22:26:09,728 DEBUG    root            Added [.gcloud/virtenv/lib/python3.12/site-packages/setuptools/_vendor/wheel-0.45.1.dist-info/METADATA]
2025-10-23 22:26:09,728 DEBUG    root            Added [.gcloud/virtenv/lib/python3.12/site-packages/setuptools/_vendor/zipp-3.19.2.dist-info/RECORD]
2025-10-23 22:26:09,728 DEBUG    root            Added [.gcloud/virtenv/lib/python3.12/site-packages/setuptools/_vendor/zipp-3.19.2.dist-info/LICENSE]
2025-10-23 22:26:09,728 DEBUG    root            Added [.gcloud/virtenv/lib/python3.12/site-packages/setuptools/_vendor/zipp-3.19.2.dist-info/WHEEL]
2025-10-23 22:26:09,729 DEBUG    root            Added [.gcloud/virtenv/lib/python3.12/site-packages/setuptools/_vendor/zipp-3.19.2.dist-info/top_level.txt]
2025-10-23 22:26:09,729 DEBUG    root            Added [.gcloud/virtenv/lib/python3.12/site-packages/setuptools/_vendor/zipp-3.19.2.dist-info/REQUESTED]
2025-10-23 22:26:09,729 DEBUG    root            Added [.gcloud/virtenv/lib/python3.12/site-packages/setuptools/_vendor/zipp-3.19.2.dist-info/INSTALLER]
2025-10-23 22:26:09,729 DEBUG    root            Added [.gcloud/virtenv/lib/python3.12/site-packages/setuptools/_vendor/zipp-3.19.2.dist-info/METADATA]
2025-10-23 22:26:09,729 DEBUG    root            Added [.gcloud/virtenv/lib/python3.12/site-packages/setuptools/_vendor/tomli-2.0.1.dist-info/RECORD]
2025-10-23 22:26:09,730 DEBUG    root            Added [.gcloud/virtenv/lib/python3.12/site-packages/setuptools/_vendor/tomli-2.0.1.dist-info/LICENSE]
2025-10-23 22:26:09,730 DEBUG    root            Added [.gcloud/virtenv/lib/python3.12/site-packages/setuptools/_vendor/tomli-2.0.1.dist-info/WHEEL]
2025-10-23 22:26:09,730 DEBUG    root            Added [.gcloud/virtenv/lib/python3.12/site-packages/setuptools/_vendor/tomli-2.0.1.dist-info/REQUESTED]
2025-10-23 22:26:09,730 DEBUG    root            Added [.gcloud/virtenv/lib/python3.12/site-packages/setuptools/_vendor/tomli-2.0.1.dist-info/INSTALLER]
2025-10-23 22:26:09,730 DEBUG    root            Added [.gcloud/virtenv/lib/python3.12/site-packages/setuptools/_vendor/tomli-2.0.1.dist-info/METADATA]
2025-10-23 22:26:09,730 DEBUG    root            Added [.gcloud/virtenv/lib/python3.12/site-packages/setuptools/_vendor/typing_extensions-4.12.2.dist-info/RECORD]
2025-10-23 22:26:09,731 DEBUG    root            Added [.gcloud/virtenv/lib/python3.12/site-packages/setuptools/_vendor/typing_extensions-4.12.2.dist-info/LICENSE]
2025-10-23 22:26:09,731 DEBUG    root            Added [.gcloud/virtenv/lib/python3.12/site-packages/setuptools/_vendor/typing_extensions-4.12.2.dist-info/WHEEL]
2025-10-23 22:26:09,731 DEBUG    root            Added [.gcloud/virtenv/lib/python3.12/site-packages/setuptools/_vendor/typing_extensions-4.12.2.dist-info/INSTALLER]
2025-10-23 22:26:09,731 DEBUG    root            Added [.gcloud/virtenv/lib/python3.12/site-packages/setuptools/_vendor/typing_extensions-4.12.2.dist-info/METADATA]
2025-10-23 22:26:09,731 DEBUG    root            Added [.gcloud/virtenv/lib/python3.12/site-packages/setuptools/_vendor/more_itertools-10.3.0.dist-info/RECORD]
2025-10-23 22:26:09,732 DEBUG    root            Added [.gcloud/virtenv/lib/python3.12/site-packages/setuptools/_vendor/more_itertools-10.3.0.dist-info/LICENSE]
2025-10-23 22:26:09,732 DEBUG    root            Added [.gcloud/virtenv/lib/python3.12/site-packages/setuptools/_vendor/more_itertools-10.3.0.dist-info/WHEEL]
2025-10-23 22:26:09,732 DEBUG    root            Added [.gcloud/virtenv/lib/python3.12/site-packages/setuptools/_vendor/more_itertools-10.3.0.dist-info/REQUESTED]
2025-10-23 22:26:09,732 DEBUG    root            Added [.gcloud/virtenv/lib/python3.12/site-packages/setuptools/_vendor/more_itertools-10.3.0.dist-info/INSTALLER]
2025-10-23 22:26:09,732 DEBUG    root            Added [.gcloud/virtenv/lib/python3.12/site-packages/setuptools/_vendor/more_itertools-10.3.0.dist-info/METADATA]
2025-10-23 22:26:09,732 DEBUG    root            Added [.gcloud/virtenv/lib/python3.12/site-packages/setuptools/_vendor/platformdirs-4.2.2.dist-info/RECORD]
2025-10-23 22:26:09,733 DEBUG    root            Added [.gcloud/virtenv/lib/python3.12/site-packages/setuptools/_vendor/platformdirs-4.2.2.dist-info/WHEEL]
2025-10-23 22:26:09,733 DEBUG    root            Added [.gcloud/virtenv/lib/python3.12/site-packages/setuptools/_vendor/platformdirs-4.2.2.dist-info/REQUESTED]
2025-10-23 22:26:09,733 DEBUG    root            Added [.gcloud/virtenv/lib/python3.12/site-packages/setuptools/_vendor/platformdirs-4.2.2.dist-info/INSTALLER]
2025-10-23 22:26:09,733 DEBUG    root            Added [.gcloud/virtenv/lib/python3.12/site-packages/setuptools/_vendor/platformdirs-4.2.2.dist-info/METADATA]
2025-10-23 22:26:09,733 DEBUG    root            Added [.gcloud/virtenv/lib/python3.12/site-packages/setuptools/_vendor/platformdirs-4.2.2.dist-info/licenses/LICENSE]
2025-10-23 22:26:09,735 DEBUG    root            Added [.gcloud/virtenv/lib/python3.12/site-packages/setuptools/_vendor/typeguard/_checkers.py]
2025-10-23 22:26:09,735 DEBUG    root            Added [.gcloud/virtenv/lib/python3.12/site-packages/setuptools/_vendor/typeguard/_suppression.py]
2025-10-23 22:26:09,735 DEBUG    root            Added [.gcloud/virtenv/lib/python3.12/site-packages/setuptools/_vendor/typeguard/_importhook.py]
2025-10-23 22:26:09,737 DEBUG    root            Added [.gcloud/virtenv/lib/python3.12/site-packages/setuptools/_vendor/typeguard/_pytest_plugin.py]
2025-10-23 22:26:09,737 DEBUG    root            Added [.gcloud/virtenv/lib/python3.12/site-packages/setuptools/_vendor/typeguard/_functions.py]
2025-10-23 22:26:09,737 DEBUG    root            Added [.gcloud/virtenv/lib/python3.12/site-packages/setuptools/_vendor/typeguard/__init__.py]
2025-10-23 22:26:09,737 DEBUG    root            Added [.gcloud/virtenv/lib/python3.12/site-packages/setuptools/_vendor/typeguard/_decorators.py]
2025-10-23 22:26:09,739 DEBUG    root            Added [.gcloud/virtenv/lib/python3.12/site-packages/setuptools/_vendor/typeguard/_memo.py]
2025-10-23 22:26:09,741 DEBUG    root            Added [.gcloud/virtenv/lib/python3.12/site-packages/setuptools/_vendor/typeguard/_transformer.py]
2025-10-23 22:26:09,741 DEBUG    root            Added [.gcloud/virtenv/lib/python3.12/site-packages/setuptools/_vendor/typeguard/py.typed]
2025-10-23 22:26:09,744 DEBUG    root            Added [.gcloud/virtenv/lib/python3.12/site-packages/setuptools/_vendor/typeguard/_union_transformer.py]
2025-10-23 22:26:09,744 DEBUG    root            Added [.gcloud/virtenv/lib/python3.12/site-packages/setuptools/_vendor/typeguard/_config.py]
2025-10-23 22:26:09,744 DEBUG    root            Added [.gcloud/virtenv/lib/python3.12/site-packages/setuptools/_vendor/typeguard/_exceptions.py]
2025-10-23 22:26:09,745 DEBUG    root            Added [.gcloud/virtenv/lib/python3.12/site-packages/setuptools/_vendor/typeguard/_utils.py]
2025-10-23 22:26:09,745 DEBUG    root            Added [.gcloud/virtenv/lib/python3.12/site-packages/setuptools/_vendor/platformdirs/macos.py]
2025-10-23 22:26:09,746 DEBUG    root            Added [.gcloud/virtenv/lib/python3.12/site-packages/setuptools/_vendor/platformdirs/unix.py]
2025-10-23 22:26:09,746 DEBUG    root            Added [.gcloud/virtenv/lib/python3.12/site-packages/setuptools/_vendor/platformdirs/version.py]
2025-10-23 22:26:09,747 DEBUG    root            Added [.gcloud/virtenv/lib/python3.12/site-packages/setuptools/_vendor/platformdirs/__init__.py]
2025-10-23 22:26:09,747 DEBUG    root            Added [.gcloud/virtenv/lib/python3.12/site-packages/setuptools/_vendor/platformdirs/api.py]
2025-10-23 22:26:09,747 DEBUG    root            Added [.gcloud/virtenv/lib/python3.12/site-packages/setuptools/_vendor/platformdirs/android.py]
2025-10-23 22:26:09,747 DEBUG    root            Added [.gcloud/virtenv/lib/python3.12/site-packages/setuptools/_vendor/platformdirs/py.typed]
2025-10-23 22:26:09,749 DEBUG    root            Added [.gcloud/virtenv/lib/python3.12/site-packages/setuptools/_vendor/platformdirs/windows.py]
2025-10-23 22:26:09,749 DEBUG    root            Added [.gcloud/virtenv/lib/python3.12/site-packages/setuptools/_vendor/platformdirs/__main__.py]
2025-10-23 22:26:09,749 DEBUG    root            Added [.gcloud/virtenv/lib/python3.12/site-packages/setuptools/config/__init__.py]
2025-10-23 22:26:09,749 DEBUG    root            Added [.gcloud/virtenv/lib/python3.12/site-packages/setuptools/config/NOTICE]
2025-10-23 22:26:09,750 DEBUG    root            Added [.gcloud/virtenv/lib/python3.12/site-packages/setuptools/config/setupcfg.py]
2025-10-23 22:26:09,751 DEBUG    root            Added [.gcloud/virtenv/lib/python3.12/site-packages/setuptools/config/setuptools.schema.json]
2025-10-23 22:26:09,753 DEBUG    root            Added [.gcloud/virtenv/lib/python3.12/site-packages/setuptools/config/_apply_pyprojecttoml.py]
2025-10-23 22:26:09,753 DEBUG    root            Added [.gcloud/virtenv/lib/python3.12/site-packages/setuptools/config/distutils.schema.json]
2025-10-23 22:26:09,754 DEBUG    root            Added [.gcloud/virtenv/lib/python3.12/site-packages/setuptools/config/pyprojecttoml.py]
2025-10-23 22:26:09,756 DEBUG    root            Added [.gcloud/virtenv/lib/python3.12/site-packages/setuptools/config/expand.py]
2025-10-23 22:26:09,756 DEBUG    root            Added [.gcloud/virtenv/lib/python3.12/site-packages/setuptools/config/_validate_pyproject/fastjsonschema_exceptions.py]
2025-10-23 22:26:09,756 DEBUG    root            Added [.gcloud/virtenv/lib/python3.12/site-packages/setuptools/config/_validate_pyproject/extra_validations.py]
2025-10-23 22:26:09,758 DEBUG    root            Added [.gcloud/virtenv/lib/python3.12/site-packages/setuptools/config/_validate_pyproject/error_reporting.py]
2025-10-23 22:26:09,758 DEBUG    root            Added [.gcloud/virtenv/lib/python3.12/site-packages/setuptools/config/_validate_pyproject/__init__.py]
2025-10-23 22:26:09,760 DEBUG    root            Added [.gcloud/virtenv/lib/python3.12/site-packages/setuptools/config/_validate_pyproject/NOTICE]
2025-10-23 22:26:09,766 DEBUG    root            Added [.gcloud/virtenv/lib/python3.12/site-packages/setuptools/config/_validate_pyproject/fastjsonschema_validations.py]
2025-10-23 22:26:09,767 DEBUG    root            Added [.gcloud/virtenv/lib/python3.12/site-packages/setuptools/config/_validate_pyproject/formats.py]
2025-10-23 22:26:09,767 DEBUG    root            Added [.gcloud/virtenv/lib/python3.12/site-packages/setuptools/tests/test_bdist_deprecations.py]
2025-10-23 22:26:09,767 DEBUG    root            Added [.gcloud/virtenv/lib/python3.12/site-packages/setuptools/tests/test_build_py.py]
2025-10-23 22:26:09,771 DEBUG    root            Added [.gcloud/virtenv/lib/python3.12/site-packages/setuptools/tests/test_build_meta.py]
2025-10-23 22:26:09,771 DEBUG    root            Added [.gcloud/virtenv/lib/python3.12/site-packages/setuptools/tests/test_warnings.py]
2025-10-23 22:26:09,771 DEBUG    root            Added [.gcloud/virtenv/lib/python3.12/site-packages/setuptools/tests/textwrap.py]
2025-10-23 22:26:09,771 DEBUG    root            Added [.gcloud/virtenv/lib/python3.12/site-packages/setuptools/tests/test_logging.py]
2025-10-23 22:26:09,773 DEBUG    root            Added [.gcloud/virtenv/lib/python3.12/site-packages/setuptools/tests/test_virtualenv.py]
2025-10-23 22:26:09,773 DEBUG    root            Added [.gcloud/virtenv/lib/python3.12/site-packages/setuptools/tests/test_namespaces.py]
2025-10-23 22:26:09,773 DEBUG    root            Added [.gcloud/virtenv/lib/python3.12/site-packages/setuptools/tests/test_shutil_wrapper.py]
2025-10-23 22:26:09,773 DEBUG    root            Added [.gcloud/virtenv/lib/python3.12/site-packages/setuptools/tests/script-with-bom.py]
2025-10-23 22:26:09,773 DEBUG    root            Added [.gcloud/virtenv/lib/python3.12/site-packages/setuptools/tests/test_distutils_adoption.py]
2025-10-23 22:26:09,773 DEBUG    root            Added [.gcloud/virtenv/lib/python3.12/site-packages/setuptools/tests/test_depends.py]
2025-10-23 22:26:09,774 DEBUG    root            Added [.gcloud/virtenv/lib/python3.12/site-packages/setuptools/tests/test_core_metadata.py]
2025-10-23 22:26:09,774 DEBUG    root            Added [.gcloud/virtenv/lib/python3.12/site-packages/setuptools/tests/test_extern.py]
2025-10-23 22:26:09,774 DEBUG    root            Added [.gcloud/virtenv/lib/python3.12/site-packages/setuptools/tests/__init__.py]
2025-10-23 22:26:09,776 DEBUG    root            Added [.gcloud/virtenv/lib/python3.12/site-packages/setuptools/tests/test_manifest.py]
2025-10-23 22:26:09,776 DEBUG    root            Added [.gcloud/virtenv/lib/python3.12/site-packages/setuptools/tests/test_build_clib.py]
2025-10-23 22:26:09,776 DEBUG    root            Added [.gcloud/virtenv/lib/python3.12/site-packages/setuptools/tests/test_setopt.py]
2025-10-23 22:26:09,778 DEBUG    root            Added [.gcloud/virtenv/lib/python3.12/site-packages/setuptools/tests/test_wheel.py]
2025-10-23 22:26:09,782 DEBUG    root            Added [.gcloud/virtenv/lib/python3.12/site-packages/setuptools/tests/test_egg_info.py]
2025-10-23 22:26:09,782 DEBUG    root            Added [.gcloud/virtenv/lib/python3.12/site-packages/setuptools/tests/test_build.py]
2025-10-23 22:26:09,782 DEBUG    root            Added [.gcloud/virtenv/lib/python3.12/site-packages/setuptools/tests/test_install_scripts.py]
2025-10-23 22:26:09,783 DEBUG    root            Added [.gcloud/virtenv/lib/python3.12/site-packages/setuptools/tests/test_find_py_modules.py]
2025-10-23 22:26:09,784 DEBUG    root            Added [.gcloud/virtenv/lib/python3.12/site-packages/setuptools/tests/test_build_ext.py]
2025-10-23 22:26:09,784 DEBUG    root            Added [.gcloud/virtenv/lib/python3.12/site-packages/setuptools/tests/test_unicode_utils.py]
2025-10-23 22:26:09,784 DEBUG    root            Added [.gcloud/virtenv/lib/python3.12/site-packages/setuptools/tests/text.py]
2025-10-23 22:26:09,784 DEBUG    root            Added [.gcloud/virtenv/lib/python3.12/site-packages/setuptools/tests/test_bdist_egg.py]
2025-10-23 22:26:09,784 DEBUG    root            Added [.gcloud/virtenv/lib/python3.12/site-packages/setuptools/tests/test_glob.py]
2025-10-23 22:26:09,784 DEBUG    root            Added [.gcloud/virtenv/lib/python3.12/site-packages/setuptools/tests/environment.py]
2025-10-23 22:26:09,786 DEBUG    root            Added [.gcloud/virtenv/lib/python3.12/site-packages/setuptools/tests/test_config_discovery.py]
2025-10-23 22:26:09,786 DEBUG    root            Added [.gcloud/virtenv/lib/python3.12/site-packages/setuptools/tests/test_windows_wrappers.py]
2025-10-23 22:26:09,788 DEBUG    root            Added [.gcloud/virtenv/lib/python3.12/site-packages/setuptools/tests/mod_with_constant.py]
2025-10-23 22:26:09,788 DEBUG    root            Added [.gcloud/virtenv/lib/python3.12/site-packages/setuptools/tests/test_find_packages.py]
2025-10-23 22:26:09,789 DEBUG    root            Added [.gcloud/virtenv/lib/python3.12/site-packages/setuptools/tests/contexts.py]
2025-10-23 22:26:09,789 DEBUG    root            Added [.gcloud/virtenv/lib/python3.12/site-packages/setuptools/tests/test_setuptools.py]
2025-10-23 22:26:09,790 DEBUG    root            Added [.gcloud/virtenv/lib/python3.12/site-packages/setuptools/tests/test_dist.py]
2025-10-23 22:26:09,790 DEBUG    root            Added [.gcloud/virtenv/lib/python3.12/site-packages/setuptools/tests/test_scripts.py]
2025-10-23 22:26:09,792 DEBUG    root            Added [.gcloud/virtenv/lib/python3.12/site-packages/setuptools/tests/test_bdist_wheel.py]
2025-10-23 22:26:09,792 DEBUG    root            Added [.gcloud/virtenv/lib/python3.12/site-packages/setuptools/tests/test_develop.py]
2025-10-23 22:26:09,795 DEBUG    root            Added [.gcloud/virtenv/lib/python3.12/site-packages/setuptools/tests/test_editable_install.py]
2025-10-23 22:26:09,797 DEBUG    root            Added [.gcloud/virtenv/lib/python3.12/site-packages/setuptools/tests/fixtures.py]
2025-10-23 22:26:09,797 DEBUG    root            Added [.gcloud/virtenv/lib/python3.12/site-packages/setuptools/tests/namespaces.py]
2025-10-23 22:26:09,801 DEBUG    root            Added [.gcloud/virtenv/lib/python3.12/site-packages/setuptools/tests/test_sdist.py]
2025-10-23 22:26:09,801 DEBUG    root            Added [.gcloud/virtenv/lib/python3.12/site-packages/setuptools/tests/test_archive_util.py]
2025-10-23 22:26:09,801 DEBUG    root            Added [.gcloud/virtenv/lib/python3.12/site-packages/setuptools/tests/test_dist_info.py]
2025-10-23 22:26:09,801 DEBUG    root            Added [.gcloud/virtenv/lib/python3.12/site-packages/setuptools/tests/compat/py39.py]
2025-10-23 22:26:09,801 DEBUG    root            Added [.gcloud/virtenv/lib/python3.12/site-packages/setuptools/tests/compat/__init__.py]
2025-10-23 22:26:09,801 DEBUG    root            Added [.gcloud/virtenv/lib/python3.12/site-packages/setuptools/tests/config/test_pyprojecttoml_dynamic_deps.py]
2025-10-23 22:26:09,801 DEBUG    root            Added [.gcloud/virtenv/lib/python3.12/site-packages/setuptools/tests/config/__init__.py]
2025-10-23 22:26:09,801 DEBUG    root            Added [.gcloud/virtenv/lib/python3.12/site-packages/setuptools/tests/config/test_expand.py]
2025-10-23 22:26:09,803 DEBUG    root            Added [.gcloud/virtenv/lib/python3.12/site-packages/setuptools/tests/config/setupcfg_examples.txt]
2025-10-23 22:26:09,804 DEBUG    root            Added [.gcloud/virtenv/lib/python3.12/site-packages/setuptools/tests/config/test_setupcfg.py]
2025-10-23 22:26:09,804 DEBUG    root            Added [.gcloud/virtenv/lib/python3.12/site-packages/setuptools/tests/config/test_pyprojecttoml.py]
2025-10-23 22:26:09,806 DEBUG    root            Added [.gcloud/virtenv/lib/python3.12/site-packages/setuptools/tests/config/test_apply_pyprojecttoml.py]
2025-10-23 22:26:09,806 DEBUG    root            Added [.gcloud/virtenv/lib/python3.12/site-packages/setuptools/tests/config/downloads/preload.py]
2025-10-23 22:26:09,808 DEBUG    root            Added [.gcloud/virtenv/lib/python3.12/site-packages/setuptools/tests/config/downloads/__init__.py]
2025-10-23 22:26:09,809 DEBUG    root            Added [.gcloud/virtenv/lib/python3.12/site-packages/setuptools/tests/integration/__init__.py]
2025-10-23 22:26:09,809 DEBUG    root            Added [.gcloud/virtenv/lib/python3.12/site-packages/setuptools/tests/integration/test_pbr.py]
2025-10-23 22:26:09,809 DEBUG    root            Added [.gcloud/virtenv/lib/python3.12/site-packages/setuptools/tests/integration/helpers.py]
2025-10-23 22:26:09,809 DEBUG    root            Added [.gcloud/virtenv/lib/python3.12/site-packages/setuptools/tests/integration/test_pip_install_sdist.py]
2025-10-23 22:26:09,809 DEBUG    root            Added [.gcloud/virtenv/lib/python3.12/site-packages/setuptools/tests/indexes/test_links_priority/external.html]
2025-10-23 22:26:09,809 DEBUG    root            Added [.gcloud/virtenv/lib/python3.12/site-packages/setuptools/tests/indexes/test_links_priority/simple/foobar/index.html]
2025-10-23 22:26:09,811 DEBUG    root            Added [.gcloud/virtenv/lib/python3.12/site-packages/setuptools/command/build.py]
2025-10-23 22:26:09,811 DEBUG    root            Added [.gcloud/virtenv/lib/python3.12/site-packages/setuptools/command/bdist_egg.py]
2025-10-23 22:26:09,811 DEBUG    root            Added [.gcloud/virtenv/lib/python3.12/site-packages/setuptools/command/alias.py]
2025-10-23 22:26:09,813 DEBUG    root            Added [.gcloud/virtenv/lib/python3.12/site-packages/setuptools/command/build_ext.py]
2025-10-23 22:26:09,813 DEBUG    root            Added [.gcloud/virtenv/lib/python3.12/site-packages/setuptools/command/easy_install.py]
2025-10-23 22:26:09,817 DEBUG    root            Added [.gcloud/virtenv/lib/python3.12/site-packages/setuptools/command/editable_wheel.py]
2025-10-23 22:26:09,817 DEBUG    root            Added [.gcloud/virtenv/lib/python3.12/site-packages/setuptools/command/launcher manifest.xml]
2025-10-23 22:26:09,817 DEBUG    root            Added [.gcloud/virtenv/lib/python3.12/site-packages/setuptools/command/install_scripts.py]
2025-10-23 22:26:09,817 DEBUG    root            Added [.gcloud/virtenv/lib/python3.12/site-packages/setuptools/command/dist_info.py]
2025-10-23 22:26:09,818 DEBUG    root            Added [.gcloud/virtenv/lib/python3.12/site-packages/setuptools/command/install_lib.py]
2025-10-23 22:26:09,819 DEBUG    root            Added [.gcloud/virtenv/lib/python3.12/site-packages/setuptools/command/build_py.py]
2025-10-23 22:26:09,819 DEBUG    root            Added [.gcloud/virtenv/lib/python3.12/site-packages/setuptools/command/__init__.py]
2025-10-23 22:26:09,819 DEBUG    root            Added [.gcloud/virtenv/lib/python3.12/site-packages/setuptools/command/sdist.py]
2025-10-23 22:26:09,820 DEBUG    root            Added [.gcloud/virtenv/lib/python3.12/site-packages/setuptools/command/test.py]
2025-10-23 22:26:09,822 DEBUG    root            Added [.gcloud/virtenv/lib/python3.12/site-packages/setuptools/command/saveopts.py]
2025-10-23 22:26:09,822 DEBUG    root            Added [.gcloud/virtenv/lib/python3.12/site-packages/setuptools/command/bdist_rpm.py]
2025-10-23 22:26:09,822 DEBUG    root            Added [.gcloud/virtenv/lib/python3.12/site-packages/setuptools/command/build_clib.py]
2025-10-23 22:26:09,825 DEBUG    root            Added [.gcloud/virtenv/lib/python3.12/site-packages/setuptools/command/bdist_wheel.py]
2025-10-23 22:26:09,827 DEBUG    root            Added [.gcloud/virtenv/lib/python3.12/site-packages/setuptools/command/egg_info.py]
2025-10-23 22:26:09,828 DEBUG    root            Added [.gcloud/virtenv/lib/python3.12/site-packages/setuptools/command/_requirestxt.py]
2025-10-23 22:26:09,828 DEBUG    root            Added [.gcloud/virtenv/lib/python3.12/site-packages/setuptools/command/install.py]
2025-10-23 22:26:09,828 DEBUG    root            Added [.gcloud/virtenv/lib/python3.12/site-packages/setuptools/command/develop.py]
2025-10-23 22:26:09,828 DEBUG    root            Added [.gcloud/virtenv/lib/python3.12/site-packages/setuptools/command/rotate.py]
2025-10-23 22:26:09,830 DEBUG    root            Added [.gcloud/virtenv/lib/python3.12/site-packages/setuptools/command/install_egg_info.py]
2025-10-23 22:26:09,830 DEBUG    root            Added [.gcloud/virtenv/lib/python3.12/site-packages/setuptools/command/setopt.py]
2025-10-23 22:26:09,831 DEBUG    root            Added [.gcloud/virtenv/lib/python3.12/site-packages/setuptools/_distutils/_msvccompiler.py]
2025-10-23 22:26:09,831 DEBUG    root            Added [.gcloud/virtenv/lib/python3.12/site-packages/setuptools/_distutils/_modified.py]
2025-10-23 22:26:09,831 DEBUG    root            Added [.gcloud/virtenv/lib/python3.12/site-packages/setuptools/_distutils/unixccompiler.py]
2025-10-23 22:26:09,832 DEBUG    root            Added [.gcloud/virtenv/lib/python3.12/site-packages/setuptools/_distutils/filelist.py]
2025-10-23 22:26:09,832 DEBUG    root            Added [.gcloud/virtenv/lib/python3.12/site-packages/setuptools/_distutils/ccompiler.py]
2025-10-23 22:26:09,832 DEBUG    root            Added [.gcloud/virtenv/lib/python3.12/site-packages/setuptools/_distutils/archive_util.py]
2025-10-23 22:26:09,834 DEBUG    root            Added [.gcloud/virtenv/lib/python3.12/site-packages/setuptools/_distutils/cmd.py]
2025-10-23 22:26:09,836 DEBUG    root            Added [.gcloud/virtenv/lib/python3.12/site-packages/setuptools/_distutils/version.py]
2025-10-23 22:26:09,836 DEBUG    root            Added [.gcloud/virtenv/lib/python3.12/site-packages/setuptools/_distutils/log.py]
2025-10-23 22:26:09,838 DEBUG    root            Added [.gcloud/virtenv/lib/python3.12/site-packages/setuptools/_distutils/util.py]
2025-10-23 22:26:09,839 DEBUG    root            Added [.gcloud/virtenv/lib/python3.12/site-packages/setuptools/_distutils/fancy_getopt.py]
2025-10-23 22:26:09,840 DEBUG    root            Added [.gcloud/virtenv/lib/python3.12/site-packages/setuptools/_distutils/versionpredicate.py]
2025-10-23 22:26:09,840 DEBUG    root            Added [.gcloud/virtenv/lib/python3.12/site-packages/setuptools/_distutils/__init__.py]
2025-10-23 22:26:09,842 DEBUG    root            Added [.gcloud/virtenv/lib/python3.12/site-packages/setuptools/_distutils/file_util.py]
2025-10-23 22:26:09,843 DEBUG    root            Added [.gcloud/virtenv/lib/python3.12/site-packages/setuptools/_distutils/core.py]
2025-10-23 22:26:09,843 DEBUG    root            Added [.gcloud/virtenv/lib/python3.12/site-packages/setuptools/_distutils/cygwinccompiler.py]
2025-10-23 22:26:09,843 DEBUG    root            Added [.gcloud/virtenv/lib/python3.12/site-packages/setuptools/_distutils/zosccompiler.py]
2025-10-23 22:26:09,845 DEBUG    root            Added [.gcloud/virtenv/lib/python3.12/site-packages/setuptools/_distutils/extension.py]
2025-10-23 22:26:09,845 DEBUG    root            Added [.gcloud/virtenv/lib/python3.12/site-packages/setuptools/_distutils/debug.py]
2025-10-23 22:26:09,845 DEBUG    root            Added [.gcloud/virtenv/lib/python3.12/site-packages/setuptools/_distutils/spawn.py]
2025-10-23 22:26:09,845 DEBUG    root            Added [.gcloud/virtenv/lib/python3.12/site-packages/setuptools/_distutils/text_file.py]
2025-10-23 22:26:09,848 DEBUG    root            Added [.gcloud/virtenv/lib/python3.12/site-packages/setuptools/_distutils/errors.py]
2025-10-23 22:26:09,848 DEBUG    root            Added [.gcloud/virtenv/lib/python3.12/site-packages/setuptools/_distutils/dep_util.py]
2025-10-23 22:26:09,848 DEBUG    root            Added [.gcloud/virtenv/lib/python3.12/site-packages/setuptools/_distutils/dir_util.py]
2025-10-23 22:26:09,849 DEBUG    root            Added [.gcloud/virtenv/lib/python3.12/site-packages/setuptools/_distutils/sysconfig.py]
2025-10-23 22:26:09,849 DEBUG    root            Added [.gcloud/virtenv/lib/python3.12/site-packages/setuptools/_distutils/_macos_compat.py]
2025-10-23 22:26:09,855 DEBUG    root            Added [.gcloud/virtenv/lib/python3.12/site-packages/setuptools/_distutils/dist.py]
2025-10-23 22:26:09,855 DEBUG    root            Added [.gcloud/virtenv/lib/python3.12/site-packages/setuptools/_distutils/_log.py]
2025-10-23 22:26:09,855 DEBUG    root            Added [.gcloud/virtenv/lib/python3.12/site-packages/setuptools/_distutils/compat/py39.py]
2025-10-23 22:26:09,855 DEBUG    root            Added [.gcloud/virtenv/lib/python3.12/site-packages/setuptools/_distutils/compat/__init__.py]
2025-10-23 22:26:09,857 DEBUG    root            Added [.gcloud/virtenv/lib/python3.12/site-packages/setuptools/_distutils/compat/numpy.py]
2025-10-23 22:26:09,857 DEBUG    root            Added [.gcloud/virtenv/lib/python3.12/site-packages/setuptools/_distutils/tests/test_bdist.py]
2025-10-23 22:26:09,858 DEBUG    root            Added [.gcloud/virtenv/lib/python3.12/site-packages/setuptools/_distutils/tests/test_text_file.py]
2025-10-23 22:26:09,858 DEBUG    root            Added [.gcloud/virtenv/lib/python3.12/site-packages/setuptools/_distutils/tests/test_version.py]
2025-10-23 22:26:09,858 DEBUG    root            Added [.gcloud/virtenv/lib/python3.12/site-packages/setuptools/_distutils/tests/test_install_lib.py]
2025-10-23 22:26:09,858 DEBUG    root            Added [.gcloud/virtenv/lib/python3.12/site-packages/setuptools/_distutils/tests/test_build_py.py]
2025-10-23 22:26:09,859 DEBUG    root            Added [.gcloud/virtenv/lib/python3.12/site-packages/setuptools/_distutils/tests/test_extension.py]
2025-10-23 22:26:09,859 DEBUG    root            Added [.gcloud/virtenv/lib/python3.12/site-packages/setuptools/_distutils/tests/test_spawn.py]
2025-10-23 22:26:09,860 DEBUG    root            Added [.gcloud/virtenv/lib/python3.12/site-packages/setuptools/_distutils/tests/support.py]
2025-10-23 22:26:09,860 DEBUG    root            Added [.gcloud/virtenv/lib/python3.12/site-packages/setuptools/_distutils/tests/test_bdist_rpm.py]
2025-10-23 22:26:09,860 DEBUG    root            Added [.gcloud/virtenv/lib/python3.12/site-packages/setuptools/_distutils/tests/test_install_data.py]
2025-10-23 22:26:09,862 DEBUG    root            Added [.gcloud/virtenv/lib/python3.12/site-packages/setuptools/_distutils/tests/test_filelist.py]
2025-10-23 22:26:09,862 DEBUG    root            Added [.gcloud/virtenv/lib/python3.12/site-packages/setuptools/_distutils/tests/test_core.py]
2025-10-23 22:26:09,862 DEBUG    root            Added [.gcloud/virtenv/lib/python3.12/site-packages/setuptools/_distutils/tests/test_cmd.py]
2025-10-23 22:26:09,862 DEBUG    root            Added [.gcloud/virtenv/lib/python3.12/site-packages/setuptools/_distutils/tests/__init__.py]
2025-10-23 22:26:09,863 DEBUG    root            Added [.gcloud/virtenv/lib/python3.12/site-packages/setuptools/_distutils/tests/test_sysconfig.py]
2025-10-23 22:26:09,863 DEBUG    root            Added [.gcloud/virtenv/lib/python3.12/site-packages/setuptools/_distutils/tests/test_util.py]
2025-10-23 22:26:09,863 DEBUG    root            Added [.gcloud/virtenv/lib/python3.12/site-packages/setuptools/_distutils/tests/test_modified.py]
2025-10-23 22:26:09,865 DEBUG    root            Added [.gcloud/virtenv/lib/python3.12/site-packages/setuptools/_distutils/tests/test_build_clib.py]
2025-10-23 22:26:09,865 DEBUG    root            Added [.gcloud/virtenv/lib/python3.12/site-packages/setuptools/_distutils/tests/test_log.py]
2025-10-23 22:26:09,865 DEBUG    root            Added [.gcloud/virtenv/lib/python3.12/site-packages/setuptools/_distutils/tests/test_build.py]
2025-10-23 22:26:09,865 DEBUG    root            Added [.gcloud/virtenv/lib/python3.12/site-packages/setuptools/_distutils/tests/test_install_scripts.py]
2025-10-23 22:26:09,867 DEBUG    root            Added [.gcloud/virtenv/lib/python3.12/site-packages/setuptools/_distutils/tests/test_build_ext.py]
2025-10-23 22:26:09,867 DEBUG    root            Added [.gcloud/virtenv/lib/python3.12/site-packages/setuptools/_distutils/tests/test_dir_util.py]
2025-10-23 22:26:09,867 DEBUG    root            Added [.gcloud/virtenv/lib/python3.12/site-packages/setuptools/_distutils/tests/unix_compat.py]
2025-10-23 22:26:09,867 DEBUG    root            Added [.gcloud/virtenv/lib/python3.12/site-packages/setuptools/_distutils/tests/test_install_headers.py]
2025-10-23 22:26:09,867 DEBUG    root            Added [.gcloud/virtenv/lib/python3.12/site-packages/setuptools/_distutils/tests/test_clean.py]
2025-10-23 22:26:09,867 DEBUG    root            Added [.gcloud/virtenv/lib/python3.12/site-packages/setuptools/_distutils/tests/test_check.py]
2025-10-23 22:26:09,867 DEBUG    root            Added [.gcloud/virtenv/lib/python3.12/site-packages/setuptools/_distutils/tests/test_versionpredicate.py]
2025-10-23 22:26:09,869 DEBUG    root            Added [.gcloud/virtenv/lib/python3.12/site-packages/setuptools/_distutils/tests/test_build_scripts.py]
2025-10-23 22:26:09,869 DEBUG    root            Added [.gcloud/virtenv/lib/python3.12/site-packages/setuptools/_distutils/tests/test_bdist_dumb.py]
2025-10-23 22:26:09,870 DEBUG    root            Added [.gcloud/virtenv/lib/python3.12/site-packages/setuptools/_distutils/tests/test_file_util.py]
2025-10-23 22:26:09,870 DEBUG    root            Added [.gcloud/virtenv/lib/python3.12/site-packages/setuptools/_distutils/tests/test_dist.py]
2025-10-23 22:26:09,872 DEBUG    root            Added [.gcloud/virtenv/lib/python3.12/site-packages/setuptools/_distutils/tests/test_install.py]
2025-10-23 22:26:09,872 DEBUG    root            Added [.gcloud/virtenv/lib/python3.12/site-packages/setuptools/_distutils/tests/test_config_cmd.py]
2025-10-23 22:26:09,872 DEBUG    root            Added [.gcloud/virtenv/lib/python3.12/site-packages/setuptools/_distutils/tests/test_sdist.py]
2025-10-23 22:26:09,874 DEBUG    root            Added [.gcloud/virtenv/lib/python3.12/site-packages/setuptools/_distutils/tests/test_archive_util.py]
2025-10-23 22:26:09,874 DEBUG    root            Added [.gcloud/virtenv/lib/python3.12/site-packages/setuptools/_distutils/tests/compat/py39.py]
2025-10-23 22:26:09,874 DEBUG    root            Added [.gcloud/virtenv/lib/python3.12/site-packages/setuptools/_distutils/tests/compat/__init__.py]
2025-10-23 22:26:09,874 DEBUG    root            Added [.gcloud/virtenv/lib/python3.12/site-packages/setuptools/_distutils/command/build.py]
2025-10-23 22:26:09,876 DEBUG    root            Added [.gcloud/virtenv/lib/python3.12/site-packages/setuptools/_distutils/command/build_ext.py]
2025-10-23 22:26:09,879 DEBUG    root            Added [.gcloud/virtenv/lib/python3.12/site-packages/setuptools/_distutils/command/config.py]
2025-10-23 22:26:09,880 DEBUG    root            Added [.gcloud/virtenv/lib/python3.12/site-packages/setuptools/_distutils/command/clean.py]
2025-10-23 22:26:09,880 DEBUG    root            Added [.gcloud/virtenv/lib/python3.12/site-packages/setuptools/_distutils/command/check.py]
2025-10-23 22:26:09,880 DEBUG    root            Added [.gcloud/virtenv/lib/python3.12/site-packages/setuptools/_distutils/command/install_scripts.py]
2025-10-23 22:26:09,880 DEBUG    root            Added [.gcloud/virtenv/lib/python3.12/site-packages/setuptools/_distutils/command/_framework_compat.py]
2025-10-23 22:26:09,882 DEBUG    root            Added [.gcloud/virtenv/lib/python3.12/site-packages/setuptools/_distutils/command/install_headers.py]
2025-10-23 22:26:09,882 DEBUG    root            Added [.gcloud/virtenv/lib/python3.12/site-packages/setuptools/_distutils/command/install_lib.py]
2025-10-23 22:26:09,883 DEBUG    root            Added [.gcloud/virtenv/lib/python3.12/site-packages/setuptools/_distutils/command/build_py.py]
2025-10-23 22:26:09,886 DEBUG    root            Added [.gcloud/virtenv/lib/python3.12/site-packages/setuptools/_distutils/command/bdist_dumb.py]
2025-10-23 22:26:09,886 DEBUG    root            Added [.gcloud/virtenv/lib/python3.12/site-packages/setuptools/_distutils/command/__init__.py]
2025-10-23 22:26:09,886 DEBUG    root            Added [.gcloud/virtenv/lib/python3.12/site-packages/setuptools/_distutils/command/sdist.py]
2025-10-23 22:26:09,889 DEBUG    root            Added [.gcloud/virtenv/lib/python3.12/site-packages/setuptools/_distutils/command/bdist.py]
2025-10-23 22:26:09,889 DEBUG    root            Added [.gcloud/virtenv/lib/python3.12/site-packages/setuptools/_distutils/command/build_scripts.py]
2025-10-23 22:26:09,891 DEBUG    root            Added [.gcloud/virtenv/lib/python3.12/site-packages/setuptools/_distutils/command/bdist_rpm.py]
2025-10-23 22:26:09,891 DEBUG    root            Added [.gcloud/virtenv/lib/python3.12/site-packages/setuptools/_distutils/command/build_clib.py]
2025-10-23 22:26:09,893 DEBUG    root            Added [.gcloud/virtenv/lib/python3.12/site-packages/setuptools/_distutils/command/install.py]
2025-10-23 22:26:09,895 DEBUG    root            Added [.gcloud/virtenv/lib/python3.12/site-packages/setuptools/_distutils/command/install_egg_info.py]
2025-10-23 22:26:09,896 DEBUG    root            Added [.gcloud/virtenv/lib/python3.12/site-packages/setuptools/_distutils/command/install_data.py]
2025-10-23 22:26:09,896 DEBUG    root            Added [.gcloud/virtenv/lib/python3.12/site-packages/setuptools/_distutils/compilers/C/unix.py]
2025-10-23 22:26:09,898 DEBUG    root            Added [.gcloud/virtenv/lib/python3.12/site-packages/setuptools/_distutils/compilers/C/zos.py]
2025-10-23 22:26:09,898 DEBUG    root            Added [.gcloud/virtenv/lib/python3.12/site-packages/setuptools/_distutils/compilers/C/cygwin.py]
2025-10-23 22:26:09,898 DEBUG    root            Added [.gcloud/virtenv/lib/python3.12/site-packages/setuptools/_distutils/compilers/C/errors.py]
2025-10-23 22:26:09,900 DEBUG    root            Added [.gcloud/virtenv/lib/python3.12/site-packages/setuptools/_distutils/compilers/C/msvc.py]
2025-10-23 22:26:09,906 DEBUG    root            Added [.gcloud/virtenv/lib/python3.12/site-packages/setuptools/_distutils/compilers/C/base.py]
2025-10-23 22:26:09,908 DEBUG    root            Added [.gcloud/virtenv/lib/python3.12/site-packages/setuptools/_distutils/compilers/C/tests/test_unix.py]
2025-10-23 22:26:09,908 DEBUG    root            Added [.gcloud/virtenv/lib/python3.12/site-packages/setuptools/_distutils/compilers/C/tests/test_cygwin.py]
2025-10-23 22:26:09,908 DEBUG    root            Added [.gcloud/virtenv/lib/python3.12/site-packages/setuptools/_distutils/compilers/C/tests/test_mingw.py]
2025-10-23 22:26:09,909 DEBUG    root            Added [.gcloud/virtenv/lib/python3.12/site-packages/setuptools/_distutils/compilers/C/tests/test_base.py]
2025-10-23 22:26:09,911 DEBUG    root            Added [.gcloud/virtenv/lib/python3.12/site-packages/setuptools/_distutils/compilers/C/tests/test_msvc.py]
2025-10-23 22:26:09,922 DEBUG    root            Added [.gcloud/virtenv/lib/python3.12/site-packages/pkg_resources/__init__.py]
2025-10-23 22:26:09,922 DEBUG    root            Added [.gcloud/virtenv/lib/python3.12/site-packages/pkg_resources/py.typed]
2025-10-23 22:26:09,922 DEBUG    root            Added [.gcloud/virtenv/lib/python3.12/site-packages/pkg_resources/api_tests.txt]
2025-10-23 22:26:09,924 DEBUG    root            Added [.gcloud/virtenv/lib/python3.12/site-packages/pkg_resources/tests/test_resources.py]
2025-10-23 22:26:09,927 DEBUG    root            Added [.gcloud/virtenv/lib/python3.12/site-packages/pkg_resources/tests/test_integration_zope_interface.py]
2025-10-23 22:26:09,927 DEBUG    root            Added [.gcloud/virtenv/lib/python3.12/site-packages/pkg_resources/tests/__init__.py]
2025-10-23 22:26:09,927 DEBUG    root            Added [.gcloud/virtenv/lib/python3.12/site-packages/pkg_resources/tests/test_markers.py]
2025-10-23 22:26:09,927 DEBUG    root            Added [.gcloud/virtenv/lib/python3.12/site-packages/pkg_resources/tests/test_working_set.py]
2025-10-23 22:26:09,927 DEBUG    root            Added [.gcloud/virtenv/lib/python3.12/site-packages/pkg_resources/tests/test_find_distributions.py]
2025-10-23 22:26:09,929 DEBUG    root            Added [.gcloud/virtenv/lib/python3.12/site-packages/pkg_resources/tests/test_pkg_resources.py]
2025-10-23 22:26:09,929 DEBUG    root            Added [.gcloud/virtenv/lib/python3.12/site-packages/pkg_resources/tests/data/my-test-package-zip/my-test-package.zip]
2025-10-23 22:26:09,929 DEBUG    root            Added [.gcloud/virtenv/lib/python3.12/site-packages/pkg_resources/tests/data/my-test-package_zipped-egg/my_test_package-1.0-py3.7.egg]
2025-10-23 22:26:09,929 DEBUG    root            Added [.gcloud/virtenv/lib/python3.12/site-packages/pkg_resources/tests/data/my-test-package_unpacked-egg/my_test_package-1.0-py3.7.egg/EGG-INFO/PKG-INFO]
2025-10-23 22:26:09,929 DEBUG    root            Added [.gcloud/virtenv/lib/python3.12/site-packages/pkg_resources/tests/data/my-test-package_unpacked-egg/my_test_package-1.0-py3.7.egg/EGG-INFO/zip-safe]
2025-10-23 22:26:09,929 DEBUG    root            Added [.gcloud/virtenv/lib/python3.12/site-packages/pkg_resources/tests/data/my-test-package_unpacked-egg/my_test_package-1.0-py3.7.egg/EGG-INFO/SOURCES.txt]
2025-10-23 22:26:09,929 DEBUG    root            Added [.gcloud/virtenv/lib/python3.12/site-packages/pkg_resources/tests/data/my-test-package_unpacked-egg/my_test_package-1.0-py3.7.egg/EGG-INFO/top_level.txt]
2025-10-23 22:26:09,931 DEBUG    root            Added [.gcloud/virtenv/lib/python3.12/site-packages/pkg_resources/tests/data/my-test-package_unpacked-egg/my_test_package-1.0-py3.7.egg/EGG-INFO/dependency_links.txt]
2025-10-23 22:26:09,931 DEBUG    root            Added [.gcloud/virtenv/lib/python3.12/site-packages/pkg_resources/tests/data/my-test-package-source/setup.py]
2025-10-23 22:26:09,931 DEBUG    root            Added [.gcloud/virtenv/lib/python3.12/site-packages/pkg_resources/tests/data/my-test-package-source/setup.cfg]
2025-10-23 22:26:09,931 DEBUG    root            Added [.gcloud/virtenv/lib/python3.12/site-packages/_distutils_hack/__init__.py]
2025-10-23 22:26:09,932 DEBUG    root            Added [.gcloud/virtenv/lib/python3.12/site-packages/_distutils_hack/override.py]
2025-10-23 22:26:09,932 DEBUG    root            Added [.gcloud/virtenv/lib/python3.12/site-packages/grpcio-1.76.0.dist-info/RECORD]
2025-10-23 22:26:09,933 DEBUG    root            Added [.gcloud/virtenv/lib/python3.12/site-packages/grpcio-1.76.0.dist-info/LICENSE]
2025-10-23 22:26:09,933 DEBUG    root            Added [.gcloud/virtenv/lib/python3.12/site-packages/grpcio-1.76.0.dist-info/WHEEL]
2025-10-23 22:26:09,934 DEBUG    root            Added [.gcloud/virtenv/lib/python3.12/site-packages/grpcio-1.76.0.dist-info/top_level.txt]
2025-10-23 22:26:09,934 DEBUG    root            Added [.gcloud/virtenv/lib/python3.12/site-packages/grpcio-1.76.0.dist-info/REQUESTED]
2025-10-23 22:26:09,934 DEBUG    root            Added [.gcloud/virtenv/lib/python3.12/site-packages/grpcio-1.76.0.dist-info/INSTALLER]
2025-10-23 22:26:09,934 DEBUG    root            Added [.gcloud/virtenv/lib/python3.12/site-packages/grpcio-1.76.0.dist-info/METADATA]
2025-10-23 22:26:09,934 DEBUG    root            Added [.gcloud/virtenv/lib/python3.12/site-packages/pyOpenSSL-24.2.1.dist-info/RECORD]
2025-10-23 22:26:09,934 DEBUG    root            Added [.gcloud/virtenv/lib/python3.12/site-packages/pyOpenSSL-24.2.1.dist-info/LICENSE]
2025-10-23 22:26:09,935 DEBUG    root            Added [.gcloud/virtenv/lib/python3.12/site-packages/pyOpenSSL-24.2.1.dist-info/WHEEL]
2025-10-23 22:26:09,935 DEBUG    root            Added [.gcloud/virtenv/lib/python3.12/site-packages/pyOpenSSL-24.2.1.dist-info/top_level.txt]
2025-10-23 22:26:09,936 DEBUG    root            Added [.gcloud/virtenv/lib/python3.12/site-packages/pyOpenSSL-24.2.1.dist-info/REQUESTED]
2025-10-23 22:26:09,936 DEBUG    root            Added [.gcloud/virtenv/lib/python3.12/site-packages/pyOpenSSL-24.2.1.dist-info/INSTALLER]
2025-10-23 22:26:09,936 DEBUG    root            Added [.gcloud/virtenv/lib/python3.12/site-packages/pyOpenSSL-24.2.1.dist-info/METADATA]
2025-10-23 22:26:09,936 DEBUG    root            Added [.gcloud/virtenv/lib/python3.12/site-packages/OpenSSL/version.py]
2025-10-23 22:26:09,936 DEBUG    root            Added [.gcloud/virtenv/lib/python3.12/site-packages/OpenSSL/__init__.py]
2025-10-23 22:26:09,936 DEBUG    root            Added [.gcloud/virtenv/lib/python3.12/site-packages/OpenSSL/rand.py]
2025-10-23 22:26:09,944 DEBUG    root            Added [.gcloud/virtenv/lib/python3.12/site-packages/OpenSSL/crypto.py]
2025-10-23 22:26:09,945 DEBUG    root            Added [.gcloud/virtenv/lib/python3.12/site-packages/OpenSSL/debug.py]
2025-10-23 22:26:09,945 DEBUG    root            Added [.gcloud/virtenv/lib/python3.12/site-packages/OpenSSL/_util.py]
2025-10-23 22:26:09,945 DEBUG    root            Added [.gcloud/virtenv/lib/python3.12/site-packages/OpenSSL/py.typed]
2025-10-23 22:26:09,952 DEBUG    root            Added [.gcloud/virtenv/lib/python3.12/site-packages/OpenSSL/SSL.py]
2025-10-23 22:26:09,952 DEBUG    root            Added [.gcloud/virtenv/lib/python3.12/site-packages/pycparser-2.23.dist-info/RECORD]
2025-10-23 22:26:09,954 DEBUG    root            Added [.gcloud/virtenv/lib/python3.12/site-packages/pycparser-2.23.dist-info/LICENSE]
2025-10-23 22:26:09,955 DEBUG    root            Added [.gcloud/virtenv/lib/python3.12/site-packages/pycparser-2.23.dist-info/WHEEL]
2025-10-23 22:26:09,955 DEBUG    root            Added [.gcloud/virtenv/lib/python3.12/site-packages/pycparser-2.23.dist-info/top_level.txt]
2025-10-23 22:26:09,955 DEBUG    root            Added [.gcloud/virtenv/lib/python3.12/site-packages/pycparser-2.23.dist-info/INSTALLER]
2025-10-23 22:26:09,955 DEBUG    root            Added [.gcloud/virtenv/lib/python3.12/site-packages/pycparser-2.23.dist-info/METADATA]
2025-10-23 22:26:09,955 DEBUG    root            Added [.gcloud/legacy_credentials/magnus.lundstein@kli.oslo.kommune.no/.boto]
2025-10-23 22:26:09,955 DEBUG    root            Added [.gcloud/legacy_credentials/magnus.lundstein@kli.oslo.kommune.no/adc.json]
2025-10-23 22:26:09,955 DEBUG    root            Added [deploy/gcp/cloudbuild.yaml]
2025-10-23 22:26:09,955 DEBUG    root            Added [deploy/gcp/cloudrun.yaml]
2025-10-23 22:26:09,956 DEBUG    root            Added [deploy/marvin/servicemonitor.yaml]
2025-10-23 22:26:09,957 DEBUG    root            Added [deploy/marvin/deployment.yaml]
2025-10-23 22:26:09,957 DEBUG    root            Added [deploy/marvin/kustomization.yaml]
2025-10-23 22:26:09,957 DEBUG    root            Added [deploy/marvin/service.yaml]
2025-10-23 22:26:09,957 DEBUG    root            Added [deploy/marvin/README.md]
2025-10-23 22:26:09,957 DEBUG    root            Added [deploy/marvin/namespace.yaml]
2025-10-23 22:26:09,957 DEBUG    root            Added [deploy/marvin/secretstore.yaml]
2025-10-23 22:26:09,957 DEBUG    root            Added [deploy/marvin/applicationset.yaml]
2025-10-23 22:26:09,957 DEBUG    root            Added [deploy/marvin/configmap.yaml]
2025-10-23 22:26:09,958 DEBUG    root            Added [deploy/marvin/externalsecret.yaml]
2025-10-23 22:26:09,958 DEBUG    root            Added [deploy/marvin/argocd-application.yaml]
2025-10-23 22:26:09,960 DEBUG    root            Added [Dokumentasjon/Brukerstøtte matrikkel API 3.docx]
2025-10-23 22:26:09,961 DEBUG    root            Added [Dokumentasjon/Brukerstøtte matrikkel API 2.docx]
2025-10-23 22:26:09,968 DEBUG    root            Added [Dokumentasjon/Brukerstøtte matrikkel API 5.docx]
2025-10-23 22:26:09,985 DEBUG    root            Added [Dokumentasjon/Brukerstøtte matrikkel API 1.rtf]
2025-10-23 22:26:10,004 DEBUG    root            Added [Dokumentasjon/Brukerstøtte matrikkel API 2.rtf]
2025-10-23 22:26:10,035 DEBUG    root            Added [Dokumentasjon/Brukerstøtte matrikkel API 3.rtf]
2025-10-23 22:26:10,055 DEBUG    root            Added [Dokumentasjon/Brukerstøtte matrikkel API 4.rtf]
2025-10-23 22:26:10,079 DEBUG    root            Added [Dokumentasjon/Brukerstøtte matrikkel API 5.rtf]
2025-10-23 22:26:10,081 DEBUG    root            Added [Dokumentasjon/Brukerstøtte matrikkel API 4.docx]
2025-10-23 22:26:10,083 DEBUG    root            Added [Dokumentasjon/APIs_ Details - Enova - Data- og API-portal.rtf]
2025-10-23 22:26:10,084 DEBUG    root            Added [Dokumentasjon/deploy-plan-gcp.md]
2025-10-23 22:26:10,086 DEBUG    root            Added [Dokumentasjon/Brukerstøtte matrikkel API 1.docx]
2025-10-23 22:26:10,088 DEBUG    root            Added [Dokumentasjon/APIs_ Details - Enova - Data- og API-portal.docx]
2025-10-23 22:26:10,088 DEBUG    root            Added [Dokumentasjon/Utvikling/prometheus-metrikker.md]
2025-10-23 22:26:10,090 DEBUG    root            Added [Dokumentasjon/Utvikling/refaktor-oversikt.md]
2025-10-23 22:26:10,090 DEBUG    root            Added [Dokumentasjon/Utvikling/refaktor-plan.rtf]
2025-10-23 22:26:10,090 DEBUG    root            Added [Overlevering/bygningstype-logikk-og-datakvalitet.md]
2025-10-23 22:26:10,091 DEBUG    root            Added [Overlevering/UI-prosess-dokumentasjon.md]
2025-10-23 22:26:10,091 DEBUG    root            Added [content/app.json]
2025-10-23 22:26:10,091 DEBUG    root            Added [server/index.ts]
2025-10-23 22:26:10,091 DEBUG    root            Added [public/vite.svg]
2025-10-23 22:26:10,092 DEBUG    root            Added [scripts/test-full-chain.ts]
2025-10-23 22:26:10,092 DEBUG    root            Added [scripts/testMatrikkel.cjs]
2025-10-23 22:26:10,092 DEBUG    root            Added [scripts/test-simple-address.ts]
2025-10-23 22:26:10,092 DEBUG    root            Added [scripts/test-kapellveien-156c-focused.ts]
2025-10-23 22:26:10,092 DEBUG    root            Added [scripts/test-testdata.ts]
2025-10-23 22:26:10,092 DEBUG    root            Added [scripts/test-contract-matrikkel.ts]
2025-10-23 22:26:10,092 DEBUG    root            Added [scripts/test-borettslag-strategy.ts]
2025-10-23 22:26:10,093 DEBUG    root            Added [scripts/test-single-improved.ts]
2025-10-23 22:26:10,093 DEBUG    root            Added [scripts/test-improved-selection-refactored.ts]
2025-10-23 22:26:10,094 DEBUG    root            Added [scripts/test-kapellveien-sections.ts]
2025-10-23 22:26:10,094 DEBUG    root            Added [scripts/test-section-lookup-fixed.ts]
2025-10-23 22:26:10,094 DEBUG    root            Added [scripts/test-final-accuracy.ts]
2025-10-23 22:26:10,094 DEBUG    root            Added [scripts/test-enova-lyseveien.ts]
2025-10-23 22:26:10,094 DEBUG    root            Added [scripts/test-single-address-improved.ts]
2025-10-23 22:26:10,095 DEBUG    root            Added [scripts/test-improved-with-env.ts]
2025-10-23 22:26:10,095 DEBUG    root            Added [scripts/compare-spreadsheet-api.js]
2025-10-23 22:26:10,096 DEBUG    root            Added [scripts/test-contract-resultAssembler.ts]
2025-10-23 22:26:10,096 DEBUG    root            Added [scripts/test-kjelsasveien-summary.ts]
2025-10-23 22:26:10,096 DEBUG    root            Added [scripts/test-kapellveien-seksjoner.ts]
2025-10-23 22:26:10,097 DEBUG    root            Added [scripts/dump-xml-for-analysis.ts]
2025-10-23 22:26:10,097 DEBUG    root            Added [scripts/test-api-vs-csv-buildings.ts]
2025-10-23 22:26:10,097 DEBUG    root            Added [scripts/test-improved-filtering.ts]
2025-10-23 22:26:10,097 DEBUG    root            Added [scripts/test-robust-selection-all-100.ts]
2025-10-23 22:26:10,098 DEBUG    root            Added [scripts/test-robust-section-logic.ts]
2025-10-23 22:26:10,098 DEBUG    root            Added [scripts/analyze-building-mismatches.ts]
2025-10-23 22:26:10,098 DEBUG    root            Added [scripts/compare-csv-api-building-numbers.ts]
2025-10-23 22:26:10,099 DEBUG    root            Added [scripts/test-matrikkel.ts]
2025-10-23 22:26:10,100 DEBUG    root            Added [scripts/test-utils.ts]
2025-10-23 22:26:10,100 DEBUG    root            Added [scripts/test-api-vs-csv-sample.ts]
2025-10-23 22:26:10,100 DEBUG    root            Added [scripts/test-kjelsasveien-97b-complete.ts]
2025-10-23 22:26:10,100 DEBUG    root            Added [scripts/test-store-object-types.ts]
2025-10-23 22:26:10,101 DEBUG    root            Added [scripts/test-kapellveien-156c-detailed.ts]
2025-10-23 22:26:10,101 DEBUG    root            Added [scripts/test-ombygdaar-storeservice.ts]
2025-10-23 22:26:10,101 DEBUG    root            Added [scripts/compare-csv-api-corrected.cjs]
2025-10-23 22:26:10,101 DEBUG    root            Added [scripts/analyze-building-types-simple.ts]
2025-10-23 22:26:10,101 DEBUG    root            Added [scripts/test-ombygdaar-getBygning.ts]
2025-10-23 22:26:10,102 DEBUG    root            Added [scripts/build-backend.mjs]
2025-10-23 22:26:10,102 DEBUG    root            Added [scripts/find-real-addresses.ts]
2025-10-23 22:26:10,103 DEBUG    root            Added [scripts/test-error-addresses.ts]
2025-10-23 22:26:10,103 DEBUG    root            Added [scripts/test-api-smoke.ts]
2025-10-23 22:26:10,103 DEBUG    root            Added [scripts/test-section-final.ts]
2025-10-23 22:26:10,103 DEBUG    root            Added [scripts/test-bygg.ts]
2025-10-23 22:26:10,104 DEBUG    root            Added [scripts/test-garage-filtering.ts]
2025-10-23 22:26:10,104 DEBUG    root            Added [scripts/test-matrikkel-sections.ts]
2025-10-23 22:26:10,104 DEBUG    root            Added [scripts/test-direct-testdata.ts]
2025-10-23 22:26:10,104 DEBUG    root            Added [scripts/analyze-remaining-errors.ts]
2025-10-23 22:26:10,104 DEBUG    root            Added [scripts/verify-kapellveien-total.ts]
2025-10-23 22:26:10,105 DEBUG    root            Added [scripts/test-improved-comprehensive.ts]
2025-10-23 22:26:10,106 DEBUG    root            Added [scripts/analyze-building-types-detailed.ts]
2025-10-23 22:26:10,106 DEBUG    root            Added [scripts/test-matrikkel-direct.ts]
2025-10-23 22:26:10,106 DEBUG    root            Added [scripts/test-156c-quick.ts]
2025-10-23 22:26:10,106 DEBUG    root            Added [scripts/test-adresse.ts]
2025-10-23 22:26:10,106 DEBUG    root            Added [scripts/test-pt-mallings-variations.ts]
2025-10-23 22:26:10,107 DEBUG    root            Added [scripts/compare-spreadsheet-api.cjs]
2025-10-23 22:26:10,107 DEBUG    root            Added [scripts/check-csv-vs-api-logic.cjs]
2025-10-23 22:26:10,107 DEBUG    root            Added [scripts/test-xml-parsing.ts]
2025-10-23 22:26:10,107 DEBUG    root            Added [scripts/test-kjelsasveien-seksjon2.ts]
2025-10-23 22:26:10,107 DEBUG    root            Added [scripts/test-fixed-error-addresses.ts]
2025-10-23 22:26:10,108 DEBUG    root            Added [scripts/verify-kapellveien-156c.ts]
2025-10-23 22:26:10,108 DEBUG    root            Added [scripts/test-all-100-addresses-improved.ts]
2025-10-23 22:26:10,109 DEBUG    root            Added [scripts/extract-residential-addresses.cjs]
2025-10-23 22:26:10,110 DEBUG    root            Added [scripts/test-e2e-building.ts]
2025-10-23 22:26:10,110 DEBUG    root            Added [scripts/test-fallanveien.ts]
2025-10-23 22:26:10,110 DEBUG    root            Added [scripts/test-improved-building-selection.ts]
2025-10-23 22:26:10,110 DEBUG    root            Added [scripts/start-ui-only.sh]
2025-10-23 22:26:10,110 DEBUG    root            Added [scripts/test-real-testdata.ts]
2025-10-23 22:26:10,110 DEBUG    root            Added [scripts/test-section-inference.ts]
2025-10-23 22:26:10,110 DEBUG    root            Added [scripts/cleanup-soap-dumps.ts]
2025-10-23 22:26:10,111 DEBUG    root            Added [scripts/test-known-addresses.ts]
2025-10-23 22:26:10,112 DEBUG    root            Added [scripts/test-seksjon-sammenligning.ts]
2025-10-23 22:26:10,112 DEBUG    root            Added [scripts/python/hent_alle_stotteordninger_api_google.py]
2025-10-23 22:26:10,112 DEBUG    root            Added [scripts/python/hent_stotteordninger_api_google.py]
2025-10-23 22:26:10,112 DEBUG    root            Added [scripts/python/stotteordning_cache.py]
2025-10-23 22:26:10,112 DEBUG    root            Added [scripts/python/__init__.py]
2025-10-23 22:26:10,113 DEBUG    root            Added [scripts/python/hent_stotteordninger_google.py]
2025-10-23 22:26:10,113 DEBUG    root            Added [scripts/python/hent_stotteordninger_direkte_google.py]
2025-10-23 22:26:10,113 DEBUG    root            Added [packages/config/src/runtime.ts]
2025-10-23 22:26:10,113 DEBUG    root            Added [packages/config/src/index.ts]
2025-10-23 22:26:10,114 DEBUG    root            Added [.github/CODEOWNERS]
2025-10-23 22:26:10,114 DEBUG    root            Added [.github/workflows/verify.yml]
2025-10-23 22:26:10,115 DEBUG    root            Added [data/generated/stotteordninger_data.json]
2025-10-23 22:26:10,116 DEBUG    root            Added [data/raw/(2) Matrise_Energitiltak og relevante støtteordninger.xlsx]
2025-10-23 22:26:10,116 DEBUG    root            Added [data/raw/energimerke-grenser.json]
2025-10-23 22:26:10,760 DEBUG    root            Added [data/raw/Matrikkel 2023.csv]
2025-10-23 22:26:10,760 DEBUG    root            Added [services/subsidy-service/index.js]
2025-10-23 22:26:10,760 DEBUG    root            Added [services/solar-service/index.js]
2025-10-23 22:26:10,761 DEBUG    root            Added [services/building-info-service/matrikkel.ts]
2025-10-23 22:26:10,763 DEBUG    root            Added [services/building-info-service/context.ts]
2025-10-23 22:26:10,763 DEBUG    root            Added [services/building-info-service/improved-building-selection.ts]
2025-10-23 22:26:10,763 DEBUG    root            Added [services/building-info-service/improved-building-selection-v2.ts]
2025-10-23 22:26:10,763 DEBUG    root            Added [services/building-info-service/index.ts]
2025-10-23 22:26:10,765 DEBUG    root            Added [services/building-info-service/resultAssembler.ts]
2025-10-23 22:26:10,765 DEBUG    root            Added [services/building-info-service/metrics.ts]
2025-10-23 22:26:10,765 DEBUG    root            Added [services/building-info-service/logging.ts]
2025-10-23 22:26:10,766 DEBUG    root            Added [src/App.tsx]
2025-10-23 22:26:10,767 DEBUG    root            Added [src/main.tsx]
2025-10-23 22:26:10,767 DEBUG    root            Added [src/runtimeConfig.ts]
2025-10-23 22:26:10,767 DEBUG    root            Added [src/api-server.ts]
2025-10-23 22:26:10,767 DEBUG    root            Added [src/punkt.scss]
2025-10-23 22:26:10,767 DEBUG    root            Added [src/index.css]
2025-10-23 22:26:10,768 DEBUG    root            Added [src/vite-env.d.ts]
2025-10-23 22:26:10,768 DEBUG    root            Added [src/clients/StoreClient.ts]
2025-10-23 22:26:10,769 DEBUG    root            Added [src/clients/MatrikkelClient.ts]
2025-10-23 22:26:10,769 DEBUG    root            Added [src/clients/adresseClient.ts]
2025-10-23 22:26:10,769 DEBUG    root            Added [src/clients/BruksenhetClient.ts]
2025-10-23 22:26:10,771 DEBUG    root            Added [src/clients/BygningClient.ts]
2025-10-23 22:26:10,771 DEBUG    root            Added [src/testData/theresegate44a.ts]
2025-10-23 22:26:10,771 DEBUG    root            Added [src/testData/lyseveien3.ts]
2025-10-23 22:26:10,771 DEBUG    root            Added [src/testData/theresegate11a.ts]
2025-10-23 22:26:10,771 DEBUG    root            Added [src/types/react-augmentations.d.ts]
2025-10-23 22:26:10,772 DEBUG    root            Added [src/types/energy.ts]
2025-10-23 22:26:10,773 DEBUG    root            Added [src/utils/bygningstypeMapping.ts]
2025-10-23 22:26:10,773 DEBUG    root            Added [src/utils/endpoints.ts]
2025-10-23 22:26:10,773 DEBUG    root            Added [src/utils/buildingTypeUtils.ts]
2025-10-23 22:26:10,773 DEBUG    root            Added [src/utils/tekEnergyCalculations.ts]
2025-10-23 22:26:10,773 DEBUG    root            Added [src/utils/soapDump.ts]
2025-10-23 22:26:10,774 DEBUG    root            Added [src/styles/components.css]
2025-10-23 22:26:10,774 DEBUG    root            Added [src/components/EnergyRatingCalculator.tsx]
2025-10-23 22:26:10,775 DEBUG    root            Added [src/components/ResultsTable.tsx]
2025-10-23 22:26:10,775 DEBUG    root            Added [src/components/ErrorDisplay.tsx]
2025-10-23 22:26:10,776 DEBUG    root            Added [src/components/FigmaMainScript.tsx]
2025-10-23 22:26:10,776 DEBUG    root            Added [src/components/LoadingSpinner.tsx]
2025-10-23 22:26:10,776 DEBUG    root            Added [src/components/GulListeStatus.tsx]
2025-10-23 22:26:10,778 DEBUG    root            Added [src/components/EnergyRatingEstimator.tsx]
2025-10-23 22:26:10,778 DEBUG    root            Added [src/components/AddressSearch.tsx]
2025-10-23 22:26:10,778 DEBUG    root            Added [src/components/FigmaBlokk/styles.ts]
2025-10-23 22:26:10,778 DEBUG    root            Added [src/components/FigmaBlokk/constants.ts]
2025-10-23 22:26:10,780 DEBUG    root            Added [src/components/FigmaBlokk/index.ts]
2025-10-23 22:26:10,780 DEBUG    root            Added [src/components/FigmaBlokk/animations.ts]
2025-10-23 22:26:10,780 DEBUG    root            Added [src/components/FigmaBlokk/utils/calculations.ts]
2025-10-23 22:26:10,781 DEBUG    root            Added [src/components/FigmaBlokk/components/EnergySolutionButtons.tsx]
2025-10-23 22:26:10,783 DEBUG    root            Added [src/components/FigmaBlokk/components/OsloSkyline.tsx]
2025-10-23 22:26:10,783 DEBUG    root            Added [src/components/FigmaBlokk/components/OsloLogo.tsx]
2025-10-23 22:26:10,783 DEBUG    root            Added [src/components/FigmaBlokk/components/LocationPin.tsx]
2025-10-23 22:26:10,786 DEBUG    root            Added [src/components/FigmaBlokk/components/WhiteInfoBox.tsx]
2025-10-23 22:26:10,787 DEBUG    root            Added [src/components/FigmaBlokk/components/Tiltak/index.tsx]
2025-10-23 22:26:10,790 DEBUG    root            Added [src/components/FigmaBlokk/components/Tiltak/UtskiftningAvVindu.tsx]
2025-10-23 22:26:10,793 DEBUG    root            Added [src/components/FigmaBlokk/components/Tiltak/IsoleringAvKjellerOgLoft.tsx]
2025-10-23 22:26:10,795 DEBUG    root            Added [src/components/FigmaBlokk/components/Tiltak/Temperaturstyring.tsx]
2025-10-23 22:26:10,797 DEBUG    root            Added [src/components/FigmaBlokk/components/Tiltak/shared.ts]
2025-10-23 22:26:10,798 DEBUG    root            Added [src/components/FigmaBlokk/components/Tiltak/Ventilasjon.tsx]
2025-10-23 22:26:10,798 DEBUG    root            Added [src/components/FigmaBlokk/components/Tiltak/fordelsbokser.tsx]
2025-10-23 22:26:10,802 DEBUG    root            Added [src/components/FigmaBlokk/components/Tiltak/Tetting.tsx]
2025-10-23 22:26:10,805 DEBUG    root            Added [src/components/FigmaBlokk/components/Tiltak/Varmepumpe.tsx]
2025-10-23 22:26:10,806 DEBUG    root            Added [src/components/FigmaBlokk/components/Tiltak/Solenergi.tsx]
2025-10-23 22:26:10,810 DEBUG    root            Added [src/components/FigmaBlokk/components/Tiltak/EtterisoleringYttervegg.tsx]
2025-10-23 22:26:10,814 DEBUG    root            Added [src/components/FigmaBlokk/components/Tiltak/GulListeTiltak/VentilasjonGul.tsx]
2025-10-23 22:26:10,815 DEBUG    root            Added [src/components/FigmaBlokk/components/Tiltak/GulListeTiltak/TemperaturstyringGul.tsx]
2025-10-23 22:26:10,818 DEBUG    root            Added [src/components/FigmaBlokk/components/Tiltak/GulListeTiltak/TettingGul.tsx]
2025-10-23 22:26:10,822 DEBUG    root            Added [src/components/FigmaBlokk/components/Tiltak/GulListeTiltak/VarmepumpeGul.tsx]
2025-10-23 22:26:10,827 DEBUG    root            Added [src/components/FigmaBlokk/components/Tiltak/GulListeTiltak/UtskiftningAvVinduGul.tsx]
2025-10-23 22:26:10,830 DEBUG    root            Added [src/components/FigmaBlokk/components/Tiltak/GulListeTiltak/EtterisoleringYtterveggGul.tsx]
2025-10-23 22:26:10,834 DEBUG    root            Added [src/components/FigmaBlokk/components/Tiltak/GulListeTiltak/SolenergiGul.tsx]
2025-10-23 22:26:10,838 DEBUG    root            Added [src/components/FigmaBlokk/components/Tiltak/GulListeTiltak/IsoleringAvKjellerOgLoftGul.tsx]
2025-10-23 22:26:10,838 DEBUG    root            Added [src/components/FigmaBlokk/components/ProsessenVidere/ProsessenVidere.tsx]
2025-10-23 22:26:10,838 DEBUG    root            Added [src/components/FigmaBlokk/components/ProsessenVidere/CircleWithHover.tsx]
2025-10-23 22:26:10,838 DEBUG    root            Added [src/components/FigmaBlokk/components/ProsessenVidere/index.ts]
2025-10-23 22:26:10,839 DEBUG    root            Added [src/components/FigmaBlokk/components/ProsessenVidere/Ikoner.tsx]
2025-10-23 22:26:10,839 DEBUG    root            Added [src/components/FigmaBlokk/components/ProsessenVidere/Ikoner/ProsessIkoner.tsx]
2025-10-23 22:26:10,839 DEBUG    root            Added [src/components/FigmaBlokk/components/ProsessenVidere/Ikoner/index.ts]
2025-10-23 22:26:10,839 DEBUG    root            Added [src/components/FigmaBlokk/hooks/useAddressCoordinates.ts]
2025-10-23 22:26:10,839 DEBUG    root            Added [src/components/FigmaBlokk/hooks/useAnimation.ts]
2025-10-23 22:26:10,840 DEBUG    root            Added [src/hooks/useFigmaAddressSearch.ts]
2025-10-23 22:26:10,841 DEBUG    root            Added [src/hooks/useGulListeStatus.ts]
2025-10-23 22:26:10,841 DEBUG    root            Added [src/hooks/useMatrikkelenheter.ts]
2025-10-23 22:26:10,841 DEBUG    root            Added [src/hooks/useEnergyRatingEstimator.ts]
2025-10-23 22:26:10,842 DEBUG    root            Added [src/api/gul-liste-endpoint.ts]
2025-10-23 22:26:10,843 DEBUG    root            Added [src/data/stotteordningData.js]
2025-10-23 22:26:10,843 DEBUG    root            Added [src/data/residential-building-cache.ts]
2025-10-23 22:26:10,843 DEBUG    root            Added [src/services/buildingApi.ts]
2025-10-23 22:26:10,843 DEBUG    root            Added [src/services/stotteordning-service.ts]
2025-10-23 22:26:10,844 DEBUG    root            Added [src/services/solarEnergyService.ts]
2025-10-23 22:26:10,844 DEBUG    root            Added [src/services/energyRatingService.ts]
2025-10-23 22:26:10,844 DEBUG    root            Added [src/services/gul-liste-service.ts]
2025-10-23 22:26:10,844 DEBUG    root            Added [src/services/csvService.ts]
2025-10-23 22:26:10,846 DEBUG    root            Added [src/services/gul-liste-integration.ts]
2025-10-23 22:26:10,846 INFO     ___FILE_ONLY___ Some files were not included in the source upload.

Check the gcloud log [/Users/magnuslundstein/PoC_Energir-dgivning/.gcloud/logs/2025.10.23/22.26.02.751325.log] to see which files and the contents of the
default gcloudignore file used (see `$ gcloud topic gcloudignore` to learn
more).


2025-10-23 22:26:10,846 INFO     ___FILE_ONLY___ Uploading tarball of [.] to [gs://energiverktoy-poc-1234_cloudbuild/source/1761251162.833086-27cbb0274ac64584933cc661874af846.tgz]

2025-10-23 22:26:10,847 INFO     root            Uploading [/var/folders/fd/pyhx78hn4wjbzcmyhc3d9w080000gn/T/tmpk_k5krhn/file.tgz] to [energiverktoy-poc-1234_cloudbuild/source/1761251162.833086-27cbb0274ac64584933cc661874af846.tgz]
2025-10-23 22:26:11,020 DEBUG    urllib3.connectionpool https://storage.googleapis.com:443 "POST /resumable/upload/storage/v1/b/energiverktoy-poc-1234_cloudbuild/o?alt=json&name=source%2F1761251162.833086-27cbb0274ac64584933cc661874af846.tgz&uploadType=resumable HTTP/1.1" 200 0
2025-10-23 22:26:33,908 DEBUG    urllib3.connectionpool https://storage.googleapis.com:443 "PUT /resumable/upload/storage/v1/b/energiverktoy-poc-1234_cloudbuild/o?alt=json&name=source%2F1761251162.833086-27cbb0274ac64584933cc661874af846.tgz&uploadType=resumable&upload_id=AAwnv3I9zzlKqdJqUKgD59bJyT0lnmVnd0iQ07BwJDYmx_cCY68-v2gA2x4bmysdWhvsyKRNy4A0TV3sT0Hk23Wjdl7xez_RO5noqEWKmZ9wi2E HTTP/1.1" 200 1081
2025-10-23 22:26:33,911 DEBUG    root            submitting build: <Build
 availableSecrets: <Secrets
 inline: []
 secretManager: [<SecretManagerSecret
 env: 'MATRIKKEL_USERNAME'
 versionName: 'projects/$PROJECT_ID/secrets/MATRIKKEL_USERNAME/versions/latest'>, <SecretManagerSecret
 env: 'MATRIKKEL_PASSWORD'
 versionName: 'projects/$PROJECT_ID/secrets/MATRIKKEL_PASSWORD/versions/latest'>, <SecretManagerSecret
 env: 'MATRIKKEL_USERNAME_TEST'
 versionName: 'projects/$PROJECT_ID/secrets/MATRIKKEL_USERNAME_TEST/versions/latest'>, <SecretManagerSecret
 env: 'MATRIKKEL_API_BASE_URL_TEST'
 versionName: 'projects/$PROJECT_ID/secrets/MATRIKKEL_API_BASE_URL_TEST/versions/latest'>, <SecretManagerSecret
 env: 'MATRIKKEL_API_BASE_URL_PROD'
 versionName: 'projects/$PROJECT_ID/secrets/MATRIKKEL_API_BASE_URL_PROD/versions/latest'>, <SecretManagerSecret
 env: 'MATRIKKEL_SNAPSHOT_VERSION'
 versionName: 'projects/$PROJECT_ID/secrets/MATRIKKEL_SNAPSHOT_VERSION/versions/latest'>, <SecretManagerSecret
 env: 'MATRIKKEL_SYSTEM_VERSION'
 versionName: 'projects/$PROJECT_ID/secrets/MATRIKKEL_SYSTEM_VERSION/versions/latest'>, <SecretManagerSecret
 env: 'ENOVA_API_KEY'
 versionName: 'projects/$PROJECT_ID/secrets/ENOVA_API_KEY/versions/latest'>, <SecretManagerSecret
 env: 'LIVE'
 versionName: 'projects/$PROJECT_ID/secrets/LIVE/versions/latest'>]>
 dependencies: []
 images: ['$_REGION-docker.pkg.dev/$PROJECT_ID/$_REPOSITORY/app:$_TAG']
 options: <BuildOptions
 env: []
 logging: LoggingValueValuesEnum(CLOUD_LOGGING_ONLY, 4)
 secretEnv: []
 sourceProvenanceHash: []
 volumes: []>
 secrets: []
 serviceAccount: 'projects/$PROJECT_ID/serviceAccounts/cloud-build@$PROJECT_ID.iam.gserviceaccount.com'
 source: <Source
 storageSource: <StorageSource
 bucket: 'energiverktoy-poc-1234_cloudbuild'
 generation: 1761251193754469
 object: 'source/1761251162.833086-27cbb0274ac64584933cc661874af846.tgz'>>
 steps: [<BuildStep
 allowExitCodes: []
 args: ['ci']
 env: []
 id: 'Install dependencies'
 name: 'gcr.io/cloud-builders/npm'
 results: []
 secretEnv: []
 volumes: []
 waitFor: []>, <BuildStep
 allowExitCodes: []
 args: ['run', 'verify']
 env: ['API_ENV=$_API_ENV']
 id: 'Verify'
 name: 'gcr.io/cloud-builders/npm'
 results: []
 secretEnv: ['MATRIKKEL_USERNAME', 'MATRIKKEL_PASSWORD', 'MATRIKKEL_USERNAME_TEST', 'MATRIKKEL_API_BASE_URL_TEST', 'MATRIKKEL_API_BASE_URL_PROD', 'MATRIKKEL_SNAPSHOT_VERSION', 'MATRIKKEL_SYSTEM_VERSION', 'ENOVA_API_KEY', 'LIVE']
 volumes: []
 waitFor: []>, <BuildStep
 allowExitCodes: []
 args: ['run', 'build:prod']
 env: []
 id: 'Build production bundle'
 name: 'gcr.io/cloud-builders/npm'
 results: []
 secretEnv: []
 volumes: []
 waitFor: []>, <BuildStep
 allowExitCodes: []
 args: ['-c', 'set -eo pipefail\nimage_uri="$_REGION-docker.pkg.dev/$PROJECT_ID/$_REPOSITORY/app:$_TAG"\necho "$image_uri" > /workspace/image-uri.txt\ndocker build --file Dockerfile --tag "$image_uri" .\n']
 entrypoint: 'bash'
 env: []
 id: 'Build container image'
 name: 'gcr.io/cloud-builders/docker'
 results: []
 secretEnv: []
 volumes: []
 waitFor: []>, <BuildStep
 allowExitCodes: []
 args: ['-c', 'set -eo pipefail\nimage_uri=$(cat /workspace/image-uri.txt)\ndocker push "$image_uri"\n']
 entrypoint: 'bash'
 env: []
 id: 'Push container image'
 name: 'gcr.io/cloud-builders/docker'
 results: []
 secretEnv: []
 volumes: []
 waitFor: []>, <BuildStep
 allowExitCodes: []
 args: ['-c', 'set -eo pipefail\nfrontend_bucket="$_FRONTEND_BUCKET"\ncontent_bucket="$_CONTENT_BUCKET"\ngsutil -m rsync -d -r dist "${frontend_bucket}"\ngsutil -m rsync -d -r content "${content_bucket}"\n']
 entrypoint: 'bash'
 env: []
 id: 'Sync frontend & content buckets'
 name: 'gcr.io/google.com/cloudsdktool/cloud-sdk'
 results: []
 secretEnv: []
 volumes: []
 waitFor: []>, <BuildStep
 allowExitCodes: []
 args: ['-c', 'set -eo pipefail\nimage_uri=$(cat /workspace/image-uri.txt)\nCLOUD_RUN_CONFIG="$_CLOUD_RUN_CONFIG"\nexport IMAGE_URI="$image_uri"\nexport PROJECT_ID="$PROJECT_ID"\nexport API_ENV="$_API_ENV"\nexport CLOUD_RUN_CONFIG\npython - <<\'PY\'\n  import os, pathlib\n  config_path = pathlib.Path(os.environ["CLOUD_RUN_CONFIG"])\n  content = config_path.read_text()\n  for placeholder, value in {\n      "__IMAGE_URI__": os.environ["IMAGE_URI"],\n      "__PROJECT_ID__": os.environ["PROJECT_ID"],\n      "__API_ENV__": os.environ["API_ENV"],\n  }.items():\n      content = content.replace(placeholder, value)\n  out_path = pathlib.Path("/workspace/cloudrun-rendered.yaml")\n  out_path.write_text(content)\n  print(content)\nPY\n']
 entrypoint: 'bash'
 env: []
 id: 'Render Cloud Run config'
 name: 'gcr.io/google.com/cloudsdktool/cloud-sdk'
 results: []
 secretEnv: []
 volumes: []
 waitFor: []>, <BuildStep
 allowExitCodes: []
 args: ['-c', 'set -eo pipefail\nif [[ "${_DEPLOY}" != "true" ]]; then\n  echo "Skipping Cloud Run deploy (DEPLOY=${_DEPLOY})."\n  exit 0\nfi\ngcloud run services replace /workspace/cloudrun-rendered.yaml --region "${_REGION}" --project "${PROJECT_ID}"\n']
 entrypoint: 'bash'
 env: []
 id: 'Deploy Cloud Run (conditional)'
 name: 'gcr.io/google.com/cloudsdktool/cloud-sdk'
 results: []
 secretEnv: []
 volumes: []
 waitFor: []>]
 substitutions: <SubstitutionsValue
 additionalProperties: [<AdditionalProperty
 key: '_API_ENV'
 value: 'test'>, <AdditionalProperty
 key: '_CLOUD_RUN_CONFIG'
 value: 'deploy/gcp/cloudrun.yaml'>, <AdditionalProperty
 key: '_CONTENT_BUCKET'
 value: 'gs://energinokkelen-content'>, <AdditionalProperty
 key: '_DEPLOY'
 value: 'false'>, <AdditionalProperty
 key: '_FRONTEND_BUCKET'
 value: 'gs://energinokkelen-frontend'>, <AdditionalProperty
 key: '_REGION'
 value: 'europe-north1'>, <AdditionalProperty
 key: '_REPOSITORY'
 value: 'energinokkelen'>, <AdditionalProperty
 key: '_TAG'
 value: 'manual-test'>]>
 tags: []
 warnings: []>
2025-10-23 22:26:33,918 DEBUG    urllib3.connectionpool Starting new HTTPS connection (1): cloudbuild.googleapis.com:443
2025-10-23 22:26:35,645 DEBUG    urllib3.connectionpool https://cloudbuild.googleapis.com:443 "POST /v1/projects/energiverktoy-poc-1234/locations/global/builds?alt=json HTTP/1.1" 200 None
2025-10-23 22:26:35,652 INFO     ___FILE_ONLY___ Created [https://cloudbuild.googleapis.com/v1/projects/energiverktoy-poc-1234/locations/global/builds/04a2b601-6744-4c4e-97f3-52beeded2012].

2025-10-23 22:26:35,652 INFO     ___FILE_ONLY___ Logs are available at [ https://console.cloud.google.com/cloud-build/builds/04a2b601-6744-4c4e-97f3-52beeded2012?project=168751968131 ].

2025-10-23 22:26:35,652 INFO     ___FILE_ONLY___ 
gcloud builds submit only displays logs from Cloud Storage. To view logs from Cloud Logging, run:
gcloud beta builds submit


2025-10-23 22:26:36,427 DEBUG    urllib3.connectionpool https://cloudbuild.googleapis.com:443 "GET /v1/projects/energiverktoy-poc-1234/locations/global/builds/04a2b601-6744-4c4e-97f3-52beeded2012?alt=json HTTP/1.1" 200 None
2025-10-23 22:26:36,430 INFO     root            Not streaming logs: requested logging mode is CLOUD_LOGGING_ONLY.
2025-10-23 22:26:36,430 INFO     ___FILE_ONLY___ Waiting for build to complete. Polling interval: 1 second(s).

2025-10-23 22:26:37,183 DEBUG    urllib3.connectionpool https://cloudbuild.googleapis.com:443 "GET /v1/projects/energiverktoy-poc-1234/locations/global/builds/04a2b601-6744-4c4e-97f3-52beeded2012?alt=json HTTP/1.1" 200 None
2025-10-23 22:26:38,945 DEBUG    urllib3.connectionpool https://cloudbuild.googleapis.com:443 "GET /v1/projects/energiverktoy-poc-1234/locations/global/builds/04a2b601-6744-4c4e-97f3-52beeded2012?alt=json HTTP/1.1" 200 None
2025-10-23 22:26:40,127 DEBUG    urllib3.connectionpool https://cloudbuild.googleapis.com:443 "GET /v1/projects/energiverktoy-poc-1234/locations/global/builds/04a2b601-6744-4c4e-97f3-52beeded2012?alt=json HTTP/1.1" 200 None
2025-10-23 22:26:41,995 DEBUG    urllib3.connectionpool https://cloudbuild.googleapis.com:443 "GET /v1/projects/energiverktoy-poc-1234/locations/global/builds/04a2b601-6744-4c4e-97f3-52beeded2012?alt=json HTTP/1.1" 200 None
2025-10-23 22:26:43,226 DEBUG    urllib3.connectionpool https://cloudbuild.googleapis.com:443 "GET /v1/projects/energiverktoy-poc-1234/locations/global/builds/04a2b601-6744-4c4e-97f3-52beeded2012?alt=json HTTP/1.1" 200 None
2025-10-23 22:26:44,984 DEBUG    urllib3.connectionpool https://cloudbuild.googleapis.com:443 "GET /v1/projects/energiverktoy-poc-1234/locations/global/builds/04a2b601-6744-4c4e-97f3-52beeded2012?alt=json HTTP/1.1" 200 None
2025-10-23 22:26:46,807 DEBUG    urllib3.connectionpool https://cloudbuild.googleapis.com:443 "GET /v1/projects/energiverktoy-poc-1234/locations/global/builds/04a2b601-6744-4c4e-97f3-52beeded2012?alt=json HTTP/1.1" 200 None
2025-10-23 22:26:48,570 DEBUG    urllib3.connectionpool https://cloudbuild.googleapis.com:443 "GET /v1/projects/energiverktoy-poc-1234/locations/global/builds/04a2b601-6744-4c4e-97f3-52beeded2012?alt=json HTTP/1.1" 200 None
2025-10-23 22:26:50,327 DEBUG    urllib3.connectionpool https://cloudbuild.googleapis.com:443 "GET /v1/projects/energiverktoy-poc-1234/locations/global/builds/04a2b601-6744-4c4e-97f3-52beeded2012?alt=json HTTP/1.1" 200 None
2025-10-23 22:26:51,640 DEBUG    urllib3.connectionpool https://cloudbuild.googleapis.com:443 "GET /v1/projects/energiverktoy-poc-1234/locations/global/builds/04a2b601-6744-4c4e-97f3-52beeded2012?alt=json HTTP/1.1" 200 None
2025-10-23 22:26:53,462 DEBUG    urllib3.connectionpool https://cloudbuild.googleapis.com:443 "GET /v1/projects/energiverktoy-poc-1234/locations/global/builds/04a2b601-6744-4c4e-97f3-52beeded2012?alt=json HTTP/1.1" 200 None
2025-10-23 22:26:54,644 DEBUG    urllib3.connectionpool https://cloudbuild.googleapis.com:443 "GET /v1/projects/energiverktoy-poc-1234/locations/global/builds/04a2b601-6744-4c4e-97f3-52beeded2012?alt=json HTTP/1.1" 200 None
2025-10-23 22:26:55,822 DEBUG    urllib3.connectionpool https://cloudbuild.googleapis.com:443 "GET /v1/projects/energiverktoy-poc-1234/locations/global/builds/04a2b601-6744-4c4e-97f3-52beeded2012?alt=json HTTP/1.1" 200 None
2025-10-23 22:26:57,005 DEBUG    urllib3.connectionpool https://cloudbuild.googleapis.com:443 "GET /v1/projects/energiverktoy-poc-1234/locations/global/builds/04a2b601-6744-4c4e-97f3-52beeded2012?alt=json HTTP/1.1" 200 None
2025-10-23 22:26:58,182 DEBUG    urllib3.connectionpool https://cloudbuild.googleapis.com:443 "GET /v1/projects/energiverktoy-poc-1234/locations/global/builds/04a2b601-6744-4c4e-97f3-52beeded2012?alt=json HTTP/1.1" 200 None
2025-10-23 22:26:59,372 DEBUG    urllib3.connectionpool https://cloudbuild.googleapis.com:443 "GET /v1/projects/energiverktoy-poc-1234/locations/global/builds/04a2b601-6744-4c4e-97f3-52beeded2012?alt=json HTTP/1.1" 200 None
2025-10-23 22:27:00,551 DEBUG    urllib3.connectionpool https://cloudbuild.googleapis.com:443 "GET /v1/projects/energiverktoy-poc-1234/locations/global/builds/04a2b601-6744-4c4e-97f3-52beeded2012?alt=json HTTP/1.1" 200 None
2025-10-23 22:27:02,317 DEBUG    urllib3.connectionpool https://cloudbuild.googleapis.com:443 "GET /v1/projects/energiverktoy-poc-1234/locations/global/builds/04a2b601-6744-4c4e-97f3-52beeded2012?alt=json HTTP/1.1" 200 None
2025-10-23 22:27:04,080 DEBUG    urllib3.connectionpool https://cloudbuild.googleapis.com:443 "GET /v1/projects/energiverktoy-poc-1234/locations/global/builds/04a2b601-6744-4c4e-97f3-52beeded2012?alt=json HTTP/1.1" 200 None
2025-10-23 22:27:05,265 DEBUG    urllib3.connectionpool https://cloudbuild.googleapis.com:443 "GET /v1/projects/energiverktoy-poc-1234/locations/global/builds/04a2b601-6744-4c4e-97f3-52beeded2012?alt=json HTTP/1.1" 200 None
2025-10-23 22:27:06,438 DEBUG    urllib3.connectionpool https://cloudbuild.googleapis.com:443 "GET /v1/projects/energiverktoy-poc-1234/locations/global/builds/04a2b601-6744-4c4e-97f3-52beeded2012?alt=json HTTP/1.1" 200 None
2025-10-23 22:27:07,608 DEBUG    urllib3.connectionpool https://cloudbuild.googleapis.com:443 "GET /v1/projects/energiverktoy-poc-1234/locations/global/builds/04a2b601-6744-4c4e-97f3-52beeded2012?alt=json HTTP/1.1" 200 None
2025-10-23 22:27:09,438 DEBUG    urllib3.connectionpool https://cloudbuild.googleapis.com:443 "GET /v1/projects/energiverktoy-poc-1234/locations/global/builds/04a2b601-6744-4c4e-97f3-52beeded2012?alt=json HTTP/1.1" 200 None
2025-10-23 22:27:11,206 DEBUG    urllib3.connectionpool https://cloudbuild.googleapis.com:443 "GET /v1/projects/energiverktoy-poc-1234/locations/global/builds/04a2b601-6744-4c4e-97f3-52beeded2012?alt=json HTTP/1.1" 200 None
2025-10-23 22:27:12,389 DEBUG    urllib3.connectionpool https://cloudbuild.googleapis.com:443 "GET /v1/projects/energiverktoy-poc-1234/locations/global/builds/04a2b601-6744-4c4e-97f3-52beeded2012?alt=json HTTP/1.1" 200 None
2025-10-23 22:27:13,572 DEBUG    urllib3.connectionpool https://cloudbuild.googleapis.com:443 "GET /v1/projects/energiverktoy-poc-1234/locations/global/builds/04a2b601-6744-4c4e-97f3-52beeded2012?alt=json HTTP/1.1" 200 None
2025-10-23 22:27:15,325 DEBUG    urllib3.connectionpool https://cloudbuild.googleapis.com:443 "GET /v1/projects/energiverktoy-poc-1234/locations/global/builds/04a2b601-6744-4c4e-97f3-52beeded2012?alt=json HTTP/1.1" 200 None
2025-10-23 22:27:16,505 DEBUG    urllib3.connectionpool https://cloudbuild.googleapis.com:443 "GET /v1/projects/energiverktoy-poc-1234/locations/global/builds/04a2b601-6744-4c4e-97f3-52beeded2012?alt=json HTTP/1.1" 200 None
2025-10-23 22:27:18,347 DEBUG    urllib3.connectionpool https://cloudbuild.googleapis.com:443 "GET /v1/projects/energiverktoy-poc-1234/locations/global/builds/04a2b601-6744-4c4e-97f3-52beeded2012?alt=json HTTP/1.1" 200 None
2025-10-23 22:27:20,103 DEBUG    urllib3.connectionpool https://cloudbuild.googleapis.com:443 "GET /v1/projects/energiverktoy-poc-1234/locations/global/builds/04a2b601-6744-4c4e-97f3-52beeded2012?alt=json HTTP/1.1" 200 None
2025-10-23 22:27:21,931 DEBUG    urllib3.connectionpool https://cloudbuild.googleapis.com:443 "GET /v1/projects/energiverktoy-poc-1234/locations/global/builds/04a2b601-6744-4c4e-97f3-52beeded2012?alt=json HTTP/1.1" 200 None
2025-10-23 22:27:23,775 DEBUG    urllib3.connectionpool https://cloudbuild.googleapis.com:443 "GET /v1/projects/energiverktoy-poc-1234/locations/global/builds/04a2b601-6744-4c4e-97f3-52beeded2012?alt=json HTTP/1.1" 200 None
2025-10-23 22:27:25,533 DEBUG    urllib3.connectionpool https://cloudbuild.googleapis.com:443 "GET /v1/projects/energiverktoy-poc-1234/locations/global/builds/04a2b601-6744-4c4e-97f3-52beeded2012?alt=json HTTP/1.1" 200 None
2025-10-23 22:27:27,360 DEBUG    urllib3.connectionpool https://cloudbuild.googleapis.com:443 "GET /v1/projects/energiverktoy-poc-1234/locations/global/builds/04a2b601-6744-4c4e-97f3-52beeded2012?alt=json HTTP/1.1" 200 None
2025-10-23 22:27:29,119 DEBUG    urllib3.connectionpool https://cloudbuild.googleapis.com:443 "GET /v1/projects/energiverktoy-poc-1234/locations/global/builds/04a2b601-6744-4c4e-97f3-52beeded2012?alt=json HTTP/1.1" 200 None
2025-10-23 22:27:30,882 DEBUG    urllib3.connectionpool https://cloudbuild.googleapis.com:443 "GET /v1/projects/energiverktoy-poc-1234/locations/global/builds/04a2b601-6744-4c4e-97f3-52beeded2012?alt=json HTTP/1.1" 200 None
2025-10-23 22:27:32,682 DEBUG    urllib3.connectionpool https://cloudbuild.googleapis.com:443 "GET /v1/projects/energiverktoy-poc-1234/locations/global/builds/04a2b601-6744-4c4e-97f3-52beeded2012?alt=json HTTP/1.1" 200 None
2025-10-23 22:27:33,872 DEBUG    urllib3.connectionpool https://cloudbuild.googleapis.com:443 "GET /v1/projects/energiverktoy-poc-1234/locations/global/builds/04a2b601-6744-4c4e-97f3-52beeded2012?alt=json HTTP/1.1" 200 None
2025-10-23 22:27:35,056 DEBUG    urllib3.connectionpool https://cloudbuild.googleapis.com:443 "GET /v1/projects/energiverktoy-poc-1234/locations/global/builds/04a2b601-6744-4c4e-97f3-52beeded2012?alt=json HTTP/1.1" 200 None
2025-10-23 22:27:36,247 DEBUG    urllib3.connectionpool https://cloudbuild.googleapis.com:443 "GET /v1/projects/energiverktoy-poc-1234/locations/global/builds/04a2b601-6744-4c4e-97f3-52beeded2012?alt=json HTTP/1.1" 200 None
2025-10-23 22:27:37,437 DEBUG    urllib3.connectionpool https://cloudbuild.googleapis.com:443 "GET /v1/projects/energiverktoy-poc-1234/locations/global/builds/04a2b601-6744-4c4e-97f3-52beeded2012?alt=json HTTP/1.1" 200 None
2025-10-23 22:27:38,641 DEBUG    urllib3.connectionpool https://cloudbuild.googleapis.com:443 "GET /v1/projects/energiverktoy-poc-1234/locations/global/builds/04a2b601-6744-4c4e-97f3-52beeded2012?alt=json HTTP/1.1" 200 None
2025-10-23 22:27:39,834 DEBUG    urllib3.connectionpool https://cloudbuild.googleapis.com:443 "GET /v1/projects/energiverktoy-poc-1234/locations/global/builds/04a2b601-6744-4c4e-97f3-52beeded2012?alt=json HTTP/1.1" 200 None
2025-10-23 22:27:41,607 DEBUG    urllib3.connectionpool https://cloudbuild.googleapis.com:443 "GET /v1/projects/energiverktoy-poc-1234/locations/global/builds/04a2b601-6744-4c4e-97f3-52beeded2012?alt=json HTTP/1.1" 200 None
2025-10-23 22:27:42,787 DEBUG    urllib3.connectionpool https://cloudbuild.googleapis.com:443 "GET /v1/projects/energiverktoy-poc-1234/locations/global/builds/04a2b601-6744-4c4e-97f3-52beeded2012?alt=json HTTP/1.1" 200 None
2025-10-23 22:27:44,551 DEBUG    urllib3.connectionpool https://cloudbuild.googleapis.com:443 "GET /v1/projects/energiverktoy-poc-1234/locations/global/builds/04a2b601-6744-4c4e-97f3-52beeded2012?alt=json HTTP/1.1" 200 None
2025-10-23 22:27:46,329 DEBUG    urllib3.connectionpool https://cloudbuild.googleapis.com:443 "GET /v1/projects/energiverktoy-poc-1234/locations/global/builds/04a2b601-6744-4c4e-97f3-52beeded2012?alt=json HTTP/1.1" 200 None
2025-10-23 22:27:47,520 DEBUG    urllib3.connectionpool https://cloudbuild.googleapis.com:443 "GET /v1/projects/energiverktoy-poc-1234/locations/global/builds/04a2b601-6744-4c4e-97f3-52beeded2012?alt=json HTTP/1.1" 200 None
2025-10-23 22:27:49,273 DEBUG    urllib3.connectionpool https://cloudbuild.googleapis.com:443 "GET /v1/projects/energiverktoy-poc-1234/locations/global/builds/04a2b601-6744-4c4e-97f3-52beeded2012?alt=json HTTP/1.1" 200 None
2025-10-23 22:27:50,461 DEBUG    urllib3.connectionpool https://cloudbuild.googleapis.com:443 "GET /v1/projects/energiverktoy-poc-1234/locations/global/builds/04a2b601-6744-4c4e-97f3-52beeded2012?alt=json HTTP/1.1" 200 None
2025-10-23 22:27:51,467 INFO     ___FILE_ONLY___ 
BUILD FAILURE: Build step failure: build step 1 "gcr.io/cloud-builders/npm" failed: step exited with non-zero status: 1

2025-10-23 22:27:51,467 DEBUG    root            (gcloud.builds.submit) build 04a2b601-6744-4c4e-97f3-52beeded2012 completed with status "FAILURE"
Traceback (most recent call last):
  File "/Users/magnuslundstein/Desktop/Innholdsproduksjon/Tjenester/Google Cloud/google-cloud-sdk/lib/googlecloudsdk/calliope/cli.py", line 944, in Execute
    resources = calliope_command.Run(cli=self, args=args)
                ^^^^^^^^^^^^^^^^^^^^^^^^^^^^^^^^^^^^^^^^^
  File "/Users/magnuslundstein/Desktop/Innholdsproduksjon/Tjenester/Google Cloud/google-cloud-sdk/lib/googlecloudsdk/calliope/backend.py", line 955, in Run
    resources = command_instance.Run(args)
                ^^^^^^^^^^^^^^^^^^^^^^^^^^
  File "/Users/magnuslundstein/Desktop/Innholdsproduksjon/Tjenester/Google Cloud/google-cloud-sdk/lib/surface/builds/submit.py", line 272, in Run
    build, _ = submit_util.Build(
               ^^^^^^^^^^^^^^^^^^
  File "/Users/magnuslundstein/Desktop/Innholdsproduksjon/Tjenester/Google Cloud/google-cloud-sdk/lib/googlecloudsdk/command_lib/builds/submit_util.py", line 940, in Build
    raise FailedBuildException(build)
googlecloudsdk.command_lib.builds.submit_util.FailedBuildException: build 04a2b601-6744-4c4e-97f3-52beeded2012 completed with status "FAILURE"
2025-10-23 22:27:51,469 ERROR    root            (gcloud.builds.submit) build 04a2b601-6744-4c4e-97f3-52beeded2012 completed with status "FAILURE"
2025-10-23 22:27:51,482 DEBUG    root            Metrics reporting process started...
